{"cameraMode":{"drawMode":0,"name":"Shaded","section":"Shading Mode"},"sceneLighting":false,"audioPlay":false,"sceneViewState":{"m_AlwaysRefresh":false,"showFog":true,"showSkybox":false,"showFlares":true,"showImageEffects":true,"showParticleSystems":true,"showVisualEffectGraphs":true,"m_FxEnabled":true},"in2DMode":false,"pivot":{"x":-95.30671691894531,"y":23.15481948852539,"z":-61.84716033935547},"rotation":{"x":-0.04379505664110184,"y":-0.005397450178861618,"z":0.00023672769020777196,"w":-0.999028205871582},"size":325.13507080078127,"orthographic":false}