Using pre-set license
Built from '2022.3/staging' branch; Version is '2022.3.60f1 (5f63fdee6d95) revision 6251517'; Using compiler version '192829333'; Build Type 'Release'
OS: 'Windows 11  (10.0.26100) 64bit Professional' Language: 'en' Physical Memory: 16221 MB
BatchMode: 1, IsHumanControllingUs: 0, StartBugReporterOnCrash: 0, Is64bit: 1, IsPro: 1

COMMAND LINE ARGUMENTS:
C:\Program Files\Unity\Hub\Editor\2022.3.60f1\Editor\Unity.exe
-adb2
-batchMode
-noUpm
-name
AssetImportWorker4
-projectPath
C:/Users/Admin/Documents/GitHub/SchmingusTCG/SchmingusTCG
-logFile
Logs/AssetImportWorker4.log
-srvPort
53808
Successfully changed project path to: C:/Users/Admin/Documents/GitHub/SchmingusTCG/SchmingusTCG
C:/Users/Admin/Documents/GitHub/SchmingusTCG/SchmingusTCG
[UnityMemory] Configuration Parameters - Can be set up in boot.config
    "memorysetup-bucket-allocator-granularity=16"
    "memorysetup-bucket-allocator-bucket-count=8"
    "memorysetup-bucket-allocator-block-size=33554432"
    "memorysetup-bucket-allocator-block-count=8"
    "memorysetup-main-allocator-block-size=16777216"
    "memorysetup-thread-allocator-block-size=16777216"
    "memorysetup-gfx-main-allocator-block-size=16777216"
    "memorysetup-gfx-thread-allocator-block-size=16777216"
    "memorysetup-cache-allocator-block-size=4194304"
    "memorysetup-typetree-allocator-block-size=2097152"
    "memorysetup-profiler-bucket-allocator-granularity=16"
    "memorysetup-profiler-bucket-allocator-bucket-count=8"
    "memorysetup-profiler-bucket-allocator-block-size=33554432"
    "memorysetup-profiler-bucket-allocator-block-count=8"
    "memorysetup-profiler-allocator-block-size=16777216"
    "memorysetup-profiler-editor-allocator-block-size=1048576"
    "memorysetup-temp-allocator-size-main=16777216"
    "memorysetup-job-temp-allocator-block-size=2097152"
    "memorysetup-job-temp-allocator-block-size-background=1048576"
    "memorysetup-job-temp-allocator-reduction-small-platforms=262144"
    "memorysetup-allocator-temp-initial-block-size-main=262144"
    "memorysetup-allocator-temp-initial-block-size-worker=262144"
    "memorysetup-temp-allocator-size-background-worker=32768"
    "memorysetup-temp-allocator-size-job-worker=262144"
    "memorysetup-temp-allocator-size-preload-manager=33554432"
    "memorysetup-temp-allocator-size-nav-mesh-worker=65536"
    "memorysetup-temp-allocator-size-audio-worker=65536"
    "memorysetup-temp-allocator-size-cloud-worker=32768"
    "memorysetup-temp-allocator-size-gi-baking-worker=262144"
    "memorysetup-temp-allocator-size-gfx=262144"
Player connection [110316]  Target information:

Player connection [110316]  * "[IP] 10.5.0.2 [Port] 0 [Flags] 2 [Guid] 3406766010 [EditorId] 3406766010 [Version] 1048832 [Id] WindowsEditor(7,H-PJ223-D2) [Debug] 1 [PackageName] WindowsEditor [ProjectName] Editor" 

Player connection [110316]  * "[IP] 172.30.25.176 [Port] 0 [Flags] 2 [Guid] 3406766010 [EditorId] 3406766010 [Version] 1048832 [Id] WindowsEditor(7,H-PJ223-D2) [Debug] 1 [PackageName] WindowsEditor [ProjectName] Editor" 

Player connection [110316] Host joined multi-casting on [225.0.0.222:54997]...
Player connection [110316] Host joined alternative multi-casting on [225.0.0.222:34997]...
Input System module state changed to: Initialized.
[PhysX] Initialized MultithreadedTaskDispatcher with 12 workers.
Refreshing native plugins compatible for Editor in 165.35 ms, found 3 plugins.
Preloading 0 native plugins for Editor in 0.00 ms.
Initialize engine version: 2022.3.60f1 (5f63fdee6d95)
[Subsystems] Discovering subsystems at path C:/Program Files/Unity/Hub/Editor/2022.3.60f1/Editor/Data/Resources/UnitySubsystems
[Subsystems] Discovering subsystems at path C:/Users/Admin/Documents/GitHub/SchmingusTCG/SchmingusTCG/Assets
GfxDevice: creating device client; threaded=0; jobified=0
Direct3D:
    Version:  Direct3D 11.0 [level 11.1]
    Renderer: AMD Radeon RX 6600 XT (ID=0x73ff)
    Vendor:   ATI
    VRAM:     8121 MB
    Driver:   32.0.13031.3015
Initialize mono
Mono path[0] = 'C:/Program Files/Unity/Hub/Editor/2022.3.60f1/Editor/Data/Managed'
Mono path[1] = 'C:/Program Files/Unity/Hub/Editor/2022.3.60f1/Editor/Data/MonoBleedingEdge/lib/mono/unityjit-win32'
Mono config path = 'C:/Program Files/Unity/Hub/Editor/2022.3.60f1/Editor/Data/MonoBleedingEdge/etc'
Using monoOptions --debugger-agent=transport=dt_socket,embedding=1,server=y,suspend=n,address=127.0.0.1:56160
Begin MonoManager ReloadAssembly
Registering precompiled unity dll's ...
Register platform support module: C:/Program Files/Unity/Hub/Editor/2022.3.60f1/Editor/Data/PlaybackEngines/WindowsStandaloneSupport/UnityEditor.WindowsStandalone.Extensions.dll
Registered in 0.007061 seconds.
- Loaded All Assemblies, in  0.416 seconds
Native extension for WindowsStandalone target not found
Mono: successfully reloaded assembly
- Finished resetting the current domain, in  0.360 seconds
Domain Reload Profiling: 774ms
	BeginReloadAssembly (111ms)
		ExecutionOrderSort (0ms)
		DisableScriptedObjects (0ms)
		BackupInstance (0ms)
		ReleaseScriptingObjects (0ms)
		CreateAndSetChildDomain (1ms)
	RebuildCommonClasses (38ms)
	RebuildNativeTypeToScriptingClass (10ms)
	initialDomainReloadingComplete (65ms)
	LoadAllAssembliesAndSetupDomain (190ms)
		LoadAssemblies (109ms)
		RebuildTransferFunctionScriptingTraits (0ms)
		AnalyzeDomain (188ms)
			TypeCache.Refresh (186ms)
				TypeCache.ScanAssembly (170ms)
			ScanForSourceGeneratedMonoScriptInfo (1ms)
			ResolveRequiredComponents (1ms)
	FinalizeReload (360ms)
		ReleaseScriptCaches (0ms)
		RebuildScriptCaches (0ms)
		SetupLoadedEditorAssemblies (306ms)
			LogAssemblyErrors (0ms)
			InitializePlatformSupportModulesInManaged (14ms)
			SetLoadedEditorAssemblies (11ms)
			RefreshPlugins (0ms)
			BeforeProcessingInitializeOnLoad (2ms)
			ProcessInitializeOnLoadAttributes (199ms)
			ProcessInitializeOnLoadMethodAttributes (79ms)
			AfterProcessingInitializeOnLoad (0ms)
			EditorAssembliesLoaded (0ms)
		ExecutionOrderSort2 (0ms)
		AwakeInstancesAfterBackupRestoration (0ms)
========================================================================
Worker process is ready to serve import requests
Caller must complete domain reload
Begin MonoManager ReloadAssembly
- Loaded All Assemblies, in  0.666 seconds
Native extension for WindowsStandalone target not found
Mono: successfully reloaded assembly
- Finished resetting the current domain, in  0.629 seconds
Domain Reload Profiling: 1293ms
	BeginReloadAssembly (141ms)
		ExecutionOrderSort (0ms)
		DisableScriptedObjects (5ms)
		BackupInstance (0ms)
		ReleaseScriptingObjects (0ms)
		CreateAndSetChildDomain (21ms)
	RebuildCommonClasses (30ms)
	RebuildNativeTypeToScriptingClass (10ms)
	initialDomainReloadingComplete (38ms)
	LoadAllAssembliesAndSetupDomain (444ms)
		LoadAssemblies (299ms)
		RebuildTransferFunctionScriptingTraits (0ms)
		AnalyzeDomain (225ms)
			TypeCache.Refresh (206ms)
				TypeCache.ScanAssembly (135ms)
			ScanForSourceGeneratedMonoScriptInfo (13ms)
			ResolveRequiredComponents (5ms)
	FinalizeReload (629ms)
		ReleaseScriptCaches (0ms)
		RebuildScriptCaches (0ms)
		SetupLoadedEditorAssemblies (497ms)
			LogAssemblyErrors (0ms)
			InitializePlatformSupportModulesInManaged (7ms)
			SetLoadedEditorAssemblies (5ms)
			RefreshPlugins (0ms)
			BeforeProcessingInitializeOnLoad (89ms)
			ProcessInitializeOnLoadAttributes (369ms)
			ProcessInitializeOnLoadMethodAttributes (21ms)
			AfterProcessingInitializeOnLoad (7ms)
			EditorAssembliesLoaded (0ms)
		ExecutionOrderSort2 (0ms)
		AwakeInstancesAfterBackupRestoration (6ms)
Launched and connected shader compiler UnityShaderCompiler.exe after 0.08 seconds
Refreshing native plugins compatible for Editor in 3.75 ms, found 3 plugins.
Preloading 0 native plugins for Editor in 0.00 ms.
Unloading 3156 Unused Serialized files (Serialized files now loaded: 0)
Unloading 19 unused Assets / (54.5 KB). Loaded Objects now: 3625.
Memory consumption went from 196.8 MB to 196.7 MB.
Total: 2.889600 ms (FindLiveObjects: 0.251600 ms CreateObjectMapping: 0.171300 ms MarkObjects: 2.384300 ms  DeleteObjects: 0.081200 ms)

AssetImportParameters requested are different than current active one (requested -> active):
  custom:scripting/monoscript/fileName/CFX_Demo_With_UIParticle.cs: 226f2c5431a3281109d962f41860d8fa -> 
  custom:scripting/monoscript/fileName/SpriteExtensions.cs: d15fc44627372ae38565323b74d7ae12 -> 
  custom:container-demuxer-ogg: 62fdf1f143b41e24485cea50d1cbac27 -> 
  custom:scripting/monoscript/fileName/UIParticle_PerformanceDemo.cs: 4f06c4b31cfbc934f9c8a4cffb890ea0 -> 
  custom:scripting/monoscript/fileName/UIParticleProjectSettings.cs: e67134131661b9872564981966bfc127 -> 
  custom:scripting/monoscript/fileName/UIParticle.cs: 2325898c5f7e7032e1304a953772e3db -> 
  custom:scripting/monoscript/fileName/Vector3Extensions.cs: d2785b660e92dd53626ae8ab3f74eb90 -> 
  custom:video-codec-MediaFoundation-h265: 746d11721c4dcdbdad8f713fa42b33f4 -> 
  custom:scripting/monoscript/fileName/UIExtraCallbacks.cs: 3d3413dbcd53c71899d73ab53a15ba37 -> 
  custom:video-decoder-ogg-theora: a1e56fd34408186e4bbccfd4996cb3dc -> 
  custom:scripting/monoscript/fileName/AnimatableProperty.cs: f35dc87c3f2df1477c8a408b8fbe37b5 -> 
  custom:scripting/monoscript/fileName/AnimatablePropertyEditor.cs: 1d03953670d8e406357019b192662737 -> 
  custom:scripting/monoscript/fileName/UIParticleMenu.cs: a4859bf31ac3affa2499cb7d11d0a844 -> 
  custom:framework-win-MediaFoundation: 216162199b28c13a410421893ffa2e32 -> 
  custom:scripting/monoscript/fileName/CanvasExtensions.cs: dd125fe003e3c2c37c4a99dbb0078950 -> 
  custom:scripting/monoscript/fileName/ComponentExtensions.cs: fb5af0f40f5d66304cb9361270b05072 -> 
  custom:scripting/monoscript/fileName/Logging.cs: 5f2ed8485a56b4e9e53aa65cdef27b10 -> 
  custom:CustomObjectIndexerAttribute: 9a22284fe3817be447336de3de66b15e -> 
  custom:container-demuxer-webm: 4f35f7cbe854078d1ac9338744f61a02 -> 
  custom:scripting/monoscript/fileName/FastAction.cs: 60eb5b7e04daf339f61dca5fd934100f -> dfbe75b66b645b53472915ad2590af11
  custom:scripting/monoscript/fileName/FrameCache.cs: 3dcf885da94f12c1b606c497e398faf9 -> 
  custom:scripting/monoscript/fileName/UIParticleEditor.cs: b6bdab8e4a72b4216e3f0c8f8ed45e99 -> 
  custom:container-muxer-webm: aa71ff27fc2769a1b78a27578f13a17b -> 
  custom:scripting/monoscript/fileName/ObjectRepository.cs: 0cdf409b5aa8d4c25876d72b5c6a3b60 -> 
  custom:scripting/monoscript/fileName/ObjectPool.cs: 0cdf409b5aa8d4c25876d72b5c6a3b60 -> 
  custom:video-decoder-webm-vp8: 9c59270c3fd7afecdb556c50c9e8de78 -> 
  custom:SearchIndexIgnoredProperties: e643bd26f0fe6173181afceb89e7c659 -> 
  custom:AudioImporter_EditorPlatform: d09bf68614088b80899f8185d706f6e7 -> 
  custom:scripting/monoscript/fileName/UIParticleAttractor.cs: 56646a28f8018ce8d626b6a0b28e5c77 -> 
  custom:scripting/monoscript/fileName/Color32Extensions.cs: 957a68f3e8b649a9394b51c6910ca65a -> 
  custom:scripting/monoscript/fileName/UIParticleRenderer.cs: e7d82b34b2b52af3ee36bf0e1f32e85d -> 
  custom:scripting/monoscript/fileName/UIParticleUpdater.cs: 64d938919628a112a7e9c9345f1ccb18 -> 
  custom:scripting/monoscript/fileName/NewTestScript.cs: 2eb4416447678e2004e156bd89cd8cbd -> 
  custom:scripting/monoscript/fileName/ParticleSystemExtensions.cs: a9d6841fd486ede512f2bde88014253e -> 
  custom:video-encoder-webm-vp8: eb34c28f22e8b96e1ab97ce403110664 -> 
  custom:audio-decoder-ogg-vorbis: bf7c407c2cedff20999df2af8eb42d56 -> 
  custom:scripting/monoscript/fileName/Misc.cs: 246d9d5aaf21070630ef885fe1125ea2 -> 7ed2e50827551a4e78c69f183dffa2c9
  custom:audio-encoder-webm-vorbis: bf7c407c2cedff20999df2af8eb42d56 -> 
  custom:scripting/monoscript/fileName/MaterialRepository.cs: 128c5f079d59296a900349dfa10fb5ae -> 
========================================================================
Received Prepare
Caller must complete domain reload
Begin MonoManager ReloadAssembly
- Loaded All Assemblies, in  0.501 seconds
Native extension for WindowsStandalone target not found
Mono: successfully reloaded assembly
- Finished resetting the current domain, in  1.054 seconds
Domain Reload Profiling: 1552ms
	BeginReloadAssembly (161ms)
		ExecutionOrderSort (0ms)
		DisableScriptedObjects (7ms)
		BackupInstance (0ms)
		ReleaseScriptingObjects (0ms)
		CreateAndSetChildDomain (36ms)
	RebuildCommonClasses (36ms)
	RebuildNativeTypeToScriptingClass (11ms)
	initialDomainReloadingComplete (34ms)
	LoadAllAssembliesAndSetupDomain (255ms)
		LoadAssemblies (328ms)
		RebuildTransferFunctionScriptingTraits (0ms)
		AnalyzeDomain (15ms)
			TypeCache.Refresh (5ms)
				TypeCache.ScanAssembly (0ms)
			ScanForSourceGeneratedMonoScriptInfo (0ms)
			ResolveRequiredComponents (7ms)
	FinalizeReload (1055ms)
		ReleaseScriptCaches (0ms)
		RebuildScriptCaches (0ms)
		SetupLoadedEditorAssemblies (527ms)
			LogAssemblyErrors (0ms)
			InitializePlatformSupportModulesInManaged (7ms)
			SetLoadedEditorAssemblies (5ms)
			RefreshPlugins (0ms)
			BeforeProcessingInitializeOnLoad (104ms)
			ProcessInitializeOnLoadAttributes (378ms)
			ProcessInitializeOnLoadMethodAttributes (24ms)
			AfterProcessingInitializeOnLoad (8ms)
			EditorAssembliesLoaded (0ms)
		ExecutionOrderSort2 (0ms)
		AwakeInstancesAfterBackupRestoration (7ms)
Refreshing native plugins compatible for Editor in 4.44 ms, found 3 plugins.
Preloading 0 native plugins for Editor in 0.00 ms.
Unloading 3135 Unused Serialized files (Serialized files now loaded: 0)
Unloading 14 unused Assets / (28.5 KB). Loaded Objects now: 3628.
Memory consumption went from 192.6 MB to 192.6 MB.
Total: 2.773900 ms (FindLiveObjects: 0.209200 ms CreateObjectMapping: 0.104500 ms MarkObjects: 2.417700 ms  DeleteObjects: 0.041500 ms)

Prepare: number of updated asset objects reloaded= 0
AssetImportParameters requested are different than current active one (requested -> active):
  custom:scripting/monoscript/fileName/CFX_Demo_With_UIParticle.cs: 226f2c5431a3281109d962f41860d8fa -> 
  custom:scripting/monoscript/fileName/SpriteExtensions.cs: d15fc44627372ae38565323b74d7ae12 -> 
  custom:container-demuxer-ogg: 62fdf1f143b41e24485cea50d1cbac27 -> 
  custom:scripting/monoscript/fileName/UIParticle_PerformanceDemo.cs: 4f06c4b31cfbc934f9c8a4cffb890ea0 -> 
  custom:scripting/monoscript/fileName/UIParticleProjectSettings.cs: e67134131661b9872564981966bfc127 -> 
  custom:scripting/monoscript/fileName/UIParticle.cs: 2325898c5f7e7032e1304a953772e3db -> 
  custom:scripting/monoscript/fileName/Vector3Extensions.cs: d2785b660e92dd53626ae8ab3f74eb90 -> 
  custom:video-codec-MediaFoundation-h265: 746d11721c4dcdbdad8f713fa42b33f4 -> 
  custom:scripting/monoscript/fileName/UIExtraCallbacks.cs: 3d3413dbcd53c71899d73ab53a15ba37 -> 
  custom:video-decoder-ogg-theora: a1e56fd34408186e4bbccfd4996cb3dc -> 
  custom:scripting/monoscript/fileName/AnimatableProperty.cs: f35dc87c3f2df1477c8a408b8fbe37b5 -> 
  custom:scripting/monoscript/fileName/AnimatablePropertyEditor.cs: 1d03953670d8e406357019b192662737 -> 
  custom:scripting/monoscript/fileName/UIParticleMenu.cs: a4859bf31ac3affa2499cb7d11d0a844 -> 
  custom:framework-win-MediaFoundation: 216162199b28c13a410421893ffa2e32 -> 
  custom:scripting/monoscript/fileName/CanvasExtensions.cs: dd125fe003e3c2c37c4a99dbb0078950 -> 
  custom:scripting/monoscript/fileName/ComponentExtensions.cs: fb5af0f40f5d66304cb9361270b05072 -> 
  custom:scripting/monoscript/fileName/Logging.cs: 5f2ed8485a56b4e9e53aa65cdef27b10 -> 
  custom:CustomObjectIndexerAttribute: 9a22284fe3817be447336de3de66b15e -> 
  custom:container-demuxer-webm: 4f35f7cbe854078d1ac9338744f61a02 -> 
  custom:scripting/monoscript/fileName/FastAction.cs: 60eb5b7e04daf339f61dca5fd934100f -> dfbe75b66b645b53472915ad2590af11
  custom:scripting/monoscript/fileName/FrameCache.cs: 3dcf885da94f12c1b606c497e398faf9 -> 
  custom:scripting/monoscript/fileName/UIParticleEditor.cs: b6bdab8e4a72b4216e3f0c8f8ed45e99 -> 
  custom:container-muxer-webm: aa71ff27fc2769a1b78a27578f13a17b -> 
  custom:scripting/monoscript/fileName/ObjectRepository.cs: 0cdf409b5aa8d4c25876d72b5c6a3b60 -> 
  custom:scripting/monoscript/fileName/ObjectPool.cs: 0cdf409b5aa8d4c25876d72b5c6a3b60 -> 
  custom:video-decoder-webm-vp8: 9c59270c3fd7afecdb556c50c9e8de78 -> 
  custom:SearchIndexIgnoredProperties: e643bd26f0fe6173181afceb89e7c659 -> 
  custom:AudioImporter_EditorPlatform: d09bf68614088b80899f8185d706f6e7 -> 
  custom:scripting/monoscript/fileName/UIParticleAttractor.cs: 56646a28f8018ce8d626b6a0b28e5c77 -> 
  custom:scripting/monoscript/fileName/Color32Extensions.cs: 957a68f3e8b649a9394b51c6910ca65a -> 
  custom:scripting/monoscript/fileName/UIParticleRenderer.cs: e7d82b34b2b52af3ee36bf0e1f32e85d -> 
  custom:scripting/monoscript/fileName/UIParticleUpdater.cs: 64d938919628a112a7e9c9345f1ccb18 -> 
  custom:scripting/monoscript/fileName/NewTestScript.cs: 2eb4416447678e2004e156bd89cd8cbd -> 
  custom:scripting/monoscript/fileName/ParticleSystemExtensions.cs: a9d6841fd486ede512f2bde88014253e -> 
  custom:video-encoder-webm-vp8: eb34c28f22e8b96e1ab97ce403110664 -> 
  custom:audio-decoder-ogg-vorbis: bf7c407c2cedff20999df2af8eb42d56 -> 
  custom:scripting/monoscript/fileName/Misc.cs: 246d9d5aaf21070630ef885fe1125ea2 -> 7ed2e50827551a4e78c69f183dffa2c9
  custom:audio-encoder-webm-vorbis: bf7c407c2cedff20999df2af8eb42d56 -> 
  custom:scripting/monoscript/fileName/MaterialRepository.cs: 128c5f079d59296a900349dfa10fb5ae -> 
========================================================================
Received Prepare
Caller must complete domain reload
Begin MonoManager ReloadAssembly
- Loaded All Assemblies, in  0.454 seconds
Native extension for WindowsStandalone target not found
Mono: successfully reloaded assembly
- Finished resetting the current domain, in  0.991 seconds
Domain Reload Profiling: 1442ms
	BeginReloadAssembly (148ms)
		ExecutionOrderSort (0ms)
		DisableScriptedObjects (5ms)
		BackupInstance (0ms)
		ReleaseScriptingObjects (0ms)
		CreateAndSetChildDomain (30ms)
	RebuildCommonClasses (33ms)
	RebuildNativeTypeToScriptingClass (11ms)
	initialDomainReloadingComplete (35ms)
	LoadAllAssembliesAndSetupDomain (225ms)
		LoadAssemblies (293ms)
		RebuildTransferFunctionScriptingTraits (0ms)
		AnalyzeDomain (14ms)
			TypeCache.Refresh (5ms)
				TypeCache.ScanAssembly (0ms)
			ScanForSourceGeneratedMonoScriptInfo (0ms)
			ResolveRequiredComponents (7ms)
	FinalizeReload (991ms)
		ReleaseScriptCaches (0ms)
		RebuildScriptCaches (0ms)
		SetupLoadedEditorAssemblies (481ms)
			LogAssemblyErrors (0ms)
			InitializePlatformSupportModulesInManaged (8ms)
			SetLoadedEditorAssemblies (5ms)
			RefreshPlugins (0ms)
			BeforeProcessingInitializeOnLoad (98ms)
			ProcessInitializeOnLoadAttributes (341ms)
			ProcessInitializeOnLoadMethodAttributes (22ms)
			AfterProcessingInitializeOnLoad (8ms)
			EditorAssembliesLoaded (0ms)
		ExecutionOrderSort2 (0ms)
		AwakeInstancesAfterBackupRestoration (6ms)
Refreshing native plugins compatible for Editor in 4.48 ms, found 3 plugins.
Preloading 0 native plugins for Editor in 0.00 ms.
Unloading 3135 Unused Serialized files (Serialized files now loaded: 0)
Unloading 14 unused Assets / (28.5 KB). Loaded Objects now: 3631.
Memory consumption went from 192.6 MB to 192.6 MB.
Total: 2.012700 ms (FindLiveObjects: 0.185100 ms CreateObjectMapping: 0.081000 ms MarkObjects: 1.714300 ms  DeleteObjects: 0.031400 ms)

Prepare: number of updated asset objects reloaded= 0
AssetImportParameters requested are different than current active one (requested -> active):
  custom:scripting/monoscript/fileName/CFX_Demo_With_UIParticle.cs: 226f2c5431a3281109d962f41860d8fa -> 
  custom:scripting/monoscript/fileName/SpriteExtensions.cs: d15fc44627372ae38565323b74d7ae12 -> 
  custom:container-demuxer-ogg: 62fdf1f143b41e24485cea50d1cbac27 -> 
  custom:scripting/monoscript/fileName/UIParticle_PerformanceDemo.cs: 4f06c4b31cfbc934f9c8a4cffb890ea0 -> 
  custom:scripting/monoscript/fileName/UIParticleProjectSettings.cs: e67134131661b9872564981966bfc127 -> 
  custom:scripting/monoscript/fileName/UIParticle.cs: 2325898c5f7e7032e1304a953772e3db -> 
  custom:scripting/monoscript/fileName/Vector3Extensions.cs: d2785b660e92dd53626ae8ab3f74eb90 -> 
  custom:video-codec-MediaFoundation-h265: 746d11721c4dcdbdad8f713fa42b33f4 -> 
  custom:scripting/monoscript/fileName/UIExtraCallbacks.cs: 3d3413dbcd53c71899d73ab53a15ba37 -> 
  custom:video-decoder-ogg-theora: a1e56fd34408186e4bbccfd4996cb3dc -> 
  custom:scripting/monoscript/fileName/AnimatableProperty.cs: f35dc87c3f2df1477c8a408b8fbe37b5 -> 
  custom:scripting/monoscript/fileName/AnimatablePropertyEditor.cs: 1d03953670d8e406357019b192662737 -> 
  custom:scripting/monoscript/fileName/UIParticleMenu.cs: a4859bf31ac3affa2499cb7d11d0a844 -> 
  custom:framework-win-MediaFoundation: 216162199b28c13a410421893ffa2e32 -> 
  custom:scripting/monoscript/fileName/CanvasExtensions.cs: dd125fe003e3c2c37c4a99dbb0078950 -> 
  custom:scripting/monoscript/fileName/ComponentExtensions.cs: fb5af0f40f5d66304cb9361270b05072 -> 
  custom:scripting/monoscript/fileName/Logging.cs: 5f2ed8485a56b4e9e53aa65cdef27b10 -> 
  custom:CustomObjectIndexerAttribute: 9a22284fe3817be447336de3de66b15e -> 
  custom:container-demuxer-webm: 4f35f7cbe854078d1ac9338744f61a02 -> 
  custom:scripting/monoscript/fileName/FastAction.cs: 60eb5b7e04daf339f61dca5fd934100f -> dfbe75b66b645b53472915ad2590af11
  custom:scripting/monoscript/fileName/FrameCache.cs: 3dcf885da94f12c1b606c497e398faf9 -> 
  custom:scripting/monoscript/fileName/UIParticleEditor.cs: b6bdab8e4a72b4216e3f0c8f8ed45e99 -> 
  custom:container-muxer-webm: aa71ff27fc2769a1b78a27578f13a17b -> 
  custom:scripting/monoscript/fileName/ObjectRepository.cs: 0cdf409b5aa8d4c25876d72b5c6a3b60 -> 
  custom:scripting/monoscript/fileName/ObjectPool.cs: 0cdf409b5aa8d4c25876d72b5c6a3b60 -> 
  custom:video-decoder-webm-vp8: 9c59270c3fd7afecdb556c50c9e8de78 -> 
  custom:SearchIndexIgnoredProperties: e643bd26f0fe6173181afceb89e7c659 -> 
  custom:AudioImporter_EditorPlatform: d09bf68614088b80899f8185d706f6e7 -> 
  custom:scripting/monoscript/fileName/UIParticleAttractor.cs: 56646a28f8018ce8d626b6a0b28e5c77 -> 
  custom:scripting/monoscript/fileName/Color32Extensions.cs: 957a68f3e8b649a9394b51c6910ca65a -> 
  custom:scripting/monoscript/fileName/UIParticleRenderer.cs: e7d82b34b2b52af3ee36bf0e1f32e85d -> 
  custom:scripting/monoscript/fileName/UIParticleUpdater.cs: 64d938919628a112a7e9c9345f1ccb18 -> 
  custom:scripting/monoscript/fileName/NewTestScript.cs: 2eb4416447678e2004e156bd89cd8cbd -> 
  custom:scripting/monoscript/fileName/ParticleSystemExtensions.cs: a9d6841fd486ede512f2bde88014253e -> 
  custom:video-encoder-webm-vp8: eb34c28f22e8b96e1ab97ce403110664 -> 
  custom:audio-decoder-ogg-vorbis: bf7c407c2cedff20999df2af8eb42d56 -> 
  custom:scripting/monoscript/fileName/Misc.cs: 246d9d5aaf21070630ef885fe1125ea2 -> 7ed2e50827551a4e78c69f183dffa2c9
  custom:audio-encoder-webm-vorbis: bf7c407c2cedff20999df2af8eb42d56 -> 
  custom:scripting/monoscript/fileName/MaterialRepository.cs: 128c5f079d59296a900349dfa10fb5ae -> 
========================================================================
Received Prepare
Caller must complete domain reload
Begin MonoManager ReloadAssembly
- Loaded All Assemblies, in  0.578 seconds
Native extension for WindowsStandalone target not found
Mono: successfully reloaded assembly
- Finished resetting the current domain, in  1.823 seconds
Domain Reload Profiling: 2398ms
	BeginReloadAssembly (154ms)
		ExecutionOrderSort (0ms)
		DisableScriptedObjects (6ms)
		BackupInstance (0ms)
		ReleaseScriptingObjects (0ms)
		CreateAndSetChildDomain (27ms)
	RebuildCommonClasses (39ms)
	RebuildNativeTypeToScriptingClass (12ms)
	initialDomainReloadingComplete (35ms)
	LoadAllAssembliesAndSetupDomain (335ms)
		LoadAssemblies (394ms)
		RebuildTransferFunctionScriptingTraits (0ms)
		AnalyzeDomain (29ms)
			TypeCache.Refresh (10ms)
				TypeCache.ScanAssembly (1ms)
			ScanForSourceGeneratedMonoScriptInfo (10ms)
			ResolveRequiredComponents (7ms)
	FinalizeReload (1823ms)
		ReleaseScriptCaches (0ms)
		RebuildScriptCaches (0ms)
		SetupLoadedEditorAssemblies (495ms)
			LogAssemblyErrors (0ms)
			InitializePlatformSupportModulesInManaged (8ms)
			SetLoadedEditorAssemblies (6ms)
			RefreshPlugins (0ms)
			BeforeProcessingInitializeOnLoad (96ms)
			ProcessInitializeOnLoadAttributes (359ms)
			ProcessInitializeOnLoadMethodAttributes (20ms)
			AfterProcessingInitializeOnLoad (6ms)
			EditorAssembliesLoaded (0ms)
		ExecutionOrderSort2 (0ms)
		AwakeInstancesAfterBackupRestoration (7ms)
Refreshing native plugins compatible for Editor in 3.36 ms, found 3 plugins.
Preloading 0 native plugins for Editor in 0.00 ms.
Unloading 3135 Unused Serialized files (Serialized files now loaded: 0)
Unloading 14 unused Assets / (28.5 KB). Loaded Objects now: 3634.
Memory consumption went from 192.6 MB to 192.6 MB.
Total: 2.245900 ms (FindLiveObjects: 0.183500 ms CreateObjectMapping: 0.076000 ms MarkObjects: 1.949200 ms  DeleteObjects: 0.036700 ms)

Prepare: number of updated asset objects reloaded= 0
AssetImportParameters requested are different than current active one (requested -> active):
  custom:scripting/monoscript/fileName/CFX_Demo_With_UIParticle.cs: 226f2c5431a3281109d962f41860d8fa -> 
  custom:scripting/monoscript/fileName/SpriteExtensions.cs: d15fc44627372ae38565323b74d7ae12 -> 
  custom:container-demuxer-ogg: 62fdf1f143b41e24485cea50d1cbac27 -> 
  custom:scripting/monoscript/fileName/UIParticle_PerformanceDemo.cs: 4f06c4b31cfbc934f9c8a4cffb890ea0 -> 
  custom:scripting/monoscript/fileName/UIParticleProjectSettings.cs: e67134131661b9872564981966bfc127 -> 
  custom:scripting/monoscript/fileName/UIParticle.cs: 2325898c5f7e7032e1304a953772e3db -> 
  custom:scripting/monoscript/fileName/Vector3Extensions.cs: d2785b660e92dd53626ae8ab3f74eb90 -> 
  custom:video-codec-MediaFoundation-h265: 746d11721c4dcdbdad8f713fa42b33f4 -> 
  custom:scripting/monoscript/fileName/UIExtraCallbacks.cs: 3d3413dbcd53c71899d73ab53a15ba37 -> 
  custom:video-decoder-ogg-theora: a1e56fd34408186e4bbccfd4996cb3dc -> 
  custom:scripting/monoscript/fileName/AnimatableProperty.cs: f35dc87c3f2df1477c8a408b8fbe37b5 -> 
  custom:scripting/monoscript/fileName/AnimatablePropertyEditor.cs: 1d03953670d8e406357019b192662737 -> 
  custom:scripting/monoscript/fileName/UIParticleMenu.cs: a4859bf31ac3affa2499cb7d11d0a844 -> 
  custom:framework-win-MediaFoundation: 216162199b28c13a410421893ffa2e32 -> 
  custom:scripting/monoscript/fileName/CanvasExtensions.cs: dd125fe003e3c2c37c4a99dbb0078950 -> 
  custom:scripting/monoscript/fileName/ComponentExtensions.cs: fb5af0f40f5d66304cb9361270b05072 -> 
  custom:scripting/monoscript/fileName/Logging.cs: 5f2ed8485a56b4e9e53aa65cdef27b10 -> 
  custom:CustomObjectIndexerAttribute: 9a22284fe3817be447336de3de66b15e -> 
  custom:container-demuxer-webm: 4f35f7cbe854078d1ac9338744f61a02 -> 
  custom:scripting/monoscript/fileName/FastAction.cs: 60eb5b7e04daf339f61dca5fd934100f -> dfbe75b66b645b53472915ad2590af11
  custom:scripting/monoscript/fileName/FrameCache.cs: 3dcf885da94f12c1b606c497e398faf9 -> 
  custom:scripting/monoscript/fileName/UIParticleEditor.cs: b6bdab8e4a72b4216e3f0c8f8ed45e99 -> 
  custom:container-muxer-webm: aa71ff27fc2769a1b78a27578f13a17b -> 
  custom:scripting/monoscript/fileName/ObjectRepository.cs: 0cdf409b5aa8d4c25876d72b5c6a3b60 -> 
  custom:scripting/monoscript/fileName/ObjectPool.cs: 0cdf409b5aa8d4c25876d72b5c6a3b60 -> 
  custom:video-decoder-webm-vp8: 9c59270c3fd7afecdb556c50c9e8de78 -> 
  custom:SearchIndexIgnoredProperties: e643bd26f0fe6173181afceb89e7c659 -> 
  custom:AudioImporter_EditorPlatform: d09bf68614088b80899f8185d706f6e7 -> 
  custom:scripting/monoscript/fileName/UIParticleAttractor.cs: 56646a28f8018ce8d626b6a0b28e5c77 -> 
  custom:scripting/monoscript/fileName/Color32Extensions.cs: 957a68f3e8b649a9394b51c6910ca65a -> 
  custom:scripting/monoscript/fileName/UIParticleRenderer.cs: e7d82b34b2b52af3ee36bf0e1f32e85d -> 
  custom:scripting/monoscript/fileName/UIParticleUpdater.cs: 64d938919628a112a7e9c9345f1ccb18 -> 
  custom:scripting/monoscript/fileName/NewTestScript.cs: 2eb4416447678e2004e156bd89cd8cbd -> 
  custom:scripting/monoscript/fileName/ParticleSystemExtensions.cs: a9d6841fd486ede512f2bde88014253e -> 
  custom:video-encoder-webm-vp8: eb34c28f22e8b96e1ab97ce403110664 -> 
  custom:audio-decoder-ogg-vorbis: bf7c407c2cedff20999df2af8eb42d56 -> 
  custom:scripting/monoscript/fileName/Misc.cs: 246d9d5aaf21070630ef885fe1125ea2 -> 7ed2e50827551a4e78c69f183dffa2c9
  custom:audio-encoder-webm-vorbis: bf7c407c2cedff20999df2af8eb42d56 -> 
  custom:scripting/monoscript/fileName/MaterialRepository.cs: 128c5f079d59296a900349dfa10fb5ae -> 
  custom:scripting/precompiled-assembly-types:Assembly-CSharp: 07e7dd28600559d92128d86ae33ef984 -> e39fd18ca0bed8fd7945fb9eec5095e0
========================================================================
Received Prepare
Caller must complete domain reload
Begin MonoManager ReloadAssembly
- Loaded All Assemblies, in  0.444 seconds
Native extension for WindowsStandalone target not found
Mono: successfully reloaded assembly
- Finished resetting the current domain, in  0.995 seconds
Domain Reload Profiling: 1436ms
	BeginReloadAssembly (145ms)
		ExecutionOrderSort (0ms)
		DisableScriptedObjects (6ms)
		BackupInstance (0ms)
		ReleaseScriptingObjects (0ms)
		CreateAndSetChildDomain (28ms)
	RebuildCommonClasses (35ms)
	RebuildNativeTypeToScriptingClass (11ms)
	initialDomainReloadingComplete (32ms)
	LoadAllAssembliesAndSetupDomain (216ms)
		LoadAssemblies (284ms)
		RebuildTransferFunctionScriptingTraits (0ms)
		AnalyzeDomain (13ms)
			TypeCache.Refresh (5ms)
				TypeCache.ScanAssembly (0ms)
			ScanForSourceGeneratedMonoScriptInfo (0ms)
			ResolveRequiredComponents (6ms)
	FinalizeReload (996ms)
		ReleaseScriptCaches (0ms)
		RebuildScriptCaches (0ms)
		SetupLoadedEditorAssemblies (490ms)
			LogAssemblyErrors (0ms)
			InitializePlatformSupportModulesInManaged (6ms)
			SetLoadedEditorAssemblies (5ms)
			RefreshPlugins (0ms)
			BeforeProcessingInitializeOnLoad (95ms)
			ProcessInitializeOnLoadAttributes (353ms)
			ProcessInitializeOnLoadMethodAttributes (22ms)
			AfterProcessingInitializeOnLoad (9ms)
			EditorAssembliesLoaded (0ms)
		ExecutionOrderSort2 (0ms)
		AwakeInstancesAfterBackupRestoration (6ms)
Refreshing native plugins compatible for Editor in 4.07 ms, found 3 plugins.
Preloading 0 native plugins for Editor in 0.00 ms.
Unloading 3135 Unused Serialized files (Serialized files now loaded: 0)
Unloading 14 unused Assets / (28.6 KB). Loaded Objects now: 3637.
Memory consumption went from 192.6 MB to 192.6 MB.
Total: 2.282500 ms (FindLiveObjects: 0.233100 ms CreateObjectMapping: 0.150900 ms MarkObjects: 1.866600 ms  DeleteObjects: 0.030900 ms)

Prepare: number of updated asset objects reloaded= 0
AssetImportParameters requested are different than current active one (requested -> active):
  custom:scripting/monoscript/fileName/CFX_Demo_With_UIParticle.cs: 226f2c5431a3281109d962f41860d8fa -> 
  custom:scripting/monoscript/fileName/SpriteExtensions.cs: d15fc44627372ae38565323b74d7ae12 -> 
  custom:container-demuxer-ogg: 62fdf1f143b41e24485cea50d1cbac27 -> 
  custom:scripting/monoscript/fileName/UIParticle_PerformanceDemo.cs: 4f06c4b31cfbc934f9c8a4cffb890ea0 -> 
  custom:scripting/monoscript/fileName/UIParticleProjectSettings.cs: e67134131661b9872564981966bfc127 -> 
  custom:scripting/monoscript/fileName/UIParticle.cs: 2325898c5f7e7032e1304a953772e3db -> 
  custom:scripting/monoscript/fileName/Vector3Extensions.cs: d2785b660e92dd53626ae8ab3f74eb90 -> 
  custom:video-codec-MediaFoundation-h265: 746d11721c4dcdbdad8f713fa42b33f4 -> 
  custom:scripting/monoscript/fileName/UIExtraCallbacks.cs: 3d3413dbcd53c71899d73ab53a15ba37 -> 
  custom:video-decoder-ogg-theora: a1e56fd34408186e4bbccfd4996cb3dc -> 
  custom:scripting/monoscript/fileName/AnimatableProperty.cs: f35dc87c3f2df1477c8a408b8fbe37b5 -> 
  custom:scripting/monoscript/fileName/AnimatablePropertyEditor.cs: 1d03953670d8e406357019b192662737 -> 
  custom:scripting/monoscript/fileName/UIParticleMenu.cs: a4859bf31ac3affa2499cb7d11d0a844 -> 
  custom:framework-win-MediaFoundation: 216162199b28c13a410421893ffa2e32 -> 
  custom:scripting/monoscript/fileName/CanvasExtensions.cs: dd125fe003e3c2c37c4a99dbb0078950 -> 
  custom:scripting/monoscript/fileName/ComponentExtensions.cs: fb5af0f40f5d66304cb9361270b05072 -> 
  custom:scripting/monoscript/fileName/Logging.cs: 5f2ed8485a56b4e9e53aa65cdef27b10 -> 
  custom:CustomObjectIndexerAttribute: 9a22284fe3817be447336de3de66b15e -> 
  custom:container-demuxer-webm: 4f35f7cbe854078d1ac9338744f61a02 -> 
  custom:scripting/monoscript/fileName/FastAction.cs: 60eb5b7e04daf339f61dca5fd934100f -> dfbe75b66b645b53472915ad2590af11
  custom:scripting/monoscript/fileName/FrameCache.cs: 3dcf885da94f12c1b606c497e398faf9 -> 
  custom:scripting/monoscript/fileName/UIParticleEditor.cs: b6bdab8e4a72b4216e3f0c8f8ed45e99 -> 
  custom:container-muxer-webm: aa71ff27fc2769a1b78a27578f13a17b -> 
  custom:scripting/monoscript/fileName/ObjectRepository.cs: 0cdf409b5aa8d4c25876d72b5c6a3b60 -> 
  custom:scripting/monoscript/fileName/ObjectPool.cs: 0cdf409b5aa8d4c25876d72b5c6a3b60 -> 
  custom:video-decoder-webm-vp8: 9c59270c3fd7afecdb556c50c9e8de78 -> 
  custom:SearchIndexIgnoredProperties: e643bd26f0fe6173181afceb89e7c659 -> 
  custom:AudioImporter_EditorPlatform: d09bf68614088b80899f8185d706f6e7 -> 
  custom:scripting/monoscript/fileName/UIParticleAttractor.cs: 56646a28f8018ce8d626b6a0b28e5c77 -> 
  custom:scripting/monoscript/fileName/Color32Extensions.cs: 957a68f3e8b649a9394b51c6910ca65a -> 
  custom:scripting/monoscript/fileName/UIParticleRenderer.cs: e7d82b34b2b52af3ee36bf0e1f32e85d -> 
  custom:scripting/monoscript/fileName/UIParticleUpdater.cs: 64d938919628a112a7e9c9345f1ccb18 -> 
  custom:scripting/monoscript/fileName/NewTestScript.cs: 2eb4416447678e2004e156bd89cd8cbd -> 
  custom:scripting/monoscript/fileName/ParticleSystemExtensions.cs: a9d6841fd486ede512f2bde88014253e -> 
  custom:video-encoder-webm-vp8: eb34c28f22e8b96e1ab97ce403110664 -> 
  custom:audio-decoder-ogg-vorbis: bf7c407c2cedff20999df2af8eb42d56 -> 
  custom:scripting/monoscript/fileName/Misc.cs: 246d9d5aaf21070630ef885fe1125ea2 -> 7ed2e50827551a4e78c69f183dffa2c9
  custom:audio-encoder-webm-vorbis: bf7c407c2cedff20999df2af8eb42d56 -> 
  custom:scripting/monoscript/fileName/MaterialRepository.cs: 128c5f079d59296a900349dfa10fb5ae -> 
  custom:scripting/precompiled-assembly-types:Assembly-CSharp: 07e7dd28600559d92128d86ae33ef984 -> e39fd18ca0bed8fd7945fb9eec5095e0
========================================================================
Received Import Request.
  Time since last request: 445927.884103 seconds.
  path: Assets/CardManager.cs
  artifactKey: Guid(d5e8615ce6e710847b07f65e0c6a783e) Importer(815301076,1909f56bfc062723c751e8b465ee728b)
Start importing Assets/CardManager.cs using Guid(d5e8615ce6e710847b07f65e0c6a783e) Importer(815301076,1909f56bfc062723c751e8b465ee728b) [PhysX] Initialized MultithreadedTaskDispatcher with 12 workers.
 -> (artifact id: 'a7764aaa33ebda5b82c82f9aee6589c5') in 0.001847 seconds
Number of updated asset objects reloaded before import = 0
Number of asset objects unloaded after import = 0
========================================================================
Received Import Request.
  Time since last request: 25.933259 seconds.
  path: Assets/CardManager.cs
  artifactKey: Guid(d5e8615ce6e710847b07f65e0c6a783e) Importer(815301076,1909f56bfc062723c751e8b465ee728b)
Start importing Assets/CardManager.cs using Guid(d5e8615ce6e710847b07f65e0c6a783e) Importer(815301076,1909f56bfc062723c751e8b465ee728b) [PhysX] Initialized MultithreadedTaskDispatcher with 12 workers.
 -> (artifact id: '7499d6d32dfc104c1bfd90f44b6d5471') in 0.000756 seconds
Number of updated asset objects reloaded before import = 0
Number of asset objects unloaded after import = 0
========================================================================
Received Prepare
Caller must complete domain reload
Begin MonoManager ReloadAssembly
- Loaded All Assemblies, in  0.476 seconds
Native extension for WindowsStandalone target not found
Mono: successfully reloaded assembly
- Finished resetting the current domain, in  1.023 seconds
Domain Reload Profiling: 1495ms
	BeginReloadAssembly (153ms)
		ExecutionOrderSort (0ms)
		DisableScriptedObjects (8ms)
		BackupInstance (0ms)
		ReleaseScriptingObjects (0ms)
		CreateAndSetChildDomain (29ms)
	RebuildCommonClasses (37ms)
	RebuildNativeTypeToScriptingClass (11ms)
	initialDomainReloadingComplete (31ms)
	LoadAllAssembliesAndSetupDomain (240ms)
		LoadAssemblies (302ms)
		RebuildTransferFunctionScriptingTraits (0ms)
		AnalyzeDomain (24ms)
			TypeCache.Refresh (8ms)
				TypeCache.ScanAssembly (1ms)
			ScanForSourceGeneratedMonoScriptInfo (9ms)
			ResolveRequiredComponents (5ms)
	FinalizeReload (1023ms)
		ReleaseScriptCaches (0ms)
		RebuildScriptCaches (0ms)
		SetupLoadedEditorAssemblies (525ms)
			LogAssemblyErrors (0ms)
			InitializePlatformSupportModulesInManaged (8ms)
			SetLoadedEditorAssemblies (7ms)
			RefreshPlugins (0ms)
			BeforeProcessingInitializeOnLoad (102ms)
			ProcessInitializeOnLoadAttributes (375ms)
			ProcessInitializeOnLoadMethodAttributes (24ms)
			AfterProcessingInitializeOnLoad (9ms)
			EditorAssembliesLoaded (0ms)
		ExecutionOrderSort2 (0ms)
		AwakeInstancesAfterBackupRestoration (5ms)
Refreshing native plugins compatible for Editor in 3.60 ms, found 3 plugins.
Preloading 0 native plugins for Editor in 0.00 ms.
Unloading 3134 Unused Serialized files (Serialized files now loaded: 0)
Unloading 14 unused Assets / (28.5 KB). Loaded Objects now: 3640.
Memory consumption went from 192.4 MB to 192.4 MB.
Total: 2.333700 ms (FindLiveObjects: 0.175900 ms CreateObjectMapping: 0.093300 ms MarkObjects: 2.022500 ms  DeleteObjects: 0.040900 ms)

Prepare: number of updated asset objects reloaded= 0
AssetImportParameters requested are different than current active one (requested -> active):
  custom:scripting/monoscript/fileName/CFX_Demo_With_UIParticle.cs: 226f2c5431a3281109d962f41860d8fa -> 
  custom:scripting/monoscript/fileName/SpriteExtensions.cs: d15fc44627372ae38565323b74d7ae12 -> 
  custom:container-demuxer-ogg: 62fdf1f143b41e24485cea50d1cbac27 -> 
  custom:scripting/monoscript/fileName/UIParticle_PerformanceDemo.cs: 4f06c4b31cfbc934f9c8a4cffb890ea0 -> 
  custom:scripting/monoscript/fileName/UIParticleProjectSettings.cs: e67134131661b9872564981966bfc127 -> 
  custom:scripting/monoscript/fileName/UIParticle.cs: 2325898c5f7e7032e1304a953772e3db -> 
  custom:scripting/monoscript/fileName/Vector3Extensions.cs: d2785b660e92dd53626ae8ab3f74eb90 -> 
  custom:video-codec-MediaFoundation-h265: 746d11721c4dcdbdad8f713fa42b33f4 -> 
  custom:scripting/monoscript/fileName/UIExtraCallbacks.cs: 3d3413dbcd53c71899d73ab53a15ba37 -> 
  custom:video-decoder-ogg-theora: a1e56fd34408186e4bbccfd4996cb3dc -> 
  custom:scripting/monoscript/fileName/AnimatableProperty.cs: f35dc87c3f2df1477c8a408b8fbe37b5 -> 
  custom:scripting/monoscript/fileName/AnimatablePropertyEditor.cs: 1d03953670d8e406357019b192662737 -> 
  custom:scripting/monoscript/fileName/UIParticleMenu.cs: a4859bf31ac3affa2499cb7d11d0a844 -> 
  custom:framework-win-MediaFoundation: 216162199b28c13a410421893ffa2e32 -> 
  custom:scripting/monoscript/fileName/CanvasExtensions.cs: dd125fe003e3c2c37c4a99dbb0078950 -> 
  custom:scripting/monoscript/fileName/ComponentExtensions.cs: fb5af0f40f5d66304cb9361270b05072 -> 
  custom:scripting/monoscript/fileName/Logging.cs: 5f2ed8485a56b4e9e53aa65cdef27b10 -> 
  custom:CustomObjectIndexerAttribute: 9a22284fe3817be447336de3de66b15e -> 
  custom:container-demuxer-webm: 4f35f7cbe854078d1ac9338744f61a02 -> 
  custom:scripting/monoscript/fileName/FastAction.cs: 60eb5b7e04daf339f61dca5fd934100f -> dfbe75b66b645b53472915ad2590af11
  custom:scripting/monoscript/fileName/FrameCache.cs: 3dcf885da94f12c1b606c497e398faf9 -> 
  custom:scripting/monoscript/fileName/UIParticleEditor.cs: b6bdab8e4a72b4216e3f0c8f8ed45e99 -> 
  custom:container-muxer-webm: aa71ff27fc2769a1b78a27578f13a17b -> 
  custom:scripting/monoscript/fileName/ObjectRepository.cs: 0cdf409b5aa8d4c25876d72b5c6a3b60 -> 
  custom:scripting/monoscript/fileName/ObjectPool.cs: 0cdf409b5aa8d4c25876d72b5c6a3b60 -> 
  custom:video-decoder-webm-vp8: 9c59270c3fd7afecdb556c50c9e8de78 -> 
  custom:SearchIndexIgnoredProperties: e643bd26f0fe6173181afceb89e7c659 -> 
  custom:AudioImporter_EditorPlatform: d09bf68614088b80899f8185d706f6e7 -> 
  custom:scripting/monoscript/fileName/UIParticleAttractor.cs: 56646a28f8018ce8d626b6a0b28e5c77 -> 
  custom:scripting/monoscript/fileName/Color32Extensions.cs: 957a68f3e8b649a9394b51c6910ca65a -> 
  custom:scripting/monoscript/fileName/UIParticleRenderer.cs: e7d82b34b2b52af3ee36bf0e1f32e85d -> 
  custom:scripting/monoscript/fileName/UIParticleUpdater.cs: 64d938919628a112a7e9c9345f1ccb18 -> 
  custom:scripting/monoscript/fileName/NewTestScript.cs: 2eb4416447678e2004e156bd89cd8cbd -> 
  custom:scripting/monoscript/fileName/ParticleSystemExtensions.cs: a9d6841fd486ede512f2bde88014253e -> 
  custom:video-encoder-webm-vp8: eb34c28f22e8b96e1ab97ce403110664 -> 
  custom:audio-decoder-ogg-vorbis: bf7c407c2cedff20999df2af8eb42d56 -> 
  custom:scripting/monoscript/fileName/Misc.cs: 246d9d5aaf21070630ef885fe1125ea2 -> 7ed2e50827551a4e78c69f183dffa2c9
  custom:audio-encoder-webm-vorbis: bf7c407c2cedff20999df2af8eb42d56 -> 
  custom:scripting/monoscript/fileName/MaterialRepository.cs: 128c5f079d59296a900349dfa10fb5ae -> 
  custom:scripting/precompiled-assembly-types:Assembly-CSharp: 07e7dd28600559d92128d86ae33ef984 -> e39fd18ca0bed8fd7945fb9eec5095e0
========================================================================
Received Prepare
Caller must complete domain reload
Begin MonoManager ReloadAssembly
- Loaded All Assemblies, in  0.455 seconds
Native extension for WindowsStandalone target not found
Mono: successfully reloaded assembly
- Finished resetting the current domain, in  1.042 seconds
Domain Reload Profiling: 1494ms
	BeginReloadAssembly (144ms)
		ExecutionOrderSort (0ms)
		DisableScriptedObjects (6ms)
		BackupInstance (0ms)
		ReleaseScriptingObjects (0ms)
		CreateAndSetChildDomain (26ms)
	RebuildCommonClasses (35ms)
	RebuildNativeTypeToScriptingClass (12ms)
	initialDomainReloadingComplete (29ms)
	LoadAllAssembliesAndSetupDomain (232ms)
		LoadAssemblies (299ms)
		RebuildTransferFunctionScriptingTraits (0ms)
		AnalyzeDomain (13ms)
			TypeCache.Refresh (5ms)
				TypeCache.ScanAssembly (0ms)
			ScanForSourceGeneratedMonoScriptInfo (0ms)
			ResolveRequiredComponents (6ms)
	FinalizeReload (1042ms)
		ReleaseScriptCaches (0ms)
		RebuildScriptCaches (0ms)
		SetupLoadedEditorAssemblies (499ms)
			LogAssemblyErrors (0ms)
			InitializePlatformSupportModulesInManaged (7ms)
			SetLoadedEditorAssemblies (6ms)
			RefreshPlugins (0ms)
			BeforeProcessingInitializeOnLoad (100ms)
			ProcessInitializeOnLoadAttributes (356ms)
			ProcessInitializeOnLoadMethodAttributes (22ms)
			AfterProcessingInitializeOnLoad (8ms)
			EditorAssembliesLoaded (0ms)
		ExecutionOrderSort2 (0ms)
		AwakeInstancesAfterBackupRestoration (6ms)
Refreshing native plugins compatible for Editor in 3.77 ms, found 3 plugins.
Preloading 0 native plugins for Editor in 0.00 ms.
Unloading 3135 Unused Serialized files (Serialized files now loaded: 0)
Unloading 14 unused Assets / (28.5 KB). Loaded Objects now: 3643.
Memory consumption went from 192.7 MB to 192.6 MB.
Total: 2.760400 ms (FindLiveObjects: 0.381300 ms CreateObjectMapping: 0.320700 ms MarkObjects: 1.996100 ms  DeleteObjects: 0.061200 ms)

Prepare: number of updated asset objects reloaded= 0
AssetImportParameters requested are different than current active one (requested -> active):
  custom:scripting/monoscript/fileName/CFX_Demo_With_UIParticle.cs: 226f2c5431a3281109d962f41860d8fa -> 
  custom:scripting/monoscript/fileName/SpriteExtensions.cs: d15fc44627372ae38565323b74d7ae12 -> 
  custom:container-demuxer-ogg: 62fdf1f143b41e24485cea50d1cbac27 -> 
  custom:scripting/monoscript/fileName/UIParticle_PerformanceDemo.cs: 4f06c4b31cfbc934f9c8a4cffb890ea0 -> 
  custom:scripting/monoscript/fileName/UIParticleProjectSettings.cs: e67134131661b9872564981966bfc127 -> 
  custom:scripting/monoscript/fileName/UIParticle.cs: 2325898c5f7e7032e1304a953772e3db -> 
  custom:scripting/monoscript/fileName/Vector3Extensions.cs: d2785b660e92dd53626ae8ab3f74eb90 -> 
  custom:video-codec-MediaFoundation-h265: 746d11721c4dcdbdad8f713fa42b33f4 -> 
  custom:scripting/monoscript/fileName/UIExtraCallbacks.cs: 3d3413dbcd53c71899d73ab53a15ba37 -> 
  custom:video-decoder-ogg-theora: a1e56fd34408186e4bbccfd4996cb3dc -> 
  custom:scripting/monoscript/fileName/AnimatableProperty.cs: f35dc87c3f2df1477c8a408b8fbe37b5 -> 
  custom:scripting/monoscript/fileName/AnimatablePropertyEditor.cs: 1d03953670d8e406357019b192662737 -> 
  custom:scripting/monoscript/fileName/UIParticleMenu.cs: a4859bf31ac3affa2499cb7d11d0a844 -> 
  custom:framework-win-MediaFoundation: 216162199b28c13a410421893ffa2e32 -> 
  custom:scripting/monoscript/fileName/CanvasExtensions.cs: dd125fe003e3c2c37c4a99dbb0078950 -> 
  custom:scripting/monoscript/fileName/ComponentExtensions.cs: fb5af0f40f5d66304cb9361270b05072 -> 
  custom:scripting/monoscript/fileName/Logging.cs: 5f2ed8485a56b4e9e53aa65cdef27b10 -> 
  custom:CustomObjectIndexerAttribute: 9a22284fe3817be447336de3de66b15e -> 
  custom:container-demuxer-webm: 4f35f7cbe854078d1ac9338744f61a02 -> 
  custom:scripting/monoscript/fileName/FastAction.cs: 60eb5b7e04daf339f61dca5fd934100f -> dfbe75b66b645b53472915ad2590af11
  custom:scripting/monoscript/fileName/FrameCache.cs: 3dcf885da94f12c1b606c497e398faf9 -> 
  custom:scripting/monoscript/fileName/UIParticleEditor.cs: b6bdab8e4a72b4216e3f0c8f8ed45e99 -> 
  custom:container-muxer-webm: aa71ff27fc2769a1b78a27578f13a17b -> 
  custom:scripting/monoscript/fileName/ObjectRepository.cs: 0cdf409b5aa8d4c25876d72b5c6a3b60 -> 
  custom:scripting/monoscript/fileName/ObjectPool.cs: 0cdf409b5aa8d4c25876d72b5c6a3b60 -> 
  custom:video-decoder-webm-vp8: 9c59270c3fd7afecdb556c50c9e8de78 -> 
  custom:SearchIndexIgnoredProperties: e643bd26f0fe6173181afceb89e7c659 -> 
  custom:AudioImporter_EditorPlatform: d09bf68614088b80899f8185d706f6e7 -> 
  custom:scripting/monoscript/fileName/UIParticleAttractor.cs: 56646a28f8018ce8d626b6a0b28e5c77 -> 
  custom:scripting/monoscript/fileName/Color32Extensions.cs: 957a68f3e8b649a9394b51c6910ca65a -> 
  custom:scripting/monoscript/fileName/UIParticleRenderer.cs: e7d82b34b2b52af3ee36bf0e1f32e85d -> 
  custom:scripting/monoscript/fileName/UIParticleUpdater.cs: 64d938919628a112a7e9c9345f1ccb18 -> 
  custom:scripting/monoscript/fileName/NewTestScript.cs: 2eb4416447678e2004e156bd89cd8cbd -> 
  custom:scripting/monoscript/fileName/ParticleSystemExtensions.cs: a9d6841fd486ede512f2bde88014253e -> 
  custom:video-encoder-webm-vp8: eb34c28f22e8b96e1ab97ce403110664 -> 
  custom:audio-decoder-ogg-vorbis: bf7c407c2cedff20999df2af8eb42d56 -> 
  custom:scripting/monoscript/fileName/Misc.cs: 246d9d5aaf21070630ef885fe1125ea2 -> 7ed2e50827551a4e78c69f183dffa2c9
  custom:audio-encoder-webm-vorbis: bf7c407c2cedff20999df2af8eb42d56 -> 
  custom:scripting/monoscript/fileName/MaterialRepository.cs: 128c5f079d59296a900349dfa10fb5ae -> 
  custom:scripting/precompiled-assembly-types:Assembly-CSharp: 07e7dd28600559d92128d86ae33ef984 -> e39fd18ca0bed8fd7945fb9eec5095e0
========================================================================
Received Prepare
Caller must complete domain reload
Begin MonoManager ReloadAssembly
- Loaded All Assemblies, in  0.504 seconds
Native extension for WindowsStandalone target not found
Mono: successfully reloaded assembly
- Finished resetting the current domain, in  1.494 seconds
Domain Reload Profiling: 1995ms
	BeginReloadAssembly (142ms)
		ExecutionOrderSort (0ms)
		DisableScriptedObjects (6ms)
		BackupInstance (0ms)
		ReleaseScriptingObjects (0ms)
		CreateAndSetChildDomain (25ms)
	RebuildCommonClasses (37ms)
	RebuildNativeTypeToScriptingClass (10ms)
	initialDomainReloadingComplete (28ms)
	LoadAllAssembliesAndSetupDomain (282ms)
		LoadAssemblies (348ms)
		RebuildTransferFunctionScriptingTraits (0ms)
		AnalyzeDomain (14ms)
			TypeCache.Refresh (5ms)
				TypeCache.ScanAssembly (0ms)
			ScanForSourceGeneratedMonoScriptInfo (0ms)
			ResolveRequiredComponents (7ms)
	FinalizeReload (1494ms)
		ReleaseScriptCaches (0ms)
		RebuildScriptCaches (0ms)
		SetupLoadedEditorAssemblies (482ms)
			LogAssemblyErrors (0ms)
			InitializePlatformSupportModulesInManaged (7ms)
			SetLoadedEditorAssemblies (5ms)
			RefreshPlugins (0ms)
			BeforeProcessingInitializeOnLoad (93ms)
			ProcessInitializeOnLoadAttributes (347ms)
			ProcessInitializeOnLoadMethodAttributes (23ms)
			AfterProcessingInitializeOnLoad (7ms)
			EditorAssembliesLoaded (0ms)
		ExecutionOrderSort2 (0ms)
		AwakeInstancesAfterBackupRestoration (6ms)
Refreshing native plugins compatible for Editor in 4.22 ms, found 3 plugins.
Preloading 0 native plugins for Editor in 0.00 ms.
Unloading 3135 Unused Serialized files (Serialized files now loaded: 0)
Unloading 14 unused Assets / (28.5 KB). Loaded Objects now: 3646.
Memory consumption went from 192.7 MB to 192.6 MB.
Total: 2.162000 ms (FindLiveObjects: 0.219000 ms CreateObjectMapping: 0.107800 ms MarkObjects: 1.787800 ms  DeleteObjects: 0.046300 ms)

Prepare: number of updated asset objects reloaded= 0
AssetImportParameters requested are different than current active one (requested -> active):
  custom:scripting/monoscript/fileName/CFX_Demo_With_UIParticle.cs: 226f2c5431a3281109d962f41860d8fa -> 
  custom:scripting/monoscript/fileName/SpriteExtensions.cs: d15fc44627372ae38565323b74d7ae12 -> 
  custom:container-demuxer-ogg: 62fdf1f143b41e24485cea50d1cbac27 -> 
  custom:scripting/monoscript/fileName/UIParticle_PerformanceDemo.cs: 4f06c4b31cfbc934f9c8a4cffb890ea0 -> 
  custom:scripting/monoscript/fileName/UIParticleProjectSettings.cs: e67134131661b9872564981966bfc127 -> 
  custom:scripting/monoscript/fileName/UIParticle.cs: 2325898c5f7e7032e1304a953772e3db -> 
  custom:scripting/monoscript/fileName/Vector3Extensions.cs: d2785b660e92dd53626ae8ab3f74eb90 -> 
  custom:video-codec-MediaFoundation-h265: 746d11721c4dcdbdad8f713fa42b33f4 -> 
  custom:scripting/monoscript/fileName/UIExtraCallbacks.cs: 3d3413dbcd53c71899d73ab53a15ba37 -> 
  custom:video-decoder-ogg-theora: a1e56fd34408186e4bbccfd4996cb3dc -> 
  custom:scripting/monoscript/fileName/AnimatableProperty.cs: f35dc87c3f2df1477c8a408b8fbe37b5 -> 
  custom:scripting/monoscript/fileName/AnimatablePropertyEditor.cs: 1d03953670d8e406357019b192662737 -> 
  custom:scripting/monoscript/fileName/UIParticleMenu.cs: a4859bf31ac3affa2499cb7d11d0a844 -> 
  custom:framework-win-MediaFoundation: 216162199b28c13a410421893ffa2e32 -> 
  custom:scripting/monoscript/fileName/CanvasExtensions.cs: dd125fe003e3c2c37c4a99dbb0078950 -> 
  custom:scripting/monoscript/fileName/ComponentExtensions.cs: fb5af0f40f5d66304cb9361270b05072 -> 
  custom:scripting/monoscript/fileName/Logging.cs: 5f2ed8485a56b4e9e53aa65cdef27b10 -> 
  custom:CustomObjectIndexerAttribute: 9a22284fe3817be447336de3de66b15e -> 
  custom:container-demuxer-webm: 4f35f7cbe854078d1ac9338744f61a02 -> 
  custom:scripting/monoscript/fileName/FastAction.cs: 60eb5b7e04daf339f61dca5fd934100f -> dfbe75b66b645b53472915ad2590af11
  custom:scripting/monoscript/fileName/FrameCache.cs: 3dcf885da94f12c1b606c497e398faf9 -> 
  custom:scripting/monoscript/fileName/UIParticleEditor.cs: b6bdab8e4a72b4216e3f0c8f8ed45e99 -> 
  custom:container-muxer-webm: aa71ff27fc2769a1b78a27578f13a17b -> 
  custom:scripting/monoscript/fileName/ObjectRepository.cs: 0cdf409b5aa8d4c25876d72b5c6a3b60 -> 
  custom:scripting/monoscript/fileName/ObjectPool.cs: 0cdf409b5aa8d4c25876d72b5c6a3b60 -> 
  custom:video-decoder-webm-vp8: 9c59270c3fd7afecdb556c50c9e8de78 -> 
  custom:SearchIndexIgnoredProperties: e643bd26f0fe6173181afceb89e7c659 -> 
  custom:AudioImporter_EditorPlatform: d09bf68614088b80899f8185d706f6e7 -> 
  custom:scripting/monoscript/fileName/UIParticleAttractor.cs: 56646a28f8018ce8d626b6a0b28e5c77 -> 
  custom:scripting/monoscript/fileName/Color32Extensions.cs: 957a68f3e8b649a9394b51c6910ca65a -> 
  custom:scripting/monoscript/fileName/UIParticleRenderer.cs: e7d82b34b2b52af3ee36bf0e1f32e85d -> 
  custom:scripting/monoscript/fileName/UIParticleUpdater.cs: 64d938919628a112a7e9c9345f1ccb18 -> 
  custom:scripting/monoscript/fileName/NewTestScript.cs: 2eb4416447678e2004e156bd89cd8cbd -> 
  custom:scripting/monoscript/fileName/ParticleSystemExtensions.cs: a9d6841fd486ede512f2bde88014253e -> 
  custom:video-encoder-webm-vp8: eb34c28f22e8b96e1ab97ce403110664 -> 
  custom:audio-decoder-ogg-vorbis: bf7c407c2cedff20999df2af8eb42d56 -> 
  custom:scripting/monoscript/fileName/Misc.cs: 246d9d5aaf21070630ef885fe1125ea2 -> 7ed2e50827551a4e78c69f183dffa2c9
  custom:audio-encoder-webm-vorbis: bf7c407c2cedff20999df2af8eb42d56 -> 
  custom:scripting/monoscript/fileName/MaterialRepository.cs: 128c5f079d59296a900349dfa10fb5ae -> 
  custom:scripting/precompiled-assembly-types:Assembly-CSharp: 07e7dd28600559d92128d86ae33ef984 -> e39fd18ca0bed8fd7945fb9eec5095e0
========================================================================
Received Prepare
Caller must complete domain reload
Begin MonoManager ReloadAssembly
- Loaded All Assemblies, in  0.440 seconds
Native extension for WindowsStandalone target not found
Mono: successfully reloaded assembly
- Finished resetting the current domain, in  1.001 seconds
Domain Reload Profiling: 1438ms
	BeginReloadAssembly (144ms)
		ExecutionOrderSort (0ms)
		DisableScriptedObjects (5ms)
		BackupInstance (0ms)
		ReleaseScriptingObjects (0ms)
		CreateAndSetChildDomain (27ms)
	RebuildCommonClasses (33ms)
	RebuildNativeTypeToScriptingClass (10ms)
	initialDomainReloadingComplete (30ms)
	LoadAllAssembliesAndSetupDomain (220ms)
		LoadAssemblies (286ms)
		RebuildTransferFunctionScriptingTraits (0ms)
		AnalyzeDomain (13ms)
			TypeCache.Refresh (5ms)
				TypeCache.ScanAssembly (0ms)
			ScanForSourceGeneratedMonoScriptInfo (0ms)
			ResolveRequiredComponents (6ms)
	FinalizeReload (1001ms)
		ReleaseScriptCaches (0ms)
		RebuildScriptCaches (0ms)
		SetupLoadedEditorAssemblies (486ms)
			LogAssemblyErrors (0ms)
			InitializePlatformSupportModulesInManaged (7ms)
			SetLoadedEditorAssemblies (6ms)
			RefreshPlugins (0ms)
			BeforeProcessingInitializeOnLoad (95ms)
			ProcessInitializeOnLoadAttributes (347ms)
			ProcessInitializeOnLoadMethodAttributes (22ms)
			AfterProcessingInitializeOnLoad (9ms)
			EditorAssembliesLoaded (0ms)
		ExecutionOrderSort2 (0ms)
		AwakeInstancesAfterBackupRestoration (6ms)
Refreshing native plugins compatible for Editor in 3.81 ms, found 3 plugins.
Preloading 0 native plugins for Editor in 0.00 ms.
Unloading 3135 Unused Serialized files (Serialized files now loaded: 0)
Unloading 14 unused Assets / (28.5 KB). Loaded Objects now: 3649.
Memory consumption went from 192.7 MB to 192.6 MB.
Total: 2.866800 ms (FindLiveObjects: 0.190700 ms CreateObjectMapping: 0.093500 ms MarkObjects: 2.542600 ms  DeleteObjects: 0.038600 ms)

Prepare: number of updated asset objects reloaded= 0
AssetImportParameters requested are different than current active one (requested -> active):
  custom:scripting/monoscript/fileName/CFX_Demo_With_UIParticle.cs: 226f2c5431a3281109d962f41860d8fa -> 
  custom:scripting/monoscript/fileName/SpriteExtensions.cs: d15fc44627372ae38565323b74d7ae12 -> 
  custom:container-demuxer-ogg: 62fdf1f143b41e24485cea50d1cbac27 -> 
  custom:scripting/monoscript/fileName/UIParticle_PerformanceDemo.cs: 4f06c4b31cfbc934f9c8a4cffb890ea0 -> 
  custom:scripting/monoscript/fileName/UIParticleProjectSettings.cs: e67134131661b9872564981966bfc127 -> 
  custom:scripting/monoscript/fileName/UIParticle.cs: 2325898c5f7e7032e1304a953772e3db -> 
  custom:scripting/monoscript/fileName/Vector3Extensions.cs: d2785b660e92dd53626ae8ab3f74eb90 -> 
  custom:video-codec-MediaFoundation-h265: 746d11721c4dcdbdad8f713fa42b33f4 -> 
  custom:scripting/monoscript/fileName/UIExtraCallbacks.cs: 3d3413dbcd53c71899d73ab53a15ba37 -> 
  custom:video-decoder-ogg-theora: a1e56fd34408186e4bbccfd4996cb3dc -> 
  custom:scripting/monoscript/fileName/AnimatableProperty.cs: f35dc87c3f2df1477c8a408b8fbe37b5 -> 
  custom:scripting/monoscript/fileName/AnimatablePropertyEditor.cs: 1d03953670d8e406357019b192662737 -> 
  custom:scripting/monoscript/fileName/UIParticleMenu.cs: a4859bf31ac3affa2499cb7d11d0a844 -> 
  custom:framework-win-MediaFoundation: 216162199b28c13a410421893ffa2e32 -> 
  custom:scripting/monoscript/fileName/CanvasExtensions.cs: dd125fe003e3c2c37c4a99dbb0078950 -> 
  custom:scripting/monoscript/fileName/ComponentExtensions.cs: fb5af0f40f5d66304cb9361270b05072 -> 
  custom:scripting/monoscript/fileName/Logging.cs: 5f2ed8485a56b4e9e53aa65cdef27b10 -> 
  custom:CustomObjectIndexerAttribute: 9a22284fe3817be447336de3de66b15e -> 
  custom:container-demuxer-webm: 4f35f7cbe854078d1ac9338744f61a02 -> 
  custom:scripting/monoscript/fileName/FastAction.cs: 60eb5b7e04daf339f61dca5fd934100f -> dfbe75b66b645b53472915ad2590af11
  custom:scripting/monoscript/fileName/FrameCache.cs: 3dcf885da94f12c1b606c497e398faf9 -> 
  custom:scripting/monoscript/fileName/UIParticleEditor.cs: b6bdab8e4a72b4216e3f0c8f8ed45e99 -> 
  custom:container-muxer-webm: aa71ff27fc2769a1b78a27578f13a17b -> 
  custom:scripting/monoscript/fileName/ObjectRepository.cs: 0cdf409b5aa8d4c25876d72b5c6a3b60 -> 
  custom:scripting/monoscript/fileName/ObjectPool.cs: 0cdf409b5aa8d4c25876d72b5c6a3b60 -> 
  custom:video-decoder-webm-vp8: 9c59270c3fd7afecdb556c50c9e8de78 -> 
  custom:SearchIndexIgnoredProperties: e643bd26f0fe6173181afceb89e7c659 -> 
  custom:AudioImporter_EditorPlatform: d09bf68614088b80899f8185d706f6e7 -> 
  custom:scripting/monoscript/fileName/UIParticleAttractor.cs: 56646a28f8018ce8d626b6a0b28e5c77 -> 
  custom:scripting/monoscript/fileName/Color32Extensions.cs: 957a68f3e8b649a9394b51c6910ca65a -> 
  custom:scripting/monoscript/fileName/UIParticleRenderer.cs: e7d82b34b2b52af3ee36bf0e1f32e85d -> 
  custom:scripting/monoscript/fileName/UIParticleUpdater.cs: 64d938919628a112a7e9c9345f1ccb18 -> 
  custom:scripting/monoscript/fileName/NewTestScript.cs: 2eb4416447678e2004e156bd89cd8cbd -> 
  custom:scripting/monoscript/fileName/ParticleSystemExtensions.cs: a9d6841fd486ede512f2bde88014253e -> 
  custom:video-encoder-webm-vp8: eb34c28f22e8b96e1ab97ce403110664 -> 
  custom:audio-decoder-ogg-vorbis: bf7c407c2cedff20999df2af8eb42d56 -> 
  custom:scripting/monoscript/fileName/Misc.cs: 246d9d5aaf21070630ef885fe1125ea2 -> 7ed2e50827551a4e78c69f183dffa2c9
  custom:audio-encoder-webm-vorbis: bf7c407c2cedff20999df2af8eb42d56 -> 
  custom:scripting/monoscript/fileName/MaterialRepository.cs: 128c5f079d59296a900349dfa10fb5ae -> 
  custom:scripting/precompiled-assembly-types:Assembly-CSharp: 07e7dd28600559d92128d86ae33ef984 -> e39fd18ca0bed8fd7945fb9eec5095e0
========================================================================
Received Prepare
Caller must complete domain reload
Begin MonoManager ReloadAssembly
- Loaded All Assemblies, in  0.443 seconds
Native extension for WindowsStandalone target not found
Mono: successfully reloaded assembly
- Finished resetting the current domain, in  0.986 seconds
Domain Reload Profiling: 1426ms
	BeginReloadAssembly (144ms)
		ExecutionOrderSort (0ms)
		DisableScriptedObjects (5ms)
		BackupInstance (0ms)
		ReleaseScriptingObjects (0ms)
		CreateAndSetChildDomain (25ms)
	RebuildCommonClasses (34ms)
	RebuildNativeTypeToScriptingClass (11ms)
	initialDomainReloadingComplete (31ms)
	LoadAllAssembliesAndSetupDomain (221ms)
		LoadAssemblies (291ms)
		RebuildTransferFunctionScriptingTraits (0ms)
		AnalyzeDomain (13ms)
			TypeCache.Refresh (5ms)
				TypeCache.ScanAssembly (0ms)
			ScanForSourceGeneratedMonoScriptInfo (0ms)
			ResolveRequiredComponents (6ms)
	FinalizeReload (986ms)
		ReleaseScriptCaches (0ms)
		RebuildScriptCaches (0ms)
		SetupLoadedEditorAssemblies (484ms)
			LogAssemblyErrors (0ms)
			InitializePlatformSupportModulesInManaged (7ms)
			SetLoadedEditorAssemblies (5ms)
			RefreshPlugins (0ms)
			BeforeProcessingInitializeOnLoad (101ms)
			ProcessInitializeOnLoadAttributes (341ms)
			ProcessInitializeOnLoadMethodAttributes (22ms)
			AfterProcessingInitializeOnLoad (7ms)
			EditorAssembliesLoaded (0ms)
		ExecutionOrderSort2 (0ms)
		AwakeInstancesAfterBackupRestoration (6ms)
Refreshing native plugins compatible for Editor in 5.49 ms, found 3 plugins.
Preloading 0 native plugins for Editor in 0.00 ms.
Unloading 3135 Unused Serialized files (Serialized files now loaded: 0)
Unloading 14 unused Assets / (28.5 KB). Loaded Objects now: 3652.
Memory consumption went from 192.7 MB to 192.6 MB.
Total: 2.503600 ms (FindLiveObjects: 0.198100 ms CreateObjectMapping: 0.099200 ms MarkObjects: 2.161800 ms  DeleteObjects: 0.043700 ms)

Prepare: number of updated asset objects reloaded= 0
AssetImportParameters requested are different than current active one (requested -> active):
  custom:scripting/monoscript/fileName/CFX_Demo_With_UIParticle.cs: 226f2c5431a3281109d962f41860d8fa -> 
  custom:scripting/monoscript/fileName/SpriteExtensions.cs: d15fc44627372ae38565323b74d7ae12 -> 
  custom:container-demuxer-ogg: 62fdf1f143b41e24485cea50d1cbac27 -> 
  custom:scripting/monoscript/fileName/UIParticle_PerformanceDemo.cs: 4f06c4b31cfbc934f9c8a4cffb890ea0 -> 
  custom:scripting/monoscript/fileName/UIParticleProjectSettings.cs: e67134131661b9872564981966bfc127 -> 
  custom:scripting/monoscript/fileName/UIParticle.cs: 2325898c5f7e7032e1304a953772e3db -> 
  custom:scripting/monoscript/fileName/Vector3Extensions.cs: d2785b660e92dd53626ae8ab3f74eb90 -> 
  custom:video-codec-MediaFoundation-h265: 746d11721c4dcdbdad8f713fa42b33f4 -> 
  custom:scripting/monoscript/fileName/UIExtraCallbacks.cs: 3d3413dbcd53c71899d73ab53a15ba37 -> 
  custom:video-decoder-ogg-theora: a1e56fd34408186e4bbccfd4996cb3dc -> 
  custom:scripting/monoscript/fileName/AnimatableProperty.cs: f35dc87c3f2df1477c8a408b8fbe37b5 -> 
  custom:scripting/monoscript/fileName/AnimatablePropertyEditor.cs: 1d03953670d8e406357019b192662737 -> 
  custom:scripting/monoscript/fileName/UIParticleMenu.cs: a4859bf31ac3affa2499cb7d11d0a844 -> 
  custom:framework-win-MediaFoundation: 216162199b28c13a410421893ffa2e32 -> 
  custom:scripting/monoscript/fileName/CanvasExtensions.cs: dd125fe003e3c2c37c4a99dbb0078950 -> 
  custom:scripting/monoscript/fileName/ComponentExtensions.cs: fb5af0f40f5d66304cb9361270b05072 -> 
  custom:scripting/monoscript/fileName/Logging.cs: 5f2ed8485a56b4e9e53aa65cdef27b10 -> 
  custom:CustomObjectIndexerAttribute: 9a22284fe3817be447336de3de66b15e -> 
  custom:container-demuxer-webm: 4f35f7cbe854078d1ac9338744f61a02 -> 
  custom:scripting/monoscript/fileName/FastAction.cs: 60eb5b7e04daf339f61dca5fd934100f -> dfbe75b66b645b53472915ad2590af11
  custom:scripting/monoscript/fileName/FrameCache.cs: 3dcf885da94f12c1b606c497e398faf9 -> 
  custom:scripting/monoscript/fileName/UIParticleEditor.cs: b6bdab8e4a72b4216e3f0c8f8ed45e99 -> 
  custom:container-muxer-webm: aa71ff27fc2769a1b78a27578f13a17b -> 
  custom:scripting/monoscript/fileName/ObjectRepository.cs: 0cdf409b5aa8d4c25876d72b5c6a3b60 -> 
  custom:scripting/monoscript/fileName/ObjectPool.cs: 0cdf409b5aa8d4c25876d72b5c6a3b60 -> 
  custom:video-decoder-webm-vp8: 9c59270c3fd7afecdb556c50c9e8de78 -> 
  custom:SearchIndexIgnoredProperties: e643bd26f0fe6173181afceb89e7c659 -> 
  custom:AudioImporter_EditorPlatform: d09bf68614088b80899f8185d706f6e7 -> 
  custom:scripting/monoscript/fileName/UIParticleAttractor.cs: 56646a28f8018ce8d626b6a0b28e5c77 -> 
  custom:scripting/monoscript/fileName/Color32Extensions.cs: 957a68f3e8b649a9394b51c6910ca65a -> 
  custom:scripting/monoscript/fileName/UIParticleRenderer.cs: e7d82b34b2b52af3ee36bf0e1f32e85d -> 
  custom:scripting/monoscript/fileName/UIParticleUpdater.cs: 64d938919628a112a7e9c9345f1ccb18 -> 
  custom:scripting/monoscript/fileName/NewTestScript.cs: 2eb4416447678e2004e156bd89cd8cbd -> 
  custom:scripting/monoscript/fileName/ParticleSystemExtensions.cs: a9d6841fd486ede512f2bde88014253e -> 
  custom:video-encoder-webm-vp8: eb34c28f22e8b96e1ab97ce403110664 -> 
  custom:audio-decoder-ogg-vorbis: bf7c407c2cedff20999df2af8eb42d56 -> 
  custom:scripting/monoscript/fileName/Misc.cs: 246d9d5aaf21070630ef885fe1125ea2 -> 7ed2e50827551a4e78c69f183dffa2c9
  custom:audio-encoder-webm-vorbis: bf7c407c2cedff20999df2af8eb42d56 -> 
  custom:scripting/monoscript/fileName/MaterialRepository.cs: 128c5f079d59296a900349dfa10fb5ae -> 
  custom:scripting/precompiled-assembly-types:Assembly-CSharp: 07e7dd28600559d92128d86ae33ef984 -> e39fd18ca0bed8fd7945fb9eec5095e0
========================================================================
Received Prepare
Caller must complete domain reload
Begin MonoManager ReloadAssembly
- Loaded All Assemblies, in  0.496 seconds
Native extension for WindowsStandalone target not found
Mono: successfully reloaded assembly
- Finished resetting the current domain, in  0.930 seconds
Domain Reload Profiling: 1423ms
	BeginReloadAssembly (196ms)
		ExecutionOrderSort (0ms)
		DisableScriptedObjects (6ms)
		BackupInstance (0ms)
		ReleaseScriptingObjects (0ms)
		CreateAndSetChildDomain (63ms)
	RebuildCommonClasses (32ms)
	RebuildNativeTypeToScriptingClass (11ms)
	initialDomainReloadingComplete (31ms)
	LoadAllAssembliesAndSetupDomain (223ms)
		LoadAssemblies (279ms)
		RebuildTransferFunctionScriptingTraits (0ms)
		AnalyzeDomain (21ms)
			TypeCache.Refresh (7ms)
				TypeCache.ScanAssembly (1ms)
			ScanForSourceGeneratedMonoScriptInfo (6ms)
			ResolveRequiredComponents (6ms)
	FinalizeReload (931ms)
		ReleaseScriptCaches (0ms)
		RebuildScriptCaches (0ms)
		SetupLoadedEditorAssemblies (463ms)
			LogAssemblyErrors (0ms)
			InitializePlatformSupportModulesInManaged (6ms)
			SetLoadedEditorAssemblies (5ms)
			RefreshPlugins (0ms)
			BeforeProcessingInitializeOnLoad (87ms)
			ProcessInitializeOnLoadAttributes (335ms)
			ProcessInitializeOnLoadMethodAttributes (22ms)
			AfterProcessingInitializeOnLoad (8ms)
			EditorAssembliesLoaded (0ms)
		ExecutionOrderSort2 (0ms)
		AwakeInstancesAfterBackupRestoration (6ms)
Refreshing native plugins compatible for Editor in 3.32 ms, found 3 plugins.
Preloading 0 native plugins for Editor in 0.00 ms.
Unloading 3135 Unused Serialized files (Serialized files now loaded: 0)
Unloading 14 unused Assets / (28.5 KB). Loaded Objects now: 3655.
Memory consumption went from 192.7 MB to 192.6 MB.
Total: 2.234500 ms (FindLiveObjects: 0.170200 ms CreateObjectMapping: 0.087200 ms MarkObjects: 1.944200 ms  DeleteObjects: 0.032200 ms)

Prepare: number of updated asset objects reloaded= 0
AssetImportParameters requested are different than current active one (requested -> active):
  custom:scripting/monoscript/fileName/CFX_Demo_With_UIParticle.cs: 226f2c5431a3281109d962f41860d8fa -> 
  custom:scripting/monoscript/fileName/SpriteExtensions.cs: d15fc44627372ae38565323b74d7ae12 -> 
  custom:container-demuxer-ogg: 62fdf1f143b41e24485cea50d1cbac27 -> 
  custom:scripting/monoscript/fileName/UIParticle_PerformanceDemo.cs: 4f06c4b31cfbc934f9c8a4cffb890ea0 -> 
  custom:scripting/monoscript/fileName/UIParticleProjectSettings.cs: e67134131661b9872564981966bfc127 -> 
  custom:scripting/monoscript/fileName/UIParticle.cs: 2325898c5f7e7032e1304a953772e3db -> 
  custom:scripting/monoscript/fileName/Vector3Extensions.cs: d2785b660e92dd53626ae8ab3f74eb90 -> 
  custom:video-codec-MediaFoundation-h265: 746d11721c4dcdbdad8f713fa42b33f4 -> 
  custom:scripting/monoscript/fileName/UIExtraCallbacks.cs: 3d3413dbcd53c71899d73ab53a15ba37 -> 
  custom:video-decoder-ogg-theora: a1e56fd34408186e4bbccfd4996cb3dc -> 
  custom:scripting/monoscript/fileName/AnimatableProperty.cs: f35dc87c3f2df1477c8a408b8fbe37b5 -> 
  custom:scripting/monoscript/fileName/AnimatablePropertyEditor.cs: 1d03953670d8e406357019b192662737 -> 
  custom:scripting/monoscript/fileName/UIParticleMenu.cs: a4859bf31ac3affa2499cb7d11d0a844 -> 
  custom:framework-win-MediaFoundation: 216162199b28c13a410421893ffa2e32 -> 
  custom:scripting/monoscript/fileName/CanvasExtensions.cs: dd125fe003e3c2c37c4a99dbb0078950 -> 
  custom:scripting/monoscript/fileName/ComponentExtensions.cs: fb5af0f40f5d66304cb9361270b05072 -> 
  custom:scripting/monoscript/fileName/Logging.cs: 5f2ed8485a56b4e9e53aa65cdef27b10 -> 
  custom:CustomObjectIndexerAttribute: 9a22284fe3817be447336de3de66b15e -> 
  custom:container-demuxer-webm: 4f35f7cbe854078d1ac9338744f61a02 -> 
  custom:scripting/monoscript/fileName/FastAction.cs: 60eb5b7e04daf339f61dca5fd934100f -> dfbe75b66b645b53472915ad2590af11
  custom:scripting/monoscript/fileName/FrameCache.cs: 3dcf885da94f12c1b606c497e398faf9 -> 
  custom:scripting/monoscript/fileName/UIParticleEditor.cs: b6bdab8e4a72b4216e3f0c8f8ed45e99 -> 
  custom:container-muxer-webm: aa71ff27fc2769a1b78a27578f13a17b -> 
  custom:scripting/monoscript/fileName/ObjectRepository.cs: 0cdf409b5aa8d4c25876d72b5c6a3b60 -> 
  custom:scripting/monoscript/fileName/ObjectPool.cs: 0cdf409b5aa8d4c25876d72b5c6a3b60 -> 
  custom:video-decoder-webm-vp8: 9c59270c3fd7afecdb556c50c9e8de78 -> 
  custom:SearchIndexIgnoredProperties: e643bd26f0fe6173181afceb89e7c659 -> 
  custom:AudioImporter_EditorPlatform: d09bf68614088b80899f8185d706f6e7 -> 
  custom:scripting/monoscript/fileName/UIParticleAttractor.cs: 56646a28f8018ce8d626b6a0b28e5c77 -> 
  custom:scripting/monoscript/fileName/Color32Extensions.cs: 957a68f3e8b649a9394b51c6910ca65a -> 
  custom:scripting/monoscript/fileName/UIParticleRenderer.cs: e7d82b34b2b52af3ee36bf0e1f32e85d -> 
  custom:scripting/monoscript/fileName/UIParticleUpdater.cs: 64d938919628a112a7e9c9345f1ccb18 -> 
  custom:scripting/monoscript/fileName/NewTestScript.cs: 2eb4416447678e2004e156bd89cd8cbd -> 
  custom:scripting/monoscript/fileName/ParticleSystemExtensions.cs: a9d6841fd486ede512f2bde88014253e -> 
  custom:video-encoder-webm-vp8: eb34c28f22e8b96e1ab97ce403110664 -> 
  custom:audio-decoder-ogg-vorbis: bf7c407c2cedff20999df2af8eb42d56 -> 
  custom:scripting/monoscript/fileName/Misc.cs: 246d9d5aaf21070630ef885fe1125ea2 -> 7ed2e50827551a4e78c69f183dffa2c9
  custom:audio-encoder-webm-vorbis: bf7c407c2cedff20999df2af8eb42d56 -> 
  custom:scripting/monoscript/fileName/MaterialRepository.cs: 128c5f079d59296a900349dfa10fb5ae -> 
  custom:scripting/precompiled-assembly-types:Assembly-CSharp: 07e7dd28600559d92128d86ae33ef984 -> e39fd18ca0bed8fd7945fb9eec5095e0
========================================================================
Received Prepare
Caller must complete domain reload
Begin MonoManager ReloadAssembly
- Loaded All Assemblies, in  0.472 seconds
Native extension for WindowsStandalone target not found
Mono: successfully reloaded assembly
- Finished resetting the current domain, in  0.934 seconds
Domain Reload Profiling: 1403ms
	BeginReloadAssembly (151ms)
		ExecutionOrderSort (0ms)
		DisableScriptedObjects (7ms)
		BackupInstance (0ms)
		ReleaseScriptingObjects (0ms)
		CreateAndSetChildDomain (28ms)
	RebuildCommonClasses (41ms)
	RebuildNativeTypeToScriptingClass (12ms)
	initialDomainReloadingComplete (31ms)
	LoadAllAssembliesAndSetupDomain (233ms)
		LoadAssemblies (293ms)
		RebuildTransferFunctionScriptingTraits (0ms)
		AnalyzeDomain (24ms)
			TypeCache.Refresh (9ms)
				TypeCache.ScanAssembly (1ms)
			ScanForSourceGeneratedMonoScriptInfo (7ms)
			ResolveRequiredComponents (6ms)
	FinalizeReload (935ms)
		ReleaseScriptCaches (0ms)
		RebuildScriptCaches (0ms)
		SetupLoadedEditorAssemblies (471ms)
			LogAssemblyErrors (0ms)
			InitializePlatformSupportModulesInManaged (7ms)
			SetLoadedEditorAssemblies (5ms)
			RefreshPlugins (0ms)
			BeforeProcessingInitializeOnLoad (90ms)
			ProcessInitializeOnLoadAttributes (340ms)
			ProcessInitializeOnLoadMethodAttributes (22ms)
			AfterProcessingInitializeOnLoad (7ms)
			EditorAssembliesLoaded (0ms)
		ExecutionOrderSort2 (0ms)
		AwakeInstancesAfterBackupRestoration (5ms)
Refreshing native plugins compatible for Editor in 3.76 ms, found 3 plugins.
Preloading 0 native plugins for Editor in 0.00 ms.
Unloading 3135 Unused Serialized files (Serialized files now loaded: 0)
Unloading 14 unused Assets / (28.5 KB). Loaded Objects now: 3658.
Memory consumption went from 192.7 MB to 192.6 MB.
Total: 2.220900 ms (FindLiveObjects: 0.203500 ms CreateObjectMapping: 0.087200 ms MarkObjects: 1.895000 ms  DeleteObjects: 0.034200 ms)

Prepare: number of updated asset objects reloaded= 0
AssetImportParameters requested are different than current active one (requested -> active):
  custom:scripting/monoscript/fileName/CFX_Demo_With_UIParticle.cs: 226f2c5431a3281109d962f41860d8fa -> 
  custom:scripting/monoscript/fileName/SpriteExtensions.cs: d15fc44627372ae38565323b74d7ae12 -> 
  custom:container-demuxer-ogg: 62fdf1f143b41e24485cea50d1cbac27 -> 
  custom:scripting/monoscript/fileName/UIParticle_PerformanceDemo.cs: 4f06c4b31cfbc934f9c8a4cffb890ea0 -> 
  custom:scripting/monoscript/fileName/UIParticleProjectSettings.cs: e67134131661b9872564981966bfc127 -> 
  custom:scripting/monoscript/fileName/UIParticle.cs: 2325898c5f7e7032e1304a953772e3db -> 
  custom:scripting/monoscript/fileName/Vector3Extensions.cs: d2785b660e92dd53626ae8ab3f74eb90 -> 
  custom:video-codec-MediaFoundation-h265: 746d11721c4dcdbdad8f713fa42b33f4 -> 
  custom:scripting/monoscript/fileName/UIExtraCallbacks.cs: 3d3413dbcd53c71899d73ab53a15ba37 -> 
  custom:video-decoder-ogg-theora: a1e56fd34408186e4bbccfd4996cb3dc -> 
  custom:scripting/monoscript/fileName/AnimatableProperty.cs: f35dc87c3f2df1477c8a408b8fbe37b5 -> 
  custom:scripting/monoscript/fileName/AnimatablePropertyEditor.cs: 1d03953670d8e406357019b192662737 -> 
  custom:scripting/monoscript/fileName/UIParticleMenu.cs: a4859bf31ac3affa2499cb7d11d0a844 -> 
  custom:framework-win-MediaFoundation: 216162199b28c13a410421893ffa2e32 -> 
  custom:scripting/monoscript/fileName/CanvasExtensions.cs: dd125fe003e3c2c37c4a99dbb0078950 -> 
  custom:scripting/monoscript/fileName/ComponentExtensions.cs: fb5af0f40f5d66304cb9361270b05072 -> 
  custom:scripting/monoscript/fileName/Logging.cs: 5f2ed8485a56b4e9e53aa65cdef27b10 -> 
  custom:CustomObjectIndexerAttribute: 9a22284fe3817be447336de3de66b15e -> 
  custom:container-demuxer-webm: 4f35f7cbe854078d1ac9338744f61a02 -> 
  custom:scripting/monoscript/fileName/FastAction.cs: 60eb5b7e04daf339f61dca5fd934100f -> dfbe75b66b645b53472915ad2590af11
  custom:scripting/monoscript/fileName/FrameCache.cs: 3dcf885da94f12c1b606c497e398faf9 -> 
  custom:scripting/monoscript/fileName/UIParticleEditor.cs: b6bdab8e4a72b4216e3f0c8f8ed45e99 -> 
  custom:container-muxer-webm: aa71ff27fc2769a1b78a27578f13a17b -> 
  custom:scripting/monoscript/fileName/ObjectRepository.cs: 0cdf409b5aa8d4c25876d72b5c6a3b60 -> 
  custom:scripting/monoscript/fileName/ObjectPool.cs: 0cdf409b5aa8d4c25876d72b5c6a3b60 -> 
  custom:video-decoder-webm-vp8: 9c59270c3fd7afecdb556c50c9e8de78 -> 
  custom:SearchIndexIgnoredProperties: e643bd26f0fe6173181afceb89e7c659 -> 
  custom:AudioImporter_EditorPlatform: d09bf68614088b80899f8185d706f6e7 -> 
  custom:scripting/monoscript/fileName/UIParticleAttractor.cs: 56646a28f8018ce8d626b6a0b28e5c77 -> 
  custom:scripting/monoscript/fileName/Color32Extensions.cs: 957a68f3e8b649a9394b51c6910ca65a -> 
  custom:scripting/monoscript/fileName/UIParticleRenderer.cs: e7d82b34b2b52af3ee36bf0e1f32e85d -> 
  custom:scripting/monoscript/fileName/UIParticleUpdater.cs: 64d938919628a112a7e9c9345f1ccb18 -> 
  custom:scripting/monoscript/fileName/NewTestScript.cs: 2eb4416447678e2004e156bd89cd8cbd -> 
  custom:scripting/monoscript/fileName/ParticleSystemExtensions.cs: a9d6841fd486ede512f2bde88014253e -> 
  custom:video-encoder-webm-vp8: eb34c28f22e8b96e1ab97ce403110664 -> 
  custom:audio-decoder-ogg-vorbis: bf7c407c2cedff20999df2af8eb42d56 -> 
  custom:scripting/monoscript/fileName/Misc.cs: 246d9d5aaf21070630ef885fe1125ea2 -> 7ed2e50827551a4e78c69f183dffa2c9
  custom:audio-encoder-webm-vorbis: bf7c407c2cedff20999df2af8eb42d56 -> 
  custom:scripting/monoscript/fileName/MaterialRepository.cs: 128c5f079d59296a900349dfa10fb5ae -> 
  custom:scripting/precompiled-assembly-types:Assembly-CSharp: 07e7dd28600559d92128d86ae33ef984 -> e39fd18ca0bed8fd7945fb9eec5095e0
========================================================================
Received Prepare
Caller must complete domain reload
Begin MonoManager ReloadAssembly
- Loaded All Assemblies, in  0.453 seconds
Native extension for WindowsStandalone target not found
Mono: successfully reloaded assembly
- Finished resetting the current domain, in  1.012 seconds
Domain Reload Profiling: 1463ms
	BeginReloadAssembly (145ms)
		ExecutionOrderSort (0ms)
		DisableScriptedObjects (7ms)
		BackupInstance (0ms)
		ReleaseScriptingObjects (0ms)
		CreateAndSetChildDomain (27ms)
	RebuildCommonClasses (33ms)
	RebuildNativeTypeToScriptingClass (14ms)
	initialDomainReloadingComplete (30ms)
	LoadAllAssembliesAndSetupDomain (229ms)
		LoadAssemblies (296ms)
		RebuildTransferFunctionScriptingTraits (0ms)
		AnalyzeDomain (14ms)
			TypeCache.Refresh (5ms)
				TypeCache.ScanAssembly (0ms)
			ScanForSourceGeneratedMonoScriptInfo (0ms)
			ResolveRequiredComponents (6ms)
	FinalizeReload (1012ms)
		ReleaseScriptCaches (0ms)
		RebuildScriptCaches (0ms)
		SetupLoadedEditorAssemblies (492ms)
			LogAssemblyErrors (0ms)
			InitializePlatformSupportModulesInManaged (7ms)
			SetLoadedEditorAssemblies (6ms)
			RefreshPlugins (0ms)
			BeforeProcessingInitializeOnLoad (95ms)
			ProcessInitializeOnLoadAttributes (353ms)
			ProcessInitializeOnLoadMethodAttributes (24ms)
			AfterProcessingInitializeOnLoad (7ms)
			EditorAssembliesLoaded (0ms)
		ExecutionOrderSort2 (0ms)
		AwakeInstancesAfterBackupRestoration (7ms)
Refreshing native plugins compatible for Editor in 4.31 ms, found 3 plugins.
Preloading 0 native plugins for Editor in 0.00 ms.
Unloading 3135 Unused Serialized files (Serialized files now loaded: 0)
Unloading 14 unused Assets / (28.5 KB). Loaded Objects now: 3661.
Memory consumption went from 192.7 MB to 192.6 MB.
Total: 2.204900 ms (FindLiveObjects: 0.169100 ms CreateObjectMapping: 0.077900 ms MarkObjects: 1.926300 ms  DeleteObjects: 0.030800 ms)

Prepare: number of updated asset objects reloaded= 0
AssetImportParameters requested are different than current active one (requested -> active):
  custom:scripting/monoscript/fileName/CFX_Demo_With_UIParticle.cs: 226f2c5431a3281109d962f41860d8fa -> 
  custom:scripting/monoscript/fileName/SpriteExtensions.cs: d15fc44627372ae38565323b74d7ae12 -> 
  custom:container-demuxer-ogg: 62fdf1f143b41e24485cea50d1cbac27 -> 
  custom:scripting/monoscript/fileName/UIParticle_PerformanceDemo.cs: 4f06c4b31cfbc934f9c8a4cffb890ea0 -> 
  custom:scripting/monoscript/fileName/UIParticleProjectSettings.cs: e67134131661b9872564981966bfc127 -> 
  custom:scripting/monoscript/fileName/UIParticle.cs: 2325898c5f7e7032e1304a953772e3db -> 
  custom:scripting/monoscript/fileName/Vector3Extensions.cs: d2785b660e92dd53626ae8ab3f74eb90 -> 
  custom:video-codec-MediaFoundation-h265: 746d11721c4dcdbdad8f713fa42b33f4 -> 
  custom:scripting/monoscript/fileName/UIExtraCallbacks.cs: 3d3413dbcd53c71899d73ab53a15ba37 -> 
  custom:video-decoder-ogg-theora: a1e56fd34408186e4bbccfd4996cb3dc -> 
  custom:scripting/monoscript/fileName/AnimatableProperty.cs: f35dc87c3f2df1477c8a408b8fbe37b5 -> 
  custom:scripting/monoscript/fileName/AnimatablePropertyEditor.cs: 1d03953670d8e406357019b192662737 -> 
  custom:scripting/monoscript/fileName/UIParticleMenu.cs: a4859bf31ac3affa2499cb7d11d0a844 -> 
  custom:framework-win-MediaFoundation: 216162199b28c13a410421893ffa2e32 -> 
  custom:scripting/monoscript/fileName/CanvasExtensions.cs: dd125fe003e3c2c37c4a99dbb0078950 -> 
  custom:scripting/monoscript/fileName/ComponentExtensions.cs: fb5af0f40f5d66304cb9361270b05072 -> 
  custom:scripting/monoscript/fileName/Logging.cs: 5f2ed8485a56b4e9e53aa65cdef27b10 -> 
  custom:CustomObjectIndexerAttribute: 9a22284fe3817be447336de3de66b15e -> 
  custom:container-demuxer-webm: 4f35f7cbe854078d1ac9338744f61a02 -> 
  custom:scripting/monoscript/fileName/FastAction.cs: 60eb5b7e04daf339f61dca5fd934100f -> dfbe75b66b645b53472915ad2590af11
  custom:scripting/monoscript/fileName/FrameCache.cs: 3dcf885da94f12c1b606c497e398faf9 -> 
  custom:scripting/monoscript/fileName/UIParticleEditor.cs: b6bdab8e4a72b4216e3f0c8f8ed45e99 -> 
  custom:container-muxer-webm: aa71ff27fc2769a1b78a27578f13a17b -> 
  custom:scripting/monoscript/fileName/ObjectRepository.cs: 0cdf409b5aa8d4c25876d72b5c6a3b60 -> 
  custom:scripting/monoscript/fileName/ObjectPool.cs: 0cdf409b5aa8d4c25876d72b5c6a3b60 -> 
  custom:video-decoder-webm-vp8: 9c59270c3fd7afecdb556c50c9e8de78 -> 
  custom:SearchIndexIgnoredProperties: e643bd26f0fe6173181afceb89e7c659 -> 
  custom:AudioImporter_EditorPlatform: d09bf68614088b80899f8185d706f6e7 -> 
  custom:scripting/monoscript/fileName/UIParticleAttractor.cs: 56646a28f8018ce8d626b6a0b28e5c77 -> 
  custom:scripting/monoscript/fileName/Color32Extensions.cs: 957a68f3e8b649a9394b51c6910ca65a -> 
  custom:scripting/monoscript/fileName/UIParticleRenderer.cs: e7d82b34b2b52af3ee36bf0e1f32e85d -> 
  custom:scripting/monoscript/fileName/UIParticleUpdater.cs: 64d938919628a112a7e9c9345f1ccb18 -> 
  custom:scripting/monoscript/fileName/NewTestScript.cs: 2eb4416447678e2004e156bd89cd8cbd -> 
  custom:scripting/monoscript/fileName/ParticleSystemExtensions.cs: a9d6841fd486ede512f2bde88014253e -> 
  custom:video-encoder-webm-vp8: eb34c28f22e8b96e1ab97ce403110664 -> 
  custom:audio-decoder-ogg-vorbis: bf7c407c2cedff20999df2af8eb42d56 -> 
  custom:scripting/monoscript/fileName/Misc.cs: 246d9d5aaf21070630ef885fe1125ea2 -> 7ed2e50827551a4e78c69f183dffa2c9
  custom:audio-encoder-webm-vorbis: bf7c407c2cedff20999df2af8eb42d56 -> 
  custom:scripting/monoscript/fileName/MaterialRepository.cs: 128c5f079d59296a900349dfa10fb5ae -> 
  custom:scripting/precompiled-assembly-types:Assembly-CSharp: 07e7dd28600559d92128d86ae33ef984 -> e39fd18ca0bed8fd7945fb9eec5095e0
========================================================================
Received Prepare
Caller must complete domain reload
Begin MonoManager ReloadAssembly
- Loaded All Assemblies, in  0.458 seconds
Native extension for WindowsStandalone target not found
Mono: successfully reloaded assembly
- Finished resetting the current domain, in  0.942 seconds
Domain Reload Profiling: 1396ms
	BeginReloadAssembly (144ms)
		ExecutionOrderSort (0ms)
		DisableScriptedObjects (5ms)
		BackupInstance (0ms)
		ReleaseScriptingObjects (0ms)
		CreateAndSetChildDomain (25ms)
	RebuildCommonClasses (38ms)
	RebuildNativeTypeToScriptingClass (10ms)
	initialDomainReloadingComplete (30ms)
	LoadAllAssembliesAndSetupDomain (232ms)
		LoadAssemblies (293ms)
		RebuildTransferFunctionScriptingTraits (0ms)
		AnalyzeDomain (23ms)
			TypeCache.Refresh (7ms)
				TypeCache.ScanAssembly (1ms)
			ScanForSourceGeneratedMonoScriptInfo (7ms)
			ResolveRequiredComponents (6ms)
	FinalizeReload (942ms)
		ReleaseScriptCaches (0ms)
		RebuildScriptCaches (0ms)
		SetupLoadedEditorAssemblies (481ms)
			LogAssemblyErrors (0ms)
			InitializePlatformSupportModulesInManaged (6ms)
			SetLoadedEditorAssemblies (6ms)
			RefreshPlugins (0ms)
			BeforeProcessingInitializeOnLoad (92ms)
			ProcessInitializeOnLoadAttributes (349ms)
			ProcessInitializeOnLoadMethodAttributes (20ms)
			AfterProcessingInitializeOnLoad (8ms)
			EditorAssembliesLoaded (0ms)
		ExecutionOrderSort2 (0ms)
		AwakeInstancesAfterBackupRestoration (7ms)
Refreshing native plugins compatible for Editor in 3.58 ms, found 3 plugins.
Preloading 0 native plugins for Editor in 0.00 ms.
Unloading 3135 Unused Serialized files (Serialized files now loaded: 0)
Unloading 14 unused Assets / (28.4 KB). Loaded Objects now: 3664.
Memory consumption went from 192.7 MB to 192.6 MB.
Total: 2.059100 ms (FindLiveObjects: 0.168900 ms CreateObjectMapping: 0.072100 ms MarkObjects: 1.784400 ms  DeleteObjects: 0.032200 ms)

Prepare: number of updated asset objects reloaded= 0
AssetImportParameters requested are different than current active one (requested -> active):
  custom:scripting/monoscript/fileName/CFX_Demo_With_UIParticle.cs: 226f2c5431a3281109d962f41860d8fa -> 
  custom:scripting/monoscript/fileName/SpriteExtensions.cs: d15fc44627372ae38565323b74d7ae12 -> 
  custom:container-demuxer-ogg: 62fdf1f143b41e24485cea50d1cbac27 -> 
  custom:scripting/monoscript/fileName/UIParticle_PerformanceDemo.cs: 4f06c4b31cfbc934f9c8a4cffb890ea0 -> 
  custom:scripting/monoscript/fileName/UIParticleProjectSettings.cs: e67134131661b9872564981966bfc127 -> 
  custom:scripting/monoscript/fileName/UIParticle.cs: 2325898c5f7e7032e1304a953772e3db -> 
  custom:scripting/monoscript/fileName/Vector3Extensions.cs: d2785b660e92dd53626ae8ab3f74eb90 -> 
  custom:video-codec-MediaFoundation-h265: 746d11721c4dcdbdad8f713fa42b33f4 -> 
  custom:scripting/monoscript/fileName/UIExtraCallbacks.cs: 3d3413dbcd53c71899d73ab53a15ba37 -> 
  custom:video-decoder-ogg-theora: a1e56fd34408186e4bbccfd4996cb3dc -> 
  custom:scripting/monoscript/fileName/AnimatableProperty.cs: f35dc87c3f2df1477c8a408b8fbe37b5 -> 
  custom:scripting/monoscript/fileName/AnimatablePropertyEditor.cs: 1d03953670d8e406357019b192662737 -> 
  custom:scripting/monoscript/fileName/UIParticleMenu.cs: a4859bf31ac3affa2499cb7d11d0a844 -> 
  custom:framework-win-MediaFoundation: 216162199b28c13a410421893ffa2e32 -> 
  custom:scripting/monoscript/fileName/CanvasExtensions.cs: dd125fe003e3c2c37c4a99dbb0078950 -> 
  custom:scripting/monoscript/fileName/ComponentExtensions.cs: fb5af0f40f5d66304cb9361270b05072 -> 
  custom:scripting/monoscript/fileName/Logging.cs: 5f2ed8485a56b4e9e53aa65cdef27b10 -> 
  custom:CustomObjectIndexerAttribute: 9a22284fe3817be447336de3de66b15e -> 
  custom:container-demuxer-webm: 4f35f7cbe854078d1ac9338744f61a02 -> 
  custom:scripting/monoscript/fileName/FastAction.cs: 60eb5b7e04daf339f61dca5fd934100f -> dfbe75b66b645b53472915ad2590af11
  custom:scripting/monoscript/fileName/FrameCache.cs: 3dcf885da94f12c1b606c497e398faf9 -> 
  custom:scripting/monoscript/fileName/UIParticleEditor.cs: b6bdab8e4a72b4216e3f0c8f8ed45e99 -> 
  custom:container-muxer-webm: aa71ff27fc2769a1b78a27578f13a17b -> 
  custom:scripting/monoscript/fileName/ObjectRepository.cs: 0cdf409b5aa8d4c25876d72b5c6a3b60 -> 
  custom:scripting/monoscript/fileName/ObjectPool.cs: 0cdf409b5aa8d4c25876d72b5c6a3b60 -> 
  custom:video-decoder-webm-vp8: 9c59270c3fd7afecdb556c50c9e8de78 -> 
  custom:SearchIndexIgnoredProperties: e643bd26f0fe6173181afceb89e7c659 -> 
  custom:AudioImporter_EditorPlatform: d09bf68614088b80899f8185d706f6e7 -> 
  custom:scripting/monoscript/fileName/UIParticleAttractor.cs: 56646a28f8018ce8d626b6a0b28e5c77 -> 
  custom:scripting/monoscript/fileName/Color32Extensions.cs: 957a68f3e8b649a9394b51c6910ca65a -> 
  custom:scripting/monoscript/fileName/UIParticleRenderer.cs: e7d82b34b2b52af3ee36bf0e1f32e85d -> 
  custom:scripting/monoscript/fileName/UIParticleUpdater.cs: 64d938919628a112a7e9c9345f1ccb18 -> 
  custom:scripting/monoscript/fileName/NewTestScript.cs: 2eb4416447678e2004e156bd89cd8cbd -> 
  custom:scripting/monoscript/fileName/ParticleSystemExtensions.cs: a9d6841fd486ede512f2bde88014253e -> 
  custom:video-encoder-webm-vp8: eb34c28f22e8b96e1ab97ce403110664 -> 
  custom:audio-decoder-ogg-vorbis: bf7c407c2cedff20999df2af8eb42d56 -> 
  custom:scripting/monoscript/fileName/Misc.cs: 246d9d5aaf21070630ef885fe1125ea2 -> 7ed2e50827551a4e78c69f183dffa2c9
  custom:audio-encoder-webm-vorbis: bf7c407c2cedff20999df2af8eb42d56 -> 
  custom:scripting/monoscript/fileName/MaterialRepository.cs: 128c5f079d59296a900349dfa10fb5ae -> 
  custom:scripting/precompiled-assembly-types:Assembly-CSharp: 07e7dd28600559d92128d86ae33ef984 -> e39fd18ca0bed8fd7945fb9eec5095e0
========================================================================
Received Prepare
Caller must complete domain reload
Begin MonoManager ReloadAssembly
- Loaded All Assemblies, in  0.446 seconds
Native extension for WindowsStandalone target not found
Mono: successfully reloaded assembly
- Finished resetting the current domain, in  0.990 seconds
Domain Reload Profiling: 1433ms
	BeginReloadAssembly (146ms)
		ExecutionOrderSort (0ms)
		DisableScriptedObjects (6ms)
		BackupInstance (0ms)
		ReleaseScriptingObjects (0ms)
		CreateAndSetChildDomain (27ms)
	RebuildCommonClasses (40ms)
	RebuildNativeTypeToScriptingClass (10ms)
	initialDomainReloadingComplete (29ms)
	LoadAllAssembliesAndSetupDomain (216ms)
		LoadAssemblies (288ms)
		RebuildTransferFunctionScriptingTraits (0ms)
		AnalyzeDomain (12ms)
			TypeCache.Refresh (5ms)
				TypeCache.ScanAssembly (0ms)
			ScanForSourceGeneratedMonoScriptInfo (0ms)
			ResolveRequiredComponents (5ms)
	FinalizeReload (991ms)
		ReleaseScriptCaches (0ms)
		RebuildScriptCaches (0ms)
		SetupLoadedEditorAssemblies (487ms)
			LogAssemblyErrors (0ms)
			InitializePlatformSupportModulesInManaged (7ms)
			SetLoadedEditorAssemblies (6ms)
			RefreshPlugins (0ms)
			BeforeProcessingInitializeOnLoad (91ms)
			ProcessInitializeOnLoadAttributes (351ms)
			ProcessInitializeOnLoadMethodAttributes (23ms)
			AfterProcessingInitializeOnLoad (9ms)
			EditorAssembliesLoaded (0ms)
		ExecutionOrderSort2 (0ms)
		AwakeInstancesAfterBackupRestoration (6ms)
Refreshing native plugins compatible for Editor in 3.58 ms, found 3 plugins.
Preloading 0 native plugins for Editor in 0.00 ms.
Unloading 3135 Unused Serialized files (Serialized files now loaded: 0)
Unloading 14 unused Assets / (28.5 KB). Loaded Objects now: 3667.
Memory consumption went from 192.7 MB to 192.6 MB.
Total: 2.170000 ms (FindLiveObjects: 0.170200 ms CreateObjectMapping: 0.083200 ms MarkObjects: 1.884400 ms  DeleteObjects: 0.031200 ms)

Prepare: number of updated asset objects reloaded= 0
AssetImportParameters requested are different than current active one (requested -> active):
  custom:scripting/monoscript/fileName/CFX_Demo_With_UIParticle.cs: 226f2c5431a3281109d962f41860d8fa -> 
  custom:scripting/monoscript/fileName/SpriteExtensions.cs: d15fc44627372ae38565323b74d7ae12 -> 
  custom:container-demuxer-ogg: 62fdf1f143b41e24485cea50d1cbac27 -> 
  custom:scripting/monoscript/fileName/UIParticle_PerformanceDemo.cs: 4f06c4b31cfbc934f9c8a4cffb890ea0 -> 
  custom:scripting/monoscript/fileName/UIParticleProjectSettings.cs: e67134131661b9872564981966bfc127 -> 
  custom:scripting/monoscript/fileName/UIParticle.cs: 2325898c5f7e7032e1304a953772e3db -> 
  custom:scripting/monoscript/fileName/Vector3Extensions.cs: d2785b660e92dd53626ae8ab3f74eb90 -> 
  custom:video-codec-MediaFoundation-h265: 746d11721c4dcdbdad8f713fa42b33f4 -> 
  custom:scripting/monoscript/fileName/UIExtraCallbacks.cs: 3d3413dbcd53c71899d73ab53a15ba37 -> 
  custom:video-decoder-ogg-theora: a1e56fd34408186e4bbccfd4996cb3dc -> 
  custom:scripting/monoscript/fileName/AnimatableProperty.cs: f35dc87c3f2df1477c8a408b8fbe37b5 -> 
  custom:scripting/monoscript/fileName/AnimatablePropertyEditor.cs: 1d03953670d8e406357019b192662737 -> 
  custom:scripting/monoscript/fileName/UIParticleMenu.cs: a4859bf31ac3affa2499cb7d11d0a844 -> 
  custom:framework-win-MediaFoundation: 216162199b28c13a410421893ffa2e32 -> 
  custom:scripting/monoscript/fileName/CanvasExtensions.cs: dd125fe003e3c2c37c4a99dbb0078950 -> 
  custom:scripting/monoscript/fileName/ComponentExtensions.cs: fb5af0f40f5d66304cb9361270b05072 -> 
  custom:scripting/monoscript/fileName/Logging.cs: 5f2ed8485a56b4e9e53aa65cdef27b10 -> 
  custom:CustomObjectIndexerAttribute: 9a22284fe3817be447336de3de66b15e -> 
  custom:container-demuxer-webm: 4f35f7cbe854078d1ac9338744f61a02 -> 
  custom:scripting/monoscript/fileName/FastAction.cs: 60eb5b7e04daf339f61dca5fd934100f -> dfbe75b66b645b53472915ad2590af11
  custom:scripting/monoscript/fileName/FrameCache.cs: 3dcf885da94f12c1b606c497e398faf9 -> 
  custom:scripting/monoscript/fileName/UIParticleEditor.cs: b6bdab8e4a72b4216e3f0c8f8ed45e99 -> 
  custom:container-muxer-webm: aa71ff27fc2769a1b78a27578f13a17b -> 
  custom:scripting/monoscript/fileName/ObjectRepository.cs: 0cdf409b5aa8d4c25876d72b5c6a3b60 -> 
  custom:scripting/monoscript/fileName/ObjectPool.cs: 0cdf409b5aa8d4c25876d72b5c6a3b60 -> 
  custom:video-decoder-webm-vp8: 9c59270c3fd7afecdb556c50c9e8de78 -> 
  custom:SearchIndexIgnoredProperties: e643bd26f0fe6173181afceb89e7c659 -> 
  custom:AudioImporter_EditorPlatform: d09bf68614088b80899f8185d706f6e7 -> 
  custom:scripting/monoscript/fileName/UIParticleAttractor.cs: 56646a28f8018ce8d626b6a0b28e5c77 -> 
  custom:scripting/monoscript/fileName/Color32Extensions.cs: 957a68f3e8b649a9394b51c6910ca65a -> 
  custom:scripting/monoscript/fileName/UIParticleRenderer.cs: e7d82b34b2b52af3ee36bf0e1f32e85d -> 
  custom:scripting/monoscript/fileName/UIParticleUpdater.cs: 64d938919628a112a7e9c9345f1ccb18 -> 
  custom:scripting/monoscript/fileName/NewTestScript.cs: 2eb4416447678e2004e156bd89cd8cbd -> 
  custom:scripting/monoscript/fileName/ParticleSystemExtensions.cs: a9d6841fd486ede512f2bde88014253e -> 
  custom:video-encoder-webm-vp8: eb34c28f22e8b96e1ab97ce403110664 -> 
  custom:audio-decoder-ogg-vorbis: bf7c407c2cedff20999df2af8eb42d56 -> 
  custom:scripting/monoscript/fileName/Misc.cs: 246d9d5aaf21070630ef885fe1125ea2 -> 7ed2e50827551a4e78c69f183dffa2c9
  custom:audio-encoder-webm-vorbis: bf7c407c2cedff20999df2af8eb42d56 -> 
  custom:scripting/monoscript/fileName/MaterialRepository.cs: 128c5f079d59296a900349dfa10fb5ae -> 
  custom:scripting/precompiled-assembly-types:Assembly-CSharp: 07e7dd28600559d92128d86ae33ef984 -> e39fd18ca0bed8fd7945fb9eec5095e0
========================================================================
Received Prepare
Caller must complete domain reload
Begin MonoManager ReloadAssembly
- Loaded All Assemblies, in  0.455 seconds
Native extension for WindowsStandalone target not found
Mono: successfully reloaded assembly
- Finished resetting the current domain, in  1.000 seconds
Domain Reload Profiling: 1452ms
	BeginReloadAssembly (142ms)
		ExecutionOrderSort (0ms)
		DisableScriptedObjects (5ms)
		BackupInstance (0ms)
		ReleaseScriptingObjects (0ms)
		CreateAndSetChildDomain (28ms)
	RebuildCommonClasses (35ms)
	RebuildNativeTypeToScriptingClass (11ms)
	initialDomainReloadingComplete (34ms)
	LoadAllAssembliesAndSetupDomain (230ms)
		LoadAssemblies (298ms)
		RebuildTransferFunctionScriptingTraits (0ms)
		AnalyzeDomain (13ms)
			TypeCache.Refresh (5ms)
				TypeCache.ScanAssembly (0ms)
			ScanForSourceGeneratedMonoScriptInfo (0ms)
			ResolveRequiredComponents (5ms)
	FinalizeReload (1000ms)
		ReleaseScriptCaches (0ms)
		RebuildScriptCaches (0ms)
		SetupLoadedEditorAssemblies (490ms)
			LogAssemblyErrors (0ms)
			InitializePlatformSupportModulesInManaged (7ms)
			SetLoadedEditorAssemblies (5ms)
			RefreshPlugins (0ms)
			BeforeProcessingInitializeOnLoad (94ms)
			ProcessInitializeOnLoadAttributes (353ms)
			ProcessInitializeOnLoadMethodAttributes (22ms)
			AfterProcessingInitializeOnLoad (7ms)
			EditorAssembliesLoaded (0ms)
		ExecutionOrderSort2 (0ms)
		AwakeInstancesAfterBackupRestoration (6ms)
Refreshing native plugins compatible for Editor in 3.88 ms, found 3 plugins.
Preloading 0 native plugins for Editor in 0.00 ms.
Unloading 3135 Unused Serialized files (Serialized files now loaded: 0)
Unloading 14 unused Assets / (28.6 KB). Loaded Objects now: 3670.
Memory consumption went from 192.7 MB to 192.6 MB.
Total: 2.209600 ms (FindLiveObjects: 0.215500 ms CreateObjectMapping: 0.096400 ms MarkObjects: 1.831800 ms  DeleteObjects: 0.065100 ms)

Prepare: number of updated asset objects reloaded= 0
AssetImportParameters requested are different than current active one (requested -> active):
  custom:scripting/monoscript/fileName/CFX_Demo_With_UIParticle.cs: 226f2c5431a3281109d962f41860d8fa -> 
  custom:scripting/monoscript/fileName/SpriteExtensions.cs: d15fc44627372ae38565323b74d7ae12 -> 
  custom:container-demuxer-ogg: 62fdf1f143b41e24485cea50d1cbac27 -> 
  custom:scripting/monoscript/fileName/UIParticle_PerformanceDemo.cs: 4f06c4b31cfbc934f9c8a4cffb890ea0 -> 
  custom:scripting/monoscript/fileName/UIParticleProjectSettings.cs: e67134131661b9872564981966bfc127 -> 
  custom:scripting/monoscript/fileName/UIParticle.cs: 2325898c5f7e7032e1304a953772e3db -> 
  custom:scripting/monoscript/fileName/Vector3Extensions.cs: d2785b660e92dd53626ae8ab3f74eb90 -> 
  custom:video-codec-MediaFoundation-h265: 746d11721c4dcdbdad8f713fa42b33f4 -> 
  custom:scripting/monoscript/fileName/UIExtraCallbacks.cs: 3d3413dbcd53c71899d73ab53a15ba37 -> 
  custom:video-decoder-ogg-theora: a1e56fd34408186e4bbccfd4996cb3dc -> 
  custom:scripting/monoscript/fileName/AnimatableProperty.cs: f35dc87c3f2df1477c8a408b8fbe37b5 -> 
  custom:scripting/monoscript/fileName/AnimatablePropertyEditor.cs: 1d03953670d8e406357019b192662737 -> 
  custom:scripting/monoscript/fileName/UIParticleMenu.cs: a4859bf31ac3affa2499cb7d11d0a844 -> 
  custom:framework-win-MediaFoundation: 216162199b28c13a410421893ffa2e32 -> 
  custom:scripting/monoscript/fileName/CanvasExtensions.cs: dd125fe003e3c2c37c4a99dbb0078950 -> 
  custom:scripting/monoscript/fileName/ComponentExtensions.cs: fb5af0f40f5d66304cb9361270b05072 -> 
  custom:scripting/monoscript/fileName/Logging.cs: 5f2ed8485a56b4e9e53aa65cdef27b10 -> 
  custom:CustomObjectIndexerAttribute: 9a22284fe3817be447336de3de66b15e -> 
  custom:container-demuxer-webm: 4f35f7cbe854078d1ac9338744f61a02 -> 
  custom:scripting/monoscript/fileName/FastAction.cs: 60eb5b7e04daf339f61dca5fd934100f -> dfbe75b66b645b53472915ad2590af11
  custom:scripting/monoscript/fileName/FrameCache.cs: 3dcf885da94f12c1b606c497e398faf9 -> 
  custom:scripting/monoscript/fileName/UIParticleEditor.cs: b6bdab8e4a72b4216e3f0c8f8ed45e99 -> 
  custom:container-muxer-webm: aa71ff27fc2769a1b78a27578f13a17b -> 
  custom:scripting/monoscript/fileName/ObjectRepository.cs: 0cdf409b5aa8d4c25876d72b5c6a3b60 -> 
  custom:scripting/monoscript/fileName/ObjectPool.cs: 0cdf409b5aa8d4c25876d72b5c6a3b60 -> 
  custom:video-decoder-webm-vp8: 9c59270c3fd7afecdb556c50c9e8de78 -> 
  custom:SearchIndexIgnoredProperties: e643bd26f0fe6173181afceb89e7c659 -> 
  custom:AudioImporter_EditorPlatform: d09bf68614088b80899f8185d706f6e7 -> 
  custom:scripting/monoscript/fileName/UIParticleAttractor.cs: 56646a28f8018ce8d626b6a0b28e5c77 -> 
  custom:scripting/monoscript/fileName/Color32Extensions.cs: 957a68f3e8b649a9394b51c6910ca65a -> 
  custom:scripting/monoscript/fileName/UIParticleRenderer.cs: e7d82b34b2b52af3ee36bf0e1f32e85d -> 
  custom:scripting/monoscript/fileName/UIParticleUpdater.cs: 64d938919628a112a7e9c9345f1ccb18 -> 
  custom:scripting/monoscript/fileName/NewTestScript.cs: 2eb4416447678e2004e156bd89cd8cbd -> 
  custom:scripting/monoscript/fileName/ParticleSystemExtensions.cs: a9d6841fd486ede512f2bde88014253e -> 
  custom:video-encoder-webm-vp8: eb34c28f22e8b96e1ab97ce403110664 -> 
  custom:audio-decoder-ogg-vorbis: bf7c407c2cedff20999df2af8eb42d56 -> 
  custom:scripting/monoscript/fileName/Misc.cs: 246d9d5aaf21070630ef885fe1125ea2 -> 7ed2e50827551a4e78c69f183dffa2c9
  custom:audio-encoder-webm-vorbis: bf7c407c2cedff20999df2af8eb42d56 -> 
  custom:scripting/monoscript/fileName/MaterialRepository.cs: 128c5f079d59296a900349dfa10fb5ae -> 
  custom:scripting/precompiled-assembly-types:Assembly-CSharp: 07e7dd28600559d92128d86ae33ef984 -> e39fd18ca0bed8fd7945fb9eec5095e0
========================================================================
Received Prepare
Caller must complete domain reload
Begin MonoManager ReloadAssembly
- Loaded All Assemblies, in  0.456 seconds
Native extension for WindowsStandalone target not found
Mono: successfully reloaded assembly
- Finished resetting the current domain, in  1.047 seconds
Domain Reload Profiling: 1501ms
	BeginReloadAssembly (152ms)
		ExecutionOrderSort (0ms)
		DisableScriptedObjects (7ms)
		BackupInstance (0ms)
		ReleaseScriptingObjects (0ms)
		CreateAndSetChildDomain (28ms)
	RebuildCommonClasses (35ms)
	RebuildNativeTypeToScriptingClass (11ms)
	initialDomainReloadingComplete (33ms)
	LoadAllAssembliesAndSetupDomain (223ms)
		LoadAssemblies (287ms)
		RebuildTransferFunctionScriptingTraits (0ms)
		AnalyzeDomain (22ms)
			TypeCache.Refresh (8ms)
				TypeCache.ScanAssembly (1ms)
			ScanForSourceGeneratedMonoScriptInfo (6ms)
			ResolveRequiredComponents (5ms)
	FinalizeReload (1048ms)
		ReleaseScriptCaches (0ms)
		RebuildScriptCaches (0ms)
		SetupLoadedEditorAssemblies (595ms)
			LogAssemblyErrors (0ms)
			InitializePlatformSupportModulesInManaged (6ms)
			SetLoadedEditorAssemblies (6ms)
			RefreshPlugins (0ms)
			BeforeProcessingInitializeOnLoad (172ms)
			ProcessInitializeOnLoadAttributes (384ms)
			ProcessInitializeOnLoadMethodAttributes (21ms)
			AfterProcessingInitializeOnLoad (7ms)
			EditorAssembliesLoaded (0ms)
		ExecutionOrderSort2 (0ms)
		AwakeInstancesAfterBackupRestoration (7ms)
Refreshing native plugins compatible for Editor in 3.24 ms, found 3 plugins.
Preloading 0 native plugins for Editor in 0.00 ms.
Unloading 3135 Unused Serialized files (Serialized files now loaded: 0)
Unloading 14 unused Assets / (28.6 KB). Loaded Objects now: 3673.
Memory consumption went from 192.7 MB to 192.6 MB.
Total: 2.455000 ms (FindLiveObjects: 0.258300 ms CreateObjectMapping: 0.098400 ms MarkObjects: 2.060900 ms  DeleteObjects: 0.036100 ms)

Prepare: number of updated asset objects reloaded= 0
AssetImportParameters requested are different than current active one (requested -> active):
  custom:scripting/monoscript/fileName/CFX_Demo_With_UIParticle.cs: 226f2c5431a3281109d962f41860d8fa -> 
  custom:scripting/monoscript/fileName/SpriteExtensions.cs: d15fc44627372ae38565323b74d7ae12 -> 
  custom:container-demuxer-ogg: 62fdf1f143b41e24485cea50d1cbac27 -> 
  custom:scripting/monoscript/fileName/UIParticle_PerformanceDemo.cs: 4f06c4b31cfbc934f9c8a4cffb890ea0 -> 
  custom:scripting/monoscript/fileName/UIParticleProjectSettings.cs: e67134131661b9872564981966bfc127 -> 
  custom:scripting/monoscript/fileName/UIParticle.cs: 2325898c5f7e7032e1304a953772e3db -> 
  custom:scripting/monoscript/fileName/Vector3Extensions.cs: d2785b660e92dd53626ae8ab3f74eb90 -> 
  custom:video-codec-MediaFoundation-h265: 746d11721c4dcdbdad8f713fa42b33f4 -> 
  custom:scripting/monoscript/fileName/UIExtraCallbacks.cs: 3d3413dbcd53c71899d73ab53a15ba37 -> 
  custom:video-decoder-ogg-theora: a1e56fd34408186e4bbccfd4996cb3dc -> 
  custom:scripting/monoscript/fileName/AnimatableProperty.cs: f35dc87c3f2df1477c8a408b8fbe37b5 -> 
  custom:scripting/monoscript/fileName/AnimatablePropertyEditor.cs: 1d03953670d8e406357019b192662737 -> 
  custom:scripting/monoscript/fileName/UIParticleMenu.cs: a4859bf31ac3affa2499cb7d11d0a844 -> 
  custom:framework-win-MediaFoundation: 216162199b28c13a410421893ffa2e32 -> 
  custom:scripting/monoscript/fileName/CanvasExtensions.cs: dd125fe003e3c2c37c4a99dbb0078950 -> 
  custom:scripting/monoscript/fileName/ComponentExtensions.cs: fb5af0f40f5d66304cb9361270b05072 -> 
  custom:scripting/monoscript/fileName/Logging.cs: 5f2ed8485a56b4e9e53aa65cdef27b10 -> 
  custom:CustomObjectIndexerAttribute: 9a22284fe3817be447336de3de66b15e -> 
  custom:container-demuxer-webm: 4f35f7cbe854078d1ac9338744f61a02 -> 
  custom:scripting/monoscript/fileName/FastAction.cs: 60eb5b7e04daf339f61dca5fd934100f -> dfbe75b66b645b53472915ad2590af11
  custom:scripting/monoscript/fileName/FrameCache.cs: 3dcf885da94f12c1b606c497e398faf9 -> 
  custom:scripting/monoscript/fileName/UIParticleEditor.cs: b6bdab8e4a72b4216e3f0c8f8ed45e99 -> 
  custom:container-muxer-webm: aa71ff27fc2769a1b78a27578f13a17b -> 
  custom:scripting/monoscript/fileName/ObjectRepository.cs: 0cdf409b5aa8d4c25876d72b5c6a3b60 -> 
  custom:scripting/monoscript/fileName/ObjectPool.cs: 0cdf409b5aa8d4c25876d72b5c6a3b60 -> 
  custom:video-decoder-webm-vp8: 9c59270c3fd7afecdb556c50c9e8de78 -> 
  custom:SearchIndexIgnoredProperties: e643bd26f0fe6173181afceb89e7c659 -> 
  custom:AudioImporter_EditorPlatform: d09bf68614088b80899f8185d706f6e7 -> 
  custom:scripting/monoscript/fileName/UIParticleAttractor.cs: 56646a28f8018ce8d626b6a0b28e5c77 -> 
  custom:scripting/monoscript/fileName/Color32Extensions.cs: 957a68f3e8b649a9394b51c6910ca65a -> 
  custom:scripting/monoscript/fileName/UIParticleRenderer.cs: e7d82b34b2b52af3ee36bf0e1f32e85d -> 
  custom:scripting/monoscript/fileName/UIParticleUpdater.cs: 64d938919628a112a7e9c9345f1ccb18 -> 
  custom:scripting/monoscript/fileName/NewTestScript.cs: 2eb4416447678e2004e156bd89cd8cbd -> 
  custom:scripting/monoscript/fileName/ParticleSystemExtensions.cs: a9d6841fd486ede512f2bde88014253e -> 
  custom:video-encoder-webm-vp8: eb34c28f22e8b96e1ab97ce403110664 -> 
  custom:audio-decoder-ogg-vorbis: bf7c407c2cedff20999df2af8eb42d56 -> 
  custom:scripting/monoscript/fileName/Misc.cs: 246d9d5aaf21070630ef885fe1125ea2 -> 7ed2e50827551a4e78c69f183dffa2c9
  custom:audio-encoder-webm-vorbis: bf7c407c2cedff20999df2af8eb42d56 -> 
  custom:scripting/monoscript/fileName/MaterialRepository.cs: 128c5f079d59296a900349dfa10fb5ae -> 
  custom:scripting/precompiled-assembly-types:Assembly-CSharp: 07e7dd28600559d92128d86ae33ef984 -> e39fd18ca0bed8fd7945fb9eec5095e0
========================================================================
Received Prepare
Caller must complete domain reload
Begin MonoManager ReloadAssembly
- Loaded All Assemblies, in  0.473 seconds
Native extension for WindowsStandalone target not found
Mono: successfully reloaded assembly
- Finished resetting the current domain, in  0.933 seconds
Domain Reload Profiling: 1403ms
	BeginReloadAssembly (150ms)
		ExecutionOrderSort (0ms)
		DisableScriptedObjects (5ms)
		BackupInstance (0ms)
		ReleaseScriptingObjects (0ms)
		CreateAndSetChildDomain (29ms)
	RebuildCommonClasses (41ms)
	RebuildNativeTypeToScriptingClass (11ms)
	initialDomainReloadingComplete (29ms)
	LoadAllAssembliesAndSetupDomain (239ms)
		LoadAssemblies (301ms)
		RebuildTransferFunctionScriptingTraits (0ms)
		AnalyzeDomain (25ms)
			TypeCache.Refresh (8ms)
				TypeCache.ScanAssembly (1ms)
			ScanForSourceGeneratedMonoScriptInfo (8ms)
			ResolveRequiredComponents (6ms)
	FinalizeReload (933ms)
		ReleaseScriptCaches (0ms)
		RebuildScriptCaches (0ms)
		SetupLoadedEditorAssemblies (457ms)
			LogAssemblyErrors (0ms)
			InitializePlatformSupportModulesInManaged (7ms)
			SetLoadedEditorAssemblies (5ms)
			RefreshPlugins (0ms)
			BeforeProcessingInitializeOnLoad (93ms)
			ProcessInitializeOnLoadAttributes (324ms)
			ProcessInitializeOnLoadMethodAttributes (21ms)
			AfterProcessingInitializeOnLoad (7ms)
			EditorAssembliesLoaded (0ms)
		ExecutionOrderSort2 (0ms)
		AwakeInstancesAfterBackupRestoration (6ms)
Refreshing native plugins compatible for Editor in 3.73 ms, found 3 plugins.
Preloading 0 native plugins for Editor in 0.00 ms.
Unloading 3135 Unused Serialized files (Serialized files now loaded: 0)
Unloading 14 unused Assets / (28.5 KB). Loaded Objects now: 3676.
Memory consumption went from 192.7 MB to 192.6 MB.
Total: 2.506300 ms (FindLiveObjects: 0.175100 ms CreateObjectMapping: 0.109800 ms MarkObjects: 2.189400 ms  DeleteObjects: 0.031200 ms)

Prepare: number of updated asset objects reloaded= 0
AssetImportParameters requested are different than current active one (requested -> active):
  custom:scripting/monoscript/fileName/CFX_Demo_With_UIParticle.cs: 226f2c5431a3281109d962f41860d8fa -> 
  custom:scripting/monoscript/fileName/SpriteExtensions.cs: d15fc44627372ae38565323b74d7ae12 -> 
  custom:container-demuxer-ogg: 62fdf1f143b41e24485cea50d1cbac27 -> 
  custom:scripting/monoscript/fileName/UIParticle_PerformanceDemo.cs: 4f06c4b31cfbc934f9c8a4cffb890ea0 -> 
  custom:scripting/monoscript/fileName/UIParticleProjectSettings.cs: e67134131661b9872564981966bfc127 -> 
  custom:scripting/monoscript/fileName/UIParticle.cs: 2325898c5f7e7032e1304a953772e3db -> 
  custom:scripting/monoscript/fileName/Vector3Extensions.cs: d2785b660e92dd53626ae8ab3f74eb90 -> 
  custom:video-codec-MediaFoundation-h265: 746d11721c4dcdbdad8f713fa42b33f4 -> 
  custom:scripting/monoscript/fileName/UIExtraCallbacks.cs: 3d3413dbcd53c71899d73ab53a15ba37 -> 
  custom:video-decoder-ogg-theora: a1e56fd34408186e4bbccfd4996cb3dc -> 
  custom:scripting/monoscript/fileName/AnimatableProperty.cs: f35dc87c3f2df1477c8a408b8fbe37b5 -> 
  custom:scripting/monoscript/fileName/AnimatablePropertyEditor.cs: 1d03953670d8e406357019b192662737 -> 
  custom:scripting/monoscript/fileName/UIParticleMenu.cs: a4859bf31ac3affa2499cb7d11d0a844 -> 
  custom:framework-win-MediaFoundation: 216162199b28c13a410421893ffa2e32 -> 
  custom:scripting/monoscript/fileName/CanvasExtensions.cs: dd125fe003e3c2c37c4a99dbb0078950 -> 
  custom:scripting/monoscript/fileName/ComponentExtensions.cs: fb5af0f40f5d66304cb9361270b05072 -> 
  custom:scripting/monoscript/fileName/Logging.cs: 5f2ed8485a56b4e9e53aa65cdef27b10 -> 
  custom:CustomObjectIndexerAttribute: 9a22284fe3817be447336de3de66b15e -> 
  custom:container-demuxer-webm: 4f35f7cbe854078d1ac9338744f61a02 -> 
  custom:scripting/monoscript/fileName/FastAction.cs: 60eb5b7e04daf339f61dca5fd934100f -> dfbe75b66b645b53472915ad2590af11
  custom:scripting/monoscript/fileName/FrameCache.cs: 3dcf885da94f12c1b606c497e398faf9 -> 
  custom:scripting/monoscript/fileName/UIParticleEditor.cs: b6bdab8e4a72b4216e3f0c8f8ed45e99 -> 
  custom:container-muxer-webm: aa71ff27fc2769a1b78a27578f13a17b -> 
  custom:scripting/monoscript/fileName/ObjectRepository.cs: 0cdf409b5aa8d4c25876d72b5c6a3b60 -> 
  custom:scripting/monoscript/fileName/ObjectPool.cs: 0cdf409b5aa8d4c25876d72b5c6a3b60 -> 
  custom:video-decoder-webm-vp8: 9c59270c3fd7afecdb556c50c9e8de78 -> 
  custom:SearchIndexIgnoredProperties: e643bd26f0fe6173181afceb89e7c659 -> 
  custom:AudioImporter_EditorPlatform: d09bf68614088b80899f8185d706f6e7 -> 
  custom:scripting/monoscript/fileName/UIParticleAttractor.cs: 56646a28f8018ce8d626b6a0b28e5c77 -> 
  custom:scripting/monoscript/fileName/Color32Extensions.cs: 957a68f3e8b649a9394b51c6910ca65a -> 
  custom:scripting/monoscript/fileName/UIParticleRenderer.cs: e7d82b34b2b52af3ee36bf0e1f32e85d -> 
  custom:scripting/monoscript/fileName/UIParticleUpdater.cs: 64d938919628a112a7e9c9345f1ccb18 -> 
  custom:scripting/monoscript/fileName/NewTestScript.cs: 2eb4416447678e2004e156bd89cd8cbd -> 
  custom:scripting/monoscript/fileName/ParticleSystemExtensions.cs: a9d6841fd486ede512f2bde88014253e -> 
  custom:video-encoder-webm-vp8: eb34c28f22e8b96e1ab97ce403110664 -> 
  custom:audio-decoder-ogg-vorbis: bf7c407c2cedff20999df2af8eb42d56 -> 
  custom:scripting/monoscript/fileName/Misc.cs: 246d9d5aaf21070630ef885fe1125ea2 -> 7ed2e50827551a4e78c69f183dffa2c9
  custom:audio-encoder-webm-vorbis: bf7c407c2cedff20999df2af8eb42d56 -> 
  custom:scripting/monoscript/fileName/MaterialRepository.cs: 128c5f079d59296a900349dfa10fb5ae -> 
  custom:scripting/precompiled-assembly-types:Assembly-CSharp: 07e7dd28600559d92128d86ae33ef984 -> e39fd18ca0bed8fd7945fb9eec5095e0
========================================================================
Received Prepare
Caller must complete domain reload
Begin MonoManager ReloadAssembly
- Loaded All Assemblies, in  0.459 seconds
Native extension for WindowsStandalone target not found
Mono: successfully reloaded assembly
- Finished resetting the current domain, in  1.019 seconds
Domain Reload Profiling: 1474ms
	BeginReloadAssembly (147ms)
		ExecutionOrderSort (0ms)
		DisableScriptedObjects (5ms)
		BackupInstance (0ms)
		ReleaseScriptingObjects (0ms)
		CreateAndSetChildDomain (25ms)
	RebuildCommonClasses (41ms)
	RebuildNativeTypeToScriptingClass (12ms)
	initialDomainReloadingComplete (30ms)
	LoadAllAssembliesAndSetupDomain (226ms)
		LoadAssemblies (298ms)
		RebuildTransferFunctionScriptingTraits (0ms)
		AnalyzeDomain (14ms)
			TypeCache.Refresh (5ms)
				TypeCache.ScanAssembly (0ms)
			ScanForSourceGeneratedMonoScriptInfo (0ms)
			ResolveRequiredComponents (6ms)
	FinalizeReload (1019ms)
		ReleaseScriptCaches (0ms)
		RebuildScriptCaches (0ms)
		SetupLoadedEditorAssemblies (499ms)
			LogAssemblyErrors (0ms)
			InitializePlatformSupportModulesInManaged (8ms)
			SetLoadedEditorAssemblies (5ms)
			RefreshPlugins (0ms)
			BeforeProcessingInitializeOnLoad (94ms)
			ProcessInitializeOnLoadAttributes (363ms)
			ProcessInitializeOnLoadMethodAttributes (22ms)
			AfterProcessingInitializeOnLoad (7ms)
			EditorAssembliesLoaded (0ms)
		ExecutionOrderSort2 (0ms)
		AwakeInstancesAfterBackupRestoration (6ms)
Refreshing native plugins compatible for Editor in 3.50 ms, found 3 plugins.
Preloading 0 native plugins for Editor in 0.00 ms.
Unloading 3135 Unused Serialized files (Serialized files now loaded: 0)
Unloading 14 unused Assets / (28.5 KB). Loaded Objects now: 3679.
Memory consumption went from 192.7 MB to 192.6 MB.
Total: 2.190000 ms (FindLiveObjects: 0.185900 ms CreateObjectMapping: 0.105600 ms MarkObjects: 1.862500 ms  DeleteObjects: 0.034900 ms)

Prepare: number of updated asset objects reloaded= 0
AssetImportParameters requested are different than current active one (requested -> active):
  custom:scripting/monoscript/fileName/CFX_Demo_With_UIParticle.cs: 226f2c5431a3281109d962f41860d8fa -> 
  custom:scripting/monoscript/fileName/SpriteExtensions.cs: d15fc44627372ae38565323b74d7ae12 -> 
  custom:container-demuxer-ogg: 62fdf1f143b41e24485cea50d1cbac27 -> 
  custom:scripting/monoscript/fileName/UIParticle_PerformanceDemo.cs: 4f06c4b31cfbc934f9c8a4cffb890ea0 -> 
  custom:scripting/monoscript/fileName/UIParticleProjectSettings.cs: e67134131661b9872564981966bfc127 -> 
  custom:scripting/monoscript/fileName/UIParticle.cs: 2325898c5f7e7032e1304a953772e3db -> 
  custom:scripting/monoscript/fileName/Vector3Extensions.cs: d2785b660e92dd53626ae8ab3f74eb90 -> 
  custom:video-codec-MediaFoundation-h265: 746d11721c4dcdbdad8f713fa42b33f4 -> 
  custom:scripting/monoscript/fileName/UIExtraCallbacks.cs: 3d3413dbcd53c71899d73ab53a15ba37 -> 
  custom:video-decoder-ogg-theora: a1e56fd34408186e4bbccfd4996cb3dc -> 
  custom:scripting/monoscript/fileName/AnimatableProperty.cs: f35dc87c3f2df1477c8a408b8fbe37b5 -> 
  custom:scripting/monoscript/fileName/AnimatablePropertyEditor.cs: 1d03953670d8e406357019b192662737 -> 
  custom:scripting/monoscript/fileName/UIParticleMenu.cs: a4859bf31ac3affa2499cb7d11d0a844 -> 
  custom:framework-win-MediaFoundation: 216162199b28c13a410421893ffa2e32 -> 
  custom:scripting/monoscript/fileName/CanvasExtensions.cs: dd125fe003e3c2c37c4a99dbb0078950 -> 
  custom:scripting/monoscript/fileName/ComponentExtensions.cs: fb5af0f40f5d66304cb9361270b05072 -> 
  custom:scripting/monoscript/fileName/Logging.cs: 5f2ed8485a56b4e9e53aa65cdef27b10 -> 
  custom:CustomObjectIndexerAttribute: 9a22284fe3817be447336de3de66b15e -> 
  custom:container-demuxer-webm: 4f35f7cbe854078d1ac9338744f61a02 -> 
  custom:scripting/monoscript/fileName/FastAction.cs: 60eb5b7e04daf339f61dca5fd934100f -> dfbe75b66b645b53472915ad2590af11
  custom:scripting/monoscript/fileName/FrameCache.cs: 3dcf885da94f12c1b606c497e398faf9 -> 
  custom:scripting/monoscript/fileName/UIParticleEditor.cs: b6bdab8e4a72b4216e3f0c8f8ed45e99 -> 
  custom:container-muxer-webm: aa71ff27fc2769a1b78a27578f13a17b -> 
  custom:scripting/monoscript/fileName/ObjectRepository.cs: 0cdf409b5aa8d4c25876d72b5c6a3b60 -> 
  custom:scripting/monoscript/fileName/ObjectPool.cs: 0cdf409b5aa8d4c25876d72b5c6a3b60 -> 
  custom:video-decoder-webm-vp8: 9c59270c3fd7afecdb556c50c9e8de78 -> 
  custom:SearchIndexIgnoredProperties: e643bd26f0fe6173181afceb89e7c659 -> 
  custom:AudioImporter_EditorPlatform: d09bf68614088b80899f8185d706f6e7 -> 
  custom:scripting/monoscript/fileName/UIParticleAttractor.cs: 56646a28f8018ce8d626b6a0b28e5c77 -> 
  custom:scripting/monoscript/fileName/Color32Extensions.cs: 957a68f3e8b649a9394b51c6910ca65a -> 
  custom:scripting/monoscript/fileName/UIParticleRenderer.cs: e7d82b34b2b52af3ee36bf0e1f32e85d -> 
  custom:scripting/monoscript/fileName/UIParticleUpdater.cs: 64d938919628a112a7e9c9345f1ccb18 -> 
  custom:scripting/monoscript/fileName/NewTestScript.cs: 2eb4416447678e2004e156bd89cd8cbd -> 
  custom:scripting/monoscript/fileName/ParticleSystemExtensions.cs: a9d6841fd486ede512f2bde88014253e -> 
  custom:video-encoder-webm-vp8: eb34c28f22e8b96e1ab97ce403110664 -> 
  custom:audio-decoder-ogg-vorbis: bf7c407c2cedff20999df2af8eb42d56 -> 
  custom:scripting/monoscript/fileName/Misc.cs: 246d9d5aaf21070630ef885fe1125ea2 -> 7ed2e50827551a4e78c69f183dffa2c9
  custom:audio-encoder-webm-vorbis: bf7c407c2cedff20999df2af8eb42d56 -> 
  custom:scripting/monoscript/fileName/MaterialRepository.cs: 128c5f079d59296a900349dfa10fb5ae -> 
  custom:scripting/precompiled-assembly-types:Assembly-CSharp: 07e7dd28600559d92128d86ae33ef984 -> e39fd18ca0bed8fd7945fb9eec5095e0
========================================================================
Received Prepare
Caller must complete domain reload
Begin MonoManager ReloadAssembly
- Loaded All Assemblies, in  0.472 seconds
Native extension for WindowsStandalone target not found
Mono: successfully reloaded assembly
- Finished resetting the current domain, in  0.902 seconds
Domain Reload Profiling: 1370ms
	BeginReloadAssembly (155ms)
		ExecutionOrderSort (0ms)
		DisableScriptedObjects (6ms)
		BackupInstance (0ms)
		ReleaseScriptingObjects (0ms)
		CreateAndSetChildDomain (28ms)
	RebuildCommonClasses (40ms)
	RebuildNativeTypeToScriptingClass (12ms)
	initialDomainReloadingComplete (31ms)
	LoadAllAssembliesAndSetupDomain (230ms)
		LoadAssemblies (299ms)
		RebuildTransferFunctionScriptingTraits (0ms)
		AnalyzeDomain (22ms)
			TypeCache.Refresh (8ms)
				TypeCache.ScanAssembly (1ms)
			ScanForSourceGeneratedMonoScriptInfo (7ms)
			ResolveRequiredComponents (5ms)
	FinalizeReload (903ms)
		ReleaseScriptCaches (0ms)
		RebuildScriptCaches (0ms)
		SetupLoadedEditorAssemblies (456ms)
			LogAssemblyErrors (0ms)
			InitializePlatformSupportModulesInManaged (8ms)
			SetLoadedEditorAssemblies (5ms)
			RefreshPlugins (0ms)
			BeforeProcessingInitializeOnLoad (90ms)
			ProcessInitializeOnLoadAttributes (321ms)
			ProcessInitializeOnLoadMethodAttributes (24ms)
			AfterProcessingInitializeOnLoad (8ms)
			EditorAssembliesLoaded (0ms)
		ExecutionOrderSort2 (0ms)
		AwakeInstancesAfterBackupRestoration (5ms)
Refreshing native plugins compatible for Editor in 3.82 ms, found 3 plugins.
Preloading 0 native plugins for Editor in 0.00 ms.
Unloading 3135 Unused Serialized files (Serialized files now loaded: 0)
Unloading 14 unused Assets / (28.6 KB). Loaded Objects now: 3682.
Memory consumption went from 192.7 MB to 192.7 MB.
Total: 1.985400 ms (FindLiveObjects: 0.174200 ms CreateObjectMapping: 0.083200 ms MarkObjects: 1.698800 ms  DeleteObjects: 0.027900 ms)

Prepare: number of updated asset objects reloaded= 0
AssetImportParameters requested are different than current active one (requested -> active):
  custom:scripting/monoscript/fileName/CFX_Demo_With_UIParticle.cs: 226f2c5431a3281109d962f41860d8fa -> 
  custom:scripting/monoscript/fileName/SpriteExtensions.cs: d15fc44627372ae38565323b74d7ae12 -> 
  custom:container-demuxer-ogg: 62fdf1f143b41e24485cea50d1cbac27 -> 
  custom:scripting/monoscript/fileName/UIParticle_PerformanceDemo.cs: 4f06c4b31cfbc934f9c8a4cffb890ea0 -> 
  custom:scripting/monoscript/fileName/UIParticleProjectSettings.cs: e67134131661b9872564981966bfc127 -> 
  custom:scripting/monoscript/fileName/UIParticle.cs: 2325898c5f7e7032e1304a953772e3db -> 
  custom:scripting/monoscript/fileName/Vector3Extensions.cs: d2785b660e92dd53626ae8ab3f74eb90 -> 
  custom:video-codec-MediaFoundation-h265: 746d11721c4dcdbdad8f713fa42b33f4 -> 
  custom:scripting/monoscript/fileName/UIExtraCallbacks.cs: 3d3413dbcd53c71899d73ab53a15ba37 -> 
  custom:video-decoder-ogg-theora: a1e56fd34408186e4bbccfd4996cb3dc -> 
  custom:scripting/monoscript/fileName/AnimatableProperty.cs: f35dc87c3f2df1477c8a408b8fbe37b5 -> 
  custom:scripting/monoscript/fileName/AnimatablePropertyEditor.cs: 1d03953670d8e406357019b192662737 -> 
  custom:scripting/monoscript/fileName/UIParticleMenu.cs: a4859bf31ac3affa2499cb7d11d0a844 -> 
  custom:framework-win-MediaFoundation: 216162199b28c13a410421893ffa2e32 -> 
  custom:scripting/monoscript/fileName/CanvasExtensions.cs: dd125fe003e3c2c37c4a99dbb0078950 -> 
  custom:scripting/monoscript/fileName/ComponentExtensions.cs: fb5af0f40f5d66304cb9361270b05072 -> 
  custom:scripting/monoscript/fileName/Logging.cs: 5f2ed8485a56b4e9e53aa65cdef27b10 -> 
  custom:CustomObjectIndexerAttribute: 9a22284fe3817be447336de3de66b15e -> 
  custom:container-demuxer-webm: 4f35f7cbe854078d1ac9338744f61a02 -> 
  custom:scripting/monoscript/fileName/FastAction.cs: 60eb5b7e04daf339f61dca5fd934100f -> dfbe75b66b645b53472915ad2590af11
  custom:scripting/monoscript/fileName/FrameCache.cs: 3dcf885da94f12c1b606c497e398faf9 -> 
  custom:scripting/monoscript/fileName/UIParticleEditor.cs: b6bdab8e4a72b4216e3f0c8f8ed45e99 -> 
  custom:container-muxer-webm: aa71ff27fc2769a1b78a27578f13a17b -> 
  custom:scripting/monoscript/fileName/ObjectRepository.cs: 0cdf409b5aa8d4c25876d72b5c6a3b60 -> 
  custom:scripting/monoscript/fileName/ObjectPool.cs: 0cdf409b5aa8d4c25876d72b5c6a3b60 -> 
  custom:video-decoder-webm-vp8: 9c59270c3fd7afecdb556c50c9e8de78 -> 
  custom:SearchIndexIgnoredProperties: e643bd26f0fe6173181afceb89e7c659 -> 
  custom:AudioImporter_EditorPlatform: d09bf68614088b80899f8185d706f6e7 -> 
  custom:scripting/monoscript/fileName/UIParticleAttractor.cs: 56646a28f8018ce8d626b6a0b28e5c77 -> 
  custom:scripting/monoscript/fileName/Color32Extensions.cs: 957a68f3e8b649a9394b51c6910ca65a -> 
  custom:scripting/monoscript/fileName/UIParticleRenderer.cs: e7d82b34b2b52af3ee36bf0e1f32e85d -> 
  custom:scripting/monoscript/fileName/UIParticleUpdater.cs: 64d938919628a112a7e9c9345f1ccb18 -> 
  custom:scripting/monoscript/fileName/NewTestScript.cs: 2eb4416447678e2004e156bd89cd8cbd -> 
  custom:scripting/monoscript/fileName/ParticleSystemExtensions.cs: a9d6841fd486ede512f2bde88014253e -> 
  custom:video-encoder-webm-vp8: eb34c28f22e8b96e1ab97ce403110664 -> 
  custom:audio-decoder-ogg-vorbis: bf7c407c2cedff20999df2af8eb42d56 -> 
  custom:scripting/monoscript/fileName/Misc.cs: 246d9d5aaf21070630ef885fe1125ea2 -> 7ed2e50827551a4e78c69f183dffa2c9
  custom:audio-encoder-webm-vorbis: bf7c407c2cedff20999df2af8eb42d56 -> 
  custom:scripting/monoscript/fileName/MaterialRepository.cs: 128c5f079d59296a900349dfa10fb5ae -> 
  custom:scripting/precompiled-assembly-types:Assembly-CSharp: 07e7dd28600559d92128d86ae33ef984 -> e39fd18ca0bed8fd7945fb9eec5095e0
========================================================================
Received Prepare
Caller must complete domain reload
Begin MonoManager ReloadAssembly
- Loaded All Assemblies, in  0.448 seconds
Native extension for WindowsStandalone target not found
Mono: successfully reloaded assembly
- Finished resetting the current domain, in  1.006 seconds
Domain Reload Profiling: 1451ms
	BeginReloadAssembly (148ms)
		ExecutionOrderSort (0ms)
		DisableScriptedObjects (6ms)
		BackupInstance (0ms)
		ReleaseScriptingObjects (0ms)
		CreateAndSetChildDomain (27ms)
	RebuildCommonClasses (33ms)
	RebuildNativeTypeToScriptingClass (13ms)
	initialDomainReloadingComplete (31ms)
	LoadAllAssembliesAndSetupDomain (220ms)
		LoadAssemblies (292ms)
		RebuildTransferFunctionScriptingTraits (0ms)
		AnalyzeDomain (12ms)
			TypeCache.Refresh (5ms)
				TypeCache.ScanAssembly (0ms)
			ScanForSourceGeneratedMonoScriptInfo (0ms)
			ResolveRequiredComponents (5ms)
	FinalizeReload (1007ms)
		ReleaseScriptCaches (0ms)
		RebuildScriptCaches (0ms)
		SetupLoadedEditorAssemblies (491ms)
			LogAssemblyErrors (0ms)
			InitializePlatformSupportModulesInManaged (7ms)
			SetLoadedEditorAssemblies (6ms)
			RefreshPlugins (0ms)
			BeforeProcessingInitializeOnLoad (91ms)
			ProcessInitializeOnLoadAttributes (359ms)
			ProcessInitializeOnLoadMethodAttributes (20ms)
			AfterProcessingInitializeOnLoad (8ms)
			EditorAssembliesLoaded (0ms)
		ExecutionOrderSort2 (0ms)
		AwakeInstancesAfterBackupRestoration (7ms)
Refreshing native plugins compatible for Editor in 4.94 ms, found 3 plugins.
Preloading 0 native plugins for Editor in 0.00 ms.
Unloading 3135 Unused Serialized files (Serialized files now loaded: 0)
Unloading 14 unused Assets / (28.5 KB). Loaded Objects now: 3685.
Memory consumption went from 192.7 MB to 192.7 MB.
Total: 2.331300 ms (FindLiveObjects: 0.188000 ms CreateObjectMapping: 0.088600 ms MarkObjects: 2.018800 ms  DeleteObjects: 0.035000 ms)

Prepare: number of updated asset objects reloaded= 0
AssetImportParameters requested are different than current active one (requested -> active):
  custom:scripting/monoscript/fileName/CFX_Demo_With_UIParticle.cs: 226f2c5431a3281109d962f41860d8fa -> 
  custom:scripting/monoscript/fileName/SpriteExtensions.cs: d15fc44627372ae38565323b74d7ae12 -> 
  custom:container-demuxer-ogg: 62fdf1f143b41e24485cea50d1cbac27 -> 
  custom:scripting/monoscript/fileName/UIParticle_PerformanceDemo.cs: 4f06c4b31cfbc934f9c8a4cffb890ea0 -> 
  custom:scripting/monoscript/fileName/UIParticleProjectSettings.cs: e67134131661b9872564981966bfc127 -> 
  custom:scripting/monoscript/fileName/UIParticle.cs: 2325898c5f7e7032e1304a953772e3db -> 
  custom:scripting/monoscript/fileName/Vector3Extensions.cs: d2785b660e92dd53626ae8ab3f74eb90 -> 
  custom:video-codec-MediaFoundation-h265: 746d11721c4dcdbdad8f713fa42b33f4 -> 
  custom:scripting/monoscript/fileName/UIExtraCallbacks.cs: 3d3413dbcd53c71899d73ab53a15ba37 -> 
  custom:video-decoder-ogg-theora: a1e56fd34408186e4bbccfd4996cb3dc -> 
  custom:scripting/monoscript/fileName/AnimatableProperty.cs: f35dc87c3f2df1477c8a408b8fbe37b5 -> 
  custom:scripting/monoscript/fileName/AnimatablePropertyEditor.cs: 1d03953670d8e406357019b192662737 -> 
  custom:scripting/monoscript/fileName/UIParticleMenu.cs: a4859bf31ac3affa2499cb7d11d0a844 -> 
  custom:framework-win-MediaFoundation: 216162199b28c13a410421893ffa2e32 -> 
  custom:scripting/monoscript/fileName/CanvasExtensions.cs: dd125fe003e3c2c37c4a99dbb0078950 -> 
  custom:scripting/monoscript/fileName/ComponentExtensions.cs: fb5af0f40f5d66304cb9361270b05072 -> 
  custom:scripting/monoscript/fileName/Logging.cs: 5f2ed8485a56b4e9e53aa65cdef27b10 -> 
  custom:CustomObjectIndexerAttribute: 9a22284fe3817be447336de3de66b15e -> 
  custom:container-demuxer-webm: 4f35f7cbe854078d1ac9338744f61a02 -> 
  custom:scripting/monoscript/fileName/FastAction.cs: 60eb5b7e04daf339f61dca5fd934100f -> dfbe75b66b645b53472915ad2590af11
  custom:scripting/monoscript/fileName/FrameCache.cs: 3dcf885da94f12c1b606c497e398faf9 -> 
  custom:scripting/monoscript/fileName/UIParticleEditor.cs: b6bdab8e4a72b4216e3f0c8f8ed45e99 -> 
  custom:container-muxer-webm: aa71ff27fc2769a1b78a27578f13a17b -> 
  custom:scripting/monoscript/fileName/ObjectRepository.cs: 0cdf409b5aa8d4c25876d72b5c6a3b60 -> 
  custom:scripting/monoscript/fileName/ObjectPool.cs: 0cdf409b5aa8d4c25876d72b5c6a3b60 -> 
  custom:video-decoder-webm-vp8: 9c59270c3fd7afecdb556c50c9e8de78 -> 
  custom:SearchIndexIgnoredProperties: e643bd26f0fe6173181afceb89e7c659 -> 
  custom:AudioImporter_EditorPlatform: d09bf68614088b80899f8185d706f6e7 -> 
  custom:scripting/monoscript/fileName/UIParticleAttractor.cs: 56646a28f8018ce8d626b6a0b28e5c77 -> 
  custom:scripting/monoscript/fileName/Color32Extensions.cs: 957a68f3e8b649a9394b51c6910ca65a -> 
  custom:scripting/monoscript/fileName/UIParticleRenderer.cs: e7d82b34b2b52af3ee36bf0e1f32e85d -> 
  custom:scripting/monoscript/fileName/UIParticleUpdater.cs: 64d938919628a112a7e9c9345f1ccb18 -> 
  custom:scripting/monoscript/fileName/NewTestScript.cs: 2eb4416447678e2004e156bd89cd8cbd -> 
  custom:scripting/monoscript/fileName/ParticleSystemExtensions.cs: a9d6841fd486ede512f2bde88014253e -> 
  custom:video-encoder-webm-vp8: eb34c28f22e8b96e1ab97ce403110664 -> 
  custom:audio-decoder-ogg-vorbis: bf7c407c2cedff20999df2af8eb42d56 -> 
  custom:scripting/monoscript/fileName/Misc.cs: 246d9d5aaf21070630ef885fe1125ea2 -> 7ed2e50827551a4e78c69f183dffa2c9
  custom:audio-encoder-webm-vorbis: bf7c407c2cedff20999df2af8eb42d56 -> 
  custom:scripting/monoscript/fileName/MaterialRepository.cs: 128c5f079d59296a900349dfa10fb5ae -> 
  custom:scripting/precompiled-assembly-types:Assembly-CSharp: 07e7dd28600559d92128d86ae33ef984 -> e39fd18ca0bed8fd7945fb9eec5095e0
========================================================================
Received Import Request.
  Time since last request: 961.941778 seconds.
  path: Assets/Resources/9727027.png
  artifactKey: Guid(8e54c92ad1f684940a363b3574a0066b) Importer(815301076,1909f56bfc062723c751e8b465ee728b)
Start importing Assets/Resources/9727027.png using Guid(8e54c92ad1f684940a363b3574a0066b) Importer(815301076,1909f56bfc062723c751e8b465ee728b) [PhysX] Initialized MultithreadedTaskDispatcher with 12 workers.
[PhysX] Initialized MultithreadedTaskDispatcher with 12 workers.
 -> (artifact id: '8b27c3b72ba4cf1187e4e0349e4b8682') in 0.110117 seconds
Number of updated asset objects reloaded before import = 0
Number of asset objects unloaded after import = 3
========================================================================
Received Import Request.
  Time since last request: 5.467470 seconds.
  path: Assets/Resources/Coal.png
  artifactKey: Guid(8e54c92ad1f684940a363b3574a0066b) Importer(815301076,1909f56bfc062723c751e8b465ee728b)
Start importing Assets/Resources/Coal.png using Guid(8e54c92ad1f684940a363b3574a0066b) Importer(815301076,1909f56bfc062723c751e8b465ee728b) [PhysX] Initialized MultithreadedTaskDispatcher with 12 workers.
[PhysX] Initialized MultithreadedTaskDispatcher with 12 workers.
 -> (artifact id: '02feead49269da0fdeb50deb531dd584') in 0.013151 seconds
Number of updated asset objects reloaded before import = 0
Number of asset objects unloaded after import = 3
========================================================================
Received Import Request.
  Time since last request: 4.912375 seconds.
  path: Assets/Resources/Coal Mine.jpg
  artifactKey: Guid(f9027232faa1db644af9958a8fe84229) Importer(815301076,1909f56bfc062723c751e8b465ee728b)
Start importing Assets/Resources/Coal Mine.jpg using Guid(f9027232faa1db644af9958a8fe84229) Importer(815301076,1909f56bfc062723c751e8b465ee728b) [PhysX] Initialized MultithreadedTaskDispatcher with 12 workers.
[PhysX] Initialized MultithreadedTaskDispatcher with 12 workers.
 -> (artifact id: '1017e2742b75c6e283d29e1141e71b6d') in 0.015051 seconds
Number of updated asset objects reloaded before import = 0
Number of asset objects unloaded after import = 3
========================================================================
Received Import Request.
  Time since last request: 15.448976 seconds.
  path: Assets/Resources/Coal_Ore.jpg
  artifactKey: Guid(f9027232faa1db644af9958a8fe84229) Importer(815301076,1909f56bfc062723c751e8b465ee728b)
Start importing Assets/Resources/Coal_Ore.jpg using Guid(f9027232faa1db644af9958a8fe84229) Importer(815301076,1909f56bfc062723c751e8b465ee728b) [PhysX] Initialized MultithreadedTaskDispatcher with 12 workers.
[PhysX] Initialized MultithreadedTaskDispatcher with 12 workers.
 -> (artifact id: '8cdc9fb51d229a9fd6fda451df8bf24d') in 0.013758 seconds
Number of updated asset objects reloaded before import = 0
Number of asset objects unloaded after import = 3
========================================================================
Received Import Request.
  Time since last request: 5.934519 seconds.
  path: Assets/Resources/Coal_Ore.png
  artifactKey: Guid(ba578850578b9be449c65c57672b211f) Importer(815301076,1909f56bfc062723c751e8b465ee728b)
Start importing Assets/Resources/Coal_Ore.png using Guid(ba578850578b9be449c65c57672b211f) Importer(815301076,1909f56bfc062723c751e8b465ee728b) [PhysX] Initialized MultithreadedTaskDispatcher with 12 workers.
[PhysX] Initialized MultithreadedTaskDispatcher with 12 workers.
 -> (artifact id: 'eec859c4086fa589195ff502041362a1') in 0.012403 seconds
Number of updated asset objects reloaded before import = 0
Number of asset objects unloaded after import = 2
========================================================================
Received Import Request.
  Time since last request: 4.207742 seconds.
  path: Assets/Resources/Coal_Ore.png
  artifactKey: Guid(ba578850578b9be449c65c57672b211f) Importer(815301076,1909f56bfc062723c751e8b465ee728b)
Start importing Assets/Resources/Coal_Ore.png using Guid(ba578850578b9be449c65c57672b211f) Importer(815301076,1909f56bfc062723c751e8b465ee728b) [PhysX] Initialized MultithreadedTaskDispatcher with 12 workers.
[PhysX] Initialized MultithreadedTaskDispatcher with 12 workers.
 -> (artifact id: '03cd5008cc86b9f7e46b30fecffd6cda') in 0.013454 seconds
Number of updated asset objects reloaded before import = 0
Number of asset objects unloaded after import = 3
========================================================================
Received Import Request.
  Time since last request: 12.582093 seconds.
  path: Assets/Resources/Prefabs/Card Pack.prefab
  artifactKey: Guid(3ba66cc9855c27745ab902b5f7fd2208) Importer(815301076,1909f56bfc062723c751e8b465ee728b)
Start importing Assets/Resources/Prefabs/Card Pack.prefab using Guid(3ba66cc9855c27745ab902b5f7fd2208) Importer(815301076,1909f56bfc062723c751e8b465ee728b) [PhysX] Initialized MultithreadedTaskDispatcher with 12 workers.
 -> (artifact id: 'a65cf21586708216aa2df7fd8bad2b64') in 0.048068 seconds
Number of updated asset objects reloaded before import = 0
Number of asset objects unloaded after import = 30
========================================================================
Received Prepare
Caller must complete domain reload
Begin MonoManager ReloadAssembly
- Loaded All Assemblies, in  0.460 seconds
Native extension for WindowsStandalone target not found
Mono: successfully reloaded assembly
- Finished resetting the current domain, in  1.045 seconds
Domain Reload Profiling: 1502ms
	BeginReloadAssembly (144ms)
		ExecutionOrderSort (0ms)
		DisableScriptedObjects (5ms)
		BackupInstance (0ms)
		ReleaseScriptingObjects (0ms)
		CreateAndSetChildDomain (30ms)
	RebuildCommonClasses (35ms)
	RebuildNativeTypeToScriptingClass (13ms)
	initialDomainReloadingComplete (32ms)
	LoadAllAssembliesAndSetupDomain (233ms)
		LoadAssemblies (298ms)
		RebuildTransferFunctionScriptingTraits (0ms)
		AnalyzeDomain (14ms)
			TypeCache.Refresh (6ms)
				TypeCache.ScanAssembly (0ms)
			ScanForSourceGeneratedMonoScriptInfo (0ms)
			ResolveRequiredComponents (6ms)
	FinalizeReload (1045ms)
		ReleaseScriptCaches (0ms)
		RebuildScriptCaches (0ms)
		SetupLoadedEditorAssemblies (487ms)
			LogAssemblyErrors (0ms)
			InitializePlatformSupportModulesInManaged (7ms)
			SetLoadedEditorAssemblies (6ms)
			RefreshPlugins (0ms)
			BeforeProcessingInitializeOnLoad (98ms)
			ProcessInitializeOnLoadAttributes (347ms)
			ProcessInitializeOnLoadMethodAttributes (22ms)
			AfterProcessingInitializeOnLoad (7ms)
			EditorAssembliesLoaded (0ms)
		ExecutionOrderSort2 (0ms)
		AwakeInstancesAfterBackupRestoration (6ms)
Refreshing native plugins compatible for Editor in 4.27 ms, found 3 plugins.
Preloading 0 native plugins for Editor in 0.00 ms.
Unloading 3134 Unused Serialized files (Serialized files now loaded: 0)
Unloading 14 unused Assets / (28.6 KB). Loaded Objects now: 3697.
Memory consumption went from 196.9 MB to 196.9 MB.
Total: 2.655000 ms (FindLiveObjects: 0.249700 ms CreateObjectMapping: 0.143900 ms MarkObjects: 2.225300 ms  DeleteObjects: 0.035400 ms)

Prepare: number of updated asset objects reloaded= 0
AssetImportParameters requested are different than current active one (requested -> active):
  custom:scripting/monoscript/fileName/CFX_Demo_With_UIParticle.cs: 226f2c5431a3281109d962f41860d8fa -> 
  custom:scripting/monoscript/fileName/SpriteExtensions.cs: d15fc44627372ae38565323b74d7ae12 -> 
  custom:container-demuxer-ogg: 62fdf1f143b41e24485cea50d1cbac27 -> 
  custom:scripting/monoscript/fileName/UIParticle_PerformanceDemo.cs: 4f06c4b31cfbc934f9c8a4cffb890ea0 -> 
  custom:scripting/monoscript/fileName/UIParticleProjectSettings.cs: e67134131661b9872564981966bfc127 -> 
  custom:scripting/monoscript/fileName/UIParticle.cs: 2325898c5f7e7032e1304a953772e3db -> 
  custom:scripting/monoscript/fileName/Vector3Extensions.cs: d2785b660e92dd53626ae8ab3f74eb90 -> 
  custom:video-codec-MediaFoundation-h265: 746d11721c4dcdbdad8f713fa42b33f4 -> 
  custom:scripting/monoscript/fileName/UIExtraCallbacks.cs: 3d3413dbcd53c71899d73ab53a15ba37 -> 
  custom:video-decoder-ogg-theora: a1e56fd34408186e4bbccfd4996cb3dc -> 
  custom:scripting/monoscript/fileName/AnimatableProperty.cs: f35dc87c3f2df1477c8a408b8fbe37b5 -> 
  custom:scripting/monoscript/fileName/AnimatablePropertyEditor.cs: 1d03953670d8e406357019b192662737 -> 
  custom:scripting/monoscript/fileName/UIParticleMenu.cs: a4859bf31ac3affa2499cb7d11d0a844 -> 
  custom:framework-win-MediaFoundation: 216162199b28c13a410421893ffa2e32 -> 
  custom:scripting/monoscript/fileName/CanvasExtensions.cs: dd125fe003e3c2c37c4a99dbb0078950 -> 
  custom:scripting/monoscript/fileName/ComponentExtensions.cs: fb5af0f40f5d66304cb9361270b05072 -> 
  custom:scripting/monoscript/fileName/Logging.cs: 5f2ed8485a56b4e9e53aa65cdef27b10 -> 
  custom:CustomObjectIndexerAttribute: 9a22284fe3817be447336de3de66b15e -> 
  custom:container-demuxer-webm: 4f35f7cbe854078d1ac9338744f61a02 -> 
  custom:scripting/monoscript/fileName/FastAction.cs: 60eb5b7e04daf339f61dca5fd934100f -> dfbe75b66b645b53472915ad2590af11
  custom:scripting/monoscript/fileName/FrameCache.cs: 3dcf885da94f12c1b606c497e398faf9 -> 
  custom:scripting/monoscript/fileName/UIParticleEditor.cs: b6bdab8e4a72b4216e3f0c8f8ed45e99 -> 
  custom:container-muxer-webm: aa71ff27fc2769a1b78a27578f13a17b -> 
  custom:scripting/monoscript/fileName/ObjectRepository.cs: 0cdf409b5aa8d4c25876d72b5c6a3b60 -> 
  custom:scripting/monoscript/fileName/ObjectPool.cs: 0cdf409b5aa8d4c25876d72b5c6a3b60 -> 
  custom:video-decoder-webm-vp8: 9c59270c3fd7afecdb556c50c9e8de78 -> 
  custom:SearchIndexIgnoredProperties: e643bd26f0fe6173181afceb89e7c659 -> 
  custom:AudioImporter_EditorPlatform: d09bf68614088b80899f8185d706f6e7 -> 
  custom:scripting/monoscript/fileName/UIParticleAttractor.cs: 56646a28f8018ce8d626b6a0b28e5c77 -> 
  custom:scripting/monoscript/fileName/Color32Extensions.cs: 957a68f3e8b649a9394b51c6910ca65a -> 
  custom:scripting/monoscript/fileName/UIParticleRenderer.cs: e7d82b34b2b52af3ee36bf0e1f32e85d -> 
  custom:scripting/monoscript/fileName/UIParticleUpdater.cs: 64d938919628a112a7e9c9345f1ccb18 -> 
  custom:scripting/monoscript/fileName/NewTestScript.cs: 2eb4416447678e2004e156bd89cd8cbd -> 
  custom:scripting/monoscript/fileName/ParticleSystemExtensions.cs: a9d6841fd486ede512f2bde88014253e -> 
  custom:video-encoder-webm-vp8: eb34c28f22e8b96e1ab97ce403110664 -> 
  custom:audio-decoder-ogg-vorbis: bf7c407c2cedff20999df2af8eb42d56 -> 
  custom:scripting/monoscript/fileName/Misc.cs: 246d9d5aaf21070630ef885fe1125ea2 -> 7ed2e50827551a4e78c69f183dffa2c9
  custom:audio-encoder-webm-vorbis: bf7c407c2cedff20999df2af8eb42d56 -> 
  custom:scripting/monoscript/fileName/MaterialRepository.cs: 128c5f079d59296a900349dfa10fb5ae -> 
  custom:scripting/precompiled-assembly-types:Assembly-CSharp: 07e7dd28600559d92128d86ae33ef984 -> e39fd18ca0bed8fd7945fb9eec5095e0
========================================================================
Received Import Request.
  Time since last request: 109.650051 seconds.
  path: Assets/Resources/White Beach SDF.asset
  artifactKey: Guid(8a8124e99d1591b46b8a8e7c63bd0fdd) Importer(815301076,1909f56bfc062723c751e8b465ee728b)
Start importing Assets/Resources/White Beach SDF.asset using Guid(8a8124e99d1591b46b8a8e7c63bd0fdd) Importer(815301076,1909f56bfc062723c751e8b465ee728b) [PhysX] Initialized MultithreadedTaskDispatcher with 12 workers.
[PhysX] Initialized MultithreadedTaskDispatcher with 12 workers.
[PhysX] Initialized MultithreadedTaskDispatcher with 12 workers.
 -> (artifact id: '7eecbf89a04998883a26b5ca68e36ed6') in 0.122915 seconds
Number of updated asset objects reloaded before import = 0
Number of asset objects unloaded after import = 6
========================================================================
Received Prepare
Caller must complete domain reload
Begin MonoManager ReloadAssembly
- Loaded All Assemblies, in  0.522 seconds
Native extension for WindowsStandalone target not found
Mono: successfully reloaded assembly
- Finished resetting the current domain, in  1.093 seconds
Domain Reload Profiling: 1612ms
	BeginReloadAssembly (140ms)
		ExecutionOrderSort (0ms)
		DisableScriptedObjects (4ms)
		BackupInstance (0ms)
		ReleaseScriptingObjects (0ms)
		CreateAndSetChildDomain (28ms)
	RebuildCommonClasses (33ms)
	RebuildNativeTypeToScriptingClass (11ms)
	initialDomainReloadingComplete (37ms)
	LoadAllAssembliesAndSetupDomain (298ms)
		LoadAssemblies (359ms)
		RebuildTransferFunctionScriptingTraits (0ms)
		AnalyzeDomain (16ms)
			TypeCache.Refresh (8ms)
				TypeCache.ScanAssembly (0ms)
			ScanForSourceGeneratedMonoScriptInfo (0ms)
			ResolveRequiredComponents (6ms)
	FinalizeReload (1093ms)
		ReleaseScriptCaches (0ms)
		RebuildScriptCaches (0ms)
		SetupLoadedEditorAssemblies (528ms)
			LogAssemblyErrors (0ms)
			InitializePlatformSupportModulesInManaged (7ms)
			SetLoadedEditorAssemblies (5ms)
			RefreshPlugins (0ms)
			BeforeProcessingInitializeOnLoad (99ms)
			ProcessInitializeOnLoadAttributes (385ms)
			ProcessInitializeOnLoadMethodAttributes (24ms)
			AfterProcessingInitializeOnLoad (9ms)
			EditorAssembliesLoaded (0ms)
		ExecutionOrderSort2 (0ms)
		AwakeInstancesAfterBackupRestoration (8ms)
Refreshing native plugins compatible for Editor in 4.90 ms, found 3 plugins.
Preloading 0 native plugins for Editor in 0.00 ms.
Unloading 3134 Unused Serialized files (Serialized files now loaded: 0)
Unloading 14 unused Assets / (28.5 KB). Loaded Objects now: 3739.
Memory consumption went from 197.2 MB to 197.2 MB.
Total: 2.672900 ms (FindLiveObjects: 0.201000 ms CreateObjectMapping: 0.107800 ms MarkObjects: 2.331200 ms  DeleteObjects: 0.032000 ms)

Prepare: number of updated asset objects reloaded= 0
AssetImportParameters requested are different than current active one (requested -> active):
  custom:scripting/monoscript/fileName/CFX_Demo_With_UIParticle.cs: 226f2c5431a3281109d962f41860d8fa -> 
  custom:scripting/monoscript/fileName/SpriteExtensions.cs: d15fc44627372ae38565323b74d7ae12 -> 
  custom:container-demuxer-ogg: 62fdf1f143b41e24485cea50d1cbac27 -> 
  custom:scripting/monoscript/fileName/UIParticle_PerformanceDemo.cs: 4f06c4b31cfbc934f9c8a4cffb890ea0 -> 
  custom:scripting/monoscript/fileName/UIParticleProjectSettings.cs: e67134131661b9872564981966bfc127 -> 
  custom:scripting/monoscript/fileName/UIParticle.cs: 2325898c5f7e7032e1304a953772e3db -> 
  custom:scripting/monoscript/fileName/Vector3Extensions.cs: d2785b660e92dd53626ae8ab3f74eb90 -> 
  custom:video-codec-MediaFoundation-h265: 746d11721c4dcdbdad8f713fa42b33f4 -> 
  custom:scripting/monoscript/fileName/UIExtraCallbacks.cs: 3d3413dbcd53c71899d73ab53a15ba37 -> 
  custom:video-decoder-ogg-theora: a1e56fd34408186e4bbccfd4996cb3dc -> 
  custom:scripting/monoscript/fileName/AnimatableProperty.cs: f35dc87c3f2df1477c8a408b8fbe37b5 -> 
  custom:scripting/monoscript/fileName/AnimatablePropertyEditor.cs: 1d03953670d8e406357019b192662737 -> 
  custom:scripting/monoscript/fileName/UIParticleMenu.cs: a4859bf31ac3affa2499cb7d11d0a844 -> 
  custom:framework-win-MediaFoundation: 216162199b28c13a410421893ffa2e32 -> 
  custom:scripting/monoscript/fileName/CanvasExtensions.cs: dd125fe003e3c2c37c4a99dbb0078950 -> 
  custom:scripting/monoscript/fileName/ComponentExtensions.cs: fb5af0f40f5d66304cb9361270b05072 -> 
  custom:scripting/monoscript/fileName/Logging.cs: 5f2ed8485a56b4e9e53aa65cdef27b10 -> 
  custom:CustomObjectIndexerAttribute: 9a22284fe3817be447336de3de66b15e -> 
  custom:container-demuxer-webm: 4f35f7cbe854078d1ac9338744f61a02 -> 
  custom:scripting/monoscript/fileName/FastAction.cs: 60eb5b7e04daf339f61dca5fd934100f -> dfbe75b66b645b53472915ad2590af11
  custom:scripting/monoscript/fileName/FrameCache.cs: 3dcf885da94f12c1b606c497e398faf9 -> 
  custom:scripting/monoscript/fileName/UIParticleEditor.cs: b6bdab8e4a72b4216e3f0c8f8ed45e99 -> 
  custom:container-muxer-webm: aa71ff27fc2769a1b78a27578f13a17b -> 
  custom:scripting/monoscript/fileName/ObjectRepository.cs: 0cdf409b5aa8d4c25876d72b5c6a3b60 -> 
  custom:scripting/monoscript/fileName/ObjectPool.cs: 0cdf409b5aa8d4c25876d72b5c6a3b60 -> 
  custom:video-decoder-webm-vp8: 9c59270c3fd7afecdb556c50c9e8de78 -> 
  custom:SearchIndexIgnoredProperties: e643bd26f0fe6173181afceb89e7c659 -> 
  custom:AudioImporter_EditorPlatform: d09bf68614088b80899f8185d706f6e7 -> 
  custom:scripting/monoscript/fileName/UIParticleAttractor.cs: 56646a28f8018ce8d626b6a0b28e5c77 -> 
  custom:scripting/monoscript/fileName/Color32Extensions.cs: 957a68f3e8b649a9394b51c6910ca65a -> 
  custom:scripting/monoscript/fileName/UIParticleRenderer.cs: e7d82b34b2b52af3ee36bf0e1f32e85d -> 
  custom:scripting/monoscript/fileName/UIParticleUpdater.cs: 64d938919628a112a7e9c9345f1ccb18 -> 
  custom:scripting/monoscript/fileName/NewTestScript.cs: 2eb4416447678e2004e156bd89cd8cbd -> 
  custom:scripting/monoscript/fileName/ParticleSystemExtensions.cs: a9d6841fd486ede512f2bde88014253e -> 
  custom:video-encoder-webm-vp8: eb34c28f22e8b96e1ab97ce403110664 -> 
  custom:audio-decoder-ogg-vorbis: bf7c407c2cedff20999df2af8eb42d56 -> 
  custom:scripting/monoscript/fileName/Misc.cs: 246d9d5aaf21070630ef885fe1125ea2 -> 7ed2e50827551a4e78c69f183dffa2c9
  custom:audio-encoder-webm-vorbis: bf7c407c2cedff20999df2af8eb42d56 -> 
  custom:scripting/monoscript/fileName/MaterialRepository.cs: 128c5f079d59296a900349dfa10fb5ae -> 
  custom:scripting/precompiled-assembly-types:Assembly-CSharp: 07e7dd28600559d92128d86ae33ef984 -> e39fd18ca0bed8fd7945fb9eec5095e0
========================================================================
Received Import Request.
  Time since last request: 32.157561 seconds.
  path: Assets/Resources/Prefabs/Coal.prefab
  artifactKey: Guid(bc846012b25b855419ed14a3a31e3a9a) Importer(815301076,1909f56bfc062723c751e8b465ee728b)
Start importing Assets/Resources/Prefabs/Coal.prefab using Guid(bc846012b25b855419ed14a3a31e3a9a) Importer(815301076,1909f56bfc062723c751e8b465ee728b) [PhysX] Initialized MultithreadedTaskDispatcher with 12 workers.
 -> (artifact id: '1a125d61c516a037a4442002715ac787') in 0.051120 seconds
Number of updated asset objects reloaded before import = 0
Number of asset objects unloaded after import = 17
========================================================================
Received Import Request.
  Time since last request: 82.838015 seconds.
  path: Assets/Resources/Card Pull BG and Button.anim
  artifactKey: Guid(7ca4c7576a970244abddc643e28c9142) Importer(815301076,1909f56bfc062723c751e8b465ee728b)
Start importing Assets/Resources/Card Pull BG and Button.anim using Guid(7ca4c7576a970244abddc643e28c9142) Importer(815301076,1909f56bfc062723c751e8b465ee728b) [PhysX] Initialized MultithreadedTaskDispatcher with 12 workers.
 -> (artifact id: 'fc2eb8d959041ce48ed91910ed481513') in 0.009310 seconds
Number of updated asset objects reloaded before import = 0
Number of asset objects unloaded after import = 1
========================================================================
Received Import Request.
  Time since last request: 296.614517 seconds.
  path: Assets/Resources/New.anim
  artifactKey: Guid(943bd04f03394844190338918a5de6d1) Importer(815301076,1909f56bfc062723c751e8b465ee728b)
Start importing Assets/Resources/New.anim using Guid(943bd04f03394844190338918a5de6d1) Importer(815301076,1909f56bfc062723c751e8b465ee728b) [PhysX] Initialized MultithreadedTaskDispatcher with 12 workers.
 -> (artifact id: '4a361f052f4d8c0d86bbaf6bdd40272c') in 0.001273 seconds
Number of updated asset objects reloaded before import = 0
Number of asset objects unloaded after import = 1
========================================================================
Received Import Request.
  Time since last request: 6.634923 seconds.
  path: Assets/Resources/New.controller
  artifactKey: Guid(c7d73fca0d9c061409dd33e2d7a1ab3e) Importer(815301076,1909f56bfc062723c751e8b465ee728b)
Start importing Assets/Resources/New.controller using Guid(c7d73fca0d9c061409dd33e2d7a1ab3e) Importer(815301076,1909f56bfc062723c751e8b465ee728b) [PhysX] Initialized MultithreadedTaskDispatcher with 12 workers.
 -> (artifact id: '9710c1a9648bd3384550b578b5c8e2ca') in 0.001546 seconds
Number of updated asset objects reloaded before import = 0
Number of asset objects unloaded after import = 1
========================================================================
Received Prepare
Caller must complete domain reload
Begin MonoManager ReloadAssembly
- Loaded All Assemblies, in  2.106 seconds
Native extension for WindowsStandalone target not found
Mono: successfully reloaded assembly
- Finished resetting the current domain, in 11.699 seconds
Domain Reload Profiling: 13803ms
	BeginReloadAssembly (151ms)
		ExecutionOrderSort (0ms)
		DisableScriptedObjects (6ms)
		BackupInstance (0ms)
		ReleaseScriptingObjects (0ms)
		CreateAndSetChildDomain (34ms)
	RebuildCommonClasses (31ms)
	RebuildNativeTypeToScriptingClass (9ms)
	initialDomainReloadingComplete (31ms)
	LoadAllAssembliesAndSetupDomain (1882ms)
		LoadAssemblies (1934ms)
		RebuildTransferFunctionScriptingTraits (0ms)
		AnalyzeDomain (26ms)
			TypeCache.Refresh (8ms)
				TypeCache.ScanAssembly (1ms)
			ScanForSourceGeneratedMonoScriptInfo (8ms)
			ResolveRequiredComponents (7ms)
	FinalizeReload (11699ms)
		ReleaseScriptCaches (0ms)
		RebuildScriptCaches (0ms)
		SetupLoadedEditorAssemblies (491ms)
			LogAssemblyErrors (0ms)
			InitializePlatformSupportModulesInManaged (7ms)
			SetLoadedEditorAssemblies (5ms)
			RefreshPlugins (0ms)
			BeforeProcessingInitializeOnLoad (95ms)
			ProcessInitializeOnLoadAttributes (354ms)
			ProcessInitializeOnLoadMethodAttributes (23ms)
			AfterProcessingInitializeOnLoad (7ms)
			EditorAssembliesLoaded (0ms)
		ExecutionOrderSort2 (0ms)
		AwakeInstancesAfterBackupRestoration (7ms)
Refreshing native plugins compatible for Editor in 3.05 ms, found 3 plugins.
Preloading 0 native plugins for Editor in 0.00 ms.
Unloading 3134 Unused Serialized files (Serialized files now loaded: 0)
Unloading 14 unused Assets / (28.5 KB). Loaded Objects now: 3742.
Memory consumption went from 197.2 MB to 197.2 MB.
Total: 2.884800 ms (FindLiveObjects: 0.175200 ms CreateObjectMapping: 0.071300 ms MarkObjects: 2.592500 ms  DeleteObjects: 0.036100 ms)

Prepare: number of updated asset objects reloaded= 0
AssetImportParameters requested are different than current active one (requested -> active):
  custom:scripting/monoscript/fileName/CFX_Demo_With_UIParticle.cs: 226f2c5431a3281109d962f41860d8fa -> 
  custom:scripting/monoscript/fileName/SpriteExtensions.cs: d15fc44627372ae38565323b74d7ae12 -> 
  custom:container-demuxer-ogg: 62fdf1f143b41e24485cea50d1cbac27 -> 
  custom:scripting/monoscript/fileName/UIParticle_PerformanceDemo.cs: 4f06c4b31cfbc934f9c8a4cffb890ea0 -> 
  custom:scripting/monoscript/fileName/UIParticleProjectSettings.cs: e67134131661b9872564981966bfc127 -> 
  custom:scripting/monoscript/fileName/UIParticle.cs: 2325898c5f7e7032e1304a953772e3db -> 
  custom:scripting/monoscript/fileName/Vector3Extensions.cs: d2785b660e92dd53626ae8ab3f74eb90 -> 
  custom:video-codec-MediaFoundation-h265: 746d11721c4dcdbdad8f713fa42b33f4 -> 
  custom:scripting/monoscript/fileName/UIExtraCallbacks.cs: 3d3413dbcd53c71899d73ab53a15ba37 -> 
  custom:video-decoder-ogg-theora: a1e56fd34408186e4bbccfd4996cb3dc -> 
  custom:scripting/monoscript/fileName/AnimatableProperty.cs: f35dc87c3f2df1477c8a408b8fbe37b5 -> 
  custom:scripting/monoscript/fileName/AnimatablePropertyEditor.cs: 1d03953670d8e406357019b192662737 -> 
  custom:scripting/monoscript/fileName/UIParticleMenu.cs: a4859bf31ac3affa2499cb7d11d0a844 -> 
  custom:framework-win-MediaFoundation: 216162199b28c13a410421893ffa2e32 -> 
  custom:scripting/monoscript/fileName/CanvasExtensions.cs: dd125fe003e3c2c37c4a99dbb0078950 -> 
  custom:scripting/monoscript/fileName/ComponentExtensions.cs: fb5af0f40f5d66304cb9361270b05072 -> 
  custom:scripting/monoscript/fileName/Logging.cs: 5f2ed8485a56b4e9e53aa65cdef27b10 -> 
  custom:CustomObjectIndexerAttribute: 9a22284fe3817be447336de3de66b15e -> 
  custom:container-demuxer-webm: 4f35f7cbe854078d1ac9338744f61a02 -> 
  custom:scripting/monoscript/fileName/FastAction.cs: 60eb5b7e04daf339f61dca5fd934100f -> dfbe75b66b645b53472915ad2590af11
  custom:scripting/monoscript/fileName/FrameCache.cs: 3dcf885da94f12c1b606c497e398faf9 -> 
  custom:scripting/monoscript/fileName/UIParticleEditor.cs: b6bdab8e4a72b4216e3f0c8f8ed45e99 -> 
  custom:container-muxer-webm: aa71ff27fc2769a1b78a27578f13a17b -> 
  custom:scripting/monoscript/fileName/ObjectRepository.cs: 0cdf409b5aa8d4c25876d72b5c6a3b60 -> 
  custom:scripting/monoscript/fileName/ObjectPool.cs: 0cdf409b5aa8d4c25876d72b5c6a3b60 -> 
  custom:video-decoder-webm-vp8: 9c59270c3fd7afecdb556c50c9e8de78 -> 
  custom:SearchIndexIgnoredProperties: e643bd26f0fe6173181afceb89e7c659 -> 
  custom:AudioImporter_EditorPlatform: d09bf68614088b80899f8185d706f6e7 -> 
  custom:scripting/monoscript/fileName/UIParticleAttractor.cs: 56646a28f8018ce8d626b6a0b28e5c77 -> 
  custom:scripting/monoscript/fileName/Color32Extensions.cs: 957a68f3e8b649a9394b51c6910ca65a -> 
  custom:scripting/monoscript/fileName/UIParticleRenderer.cs: e7d82b34b2b52af3ee36bf0e1f32e85d -> 
  custom:scripting/monoscript/fileName/UIParticleUpdater.cs: 64d938919628a112a7e9c9345f1ccb18 -> 
  custom:scripting/monoscript/fileName/NewTestScript.cs: 2eb4416447678e2004e156bd89cd8cbd -> 
  custom:scripting/monoscript/fileName/ParticleSystemExtensions.cs: a9d6841fd486ede512f2bde88014253e -> 
  custom:video-encoder-webm-vp8: eb34c28f22e8b96e1ab97ce403110664 -> 
  custom:audio-decoder-ogg-vorbis: bf7c407c2cedff20999df2af8eb42d56 -> 
  custom:scripting/monoscript/fileName/Misc.cs: 246d9d5aaf21070630ef885fe1125ea2 -> 7ed2e50827551a4e78c69f183dffa2c9
  custom:audio-encoder-webm-vorbis: bf7c407c2cedff20999df2af8eb42d56 -> 
  custom:scripting/monoscript/fileName/MaterialRepository.cs: 128c5f079d59296a900349dfa10fb5ae -> 
  custom:scripting/precompiled-assembly-types:Assembly-CSharp: a53d2298c2cf12c3384f81894e0b0ea1 -> e39fd18ca0bed8fd7945fb9eec5095e0
========================================================================
Received Prepare
Caller must complete domain reload
Begin MonoManager ReloadAssembly
- Loaded All Assemblies, in  0.478 seconds
Native extension for WindowsStandalone target not found
Mono: successfully reloaded assembly
- Finished resetting the current domain, in  1.086 seconds
Domain Reload Profiling: 1561ms
	BeginReloadAssembly (160ms)
		ExecutionOrderSort (0ms)
		DisableScriptedObjects (7ms)
		BackupInstance (0ms)
		ReleaseScriptingObjects (0ms)
		CreateAndSetChildDomain (33ms)
	RebuildCommonClasses (36ms)
	RebuildNativeTypeToScriptingClass (10ms)
	initialDomainReloadingComplete (34ms)
	LoadAllAssembliesAndSetupDomain (234ms)
		LoadAssemblies (295ms)
		RebuildTransferFunctionScriptingTraits (0ms)
		AnalyzeDomain (27ms)
			TypeCache.Refresh (11ms)
				TypeCache.ScanAssembly (1ms)
			ScanForSourceGeneratedMonoScriptInfo (7ms)
			ResolveRequiredComponents (6ms)
	FinalizeReload (1086ms)
		ReleaseScriptCaches (0ms)
		RebuildScriptCaches (0ms)
		SetupLoadedEditorAssemblies (576ms)
			LogAssemblyErrors (0ms)
			InitializePlatformSupportModulesInManaged (8ms)
			SetLoadedEditorAssemblies (5ms)
			RefreshPlugins (0ms)
			BeforeProcessingInitializeOnLoad (105ms)
			ProcessInitializeOnLoadAttributes (430ms)
			ProcessInitializeOnLoadMethodAttributes (22ms)
			AfterProcessingInitializeOnLoad (6ms)
			EditorAssembliesLoaded (0ms)
		ExecutionOrderSort2 (0ms)
		AwakeInstancesAfterBackupRestoration (7ms)
Refreshing native plugins compatible for Editor in 3.68 ms, found 3 plugins.
Preloading 0 native plugins for Editor in 0.00 ms.
Unloading 3135 Unused Serialized files (Serialized files now loaded: 0)
Unloading 14 unused Assets / (28.6 KB). Loaded Objects now: 3745.
Memory consumption went from 197.5 MB to 197.5 MB.
Total: 2.690500 ms (FindLiveObjects: 0.301600 ms CreateObjectMapping: 0.209500 ms MarkObjects: 2.144300 ms  DeleteObjects: 0.034100 ms)

Prepare: number of updated asset objects reloaded= 0
AssetImportParameters requested are different than current active one (requested -> active):
  custom:scripting/monoscript/fileName/CFX_Demo_With_UIParticle.cs: 226f2c5431a3281109d962f41860d8fa -> 
  custom:scripting/monoscript/fileName/SpriteExtensions.cs: d15fc44627372ae38565323b74d7ae12 -> 
  custom:container-demuxer-ogg: 62fdf1f143b41e24485cea50d1cbac27 -> 
  custom:scripting/monoscript/fileName/UIParticle_PerformanceDemo.cs: 4f06c4b31cfbc934f9c8a4cffb890ea0 -> 
  custom:scripting/monoscript/fileName/UIParticleProjectSettings.cs: e67134131661b9872564981966bfc127 -> 
  custom:scripting/monoscript/fileName/UIParticle.cs: 2325898c5f7e7032e1304a953772e3db -> 
  custom:scripting/monoscript/fileName/Vector3Extensions.cs: d2785b660e92dd53626ae8ab3f74eb90 -> 
  custom:video-codec-MediaFoundation-h265: 746d11721c4dcdbdad8f713fa42b33f4 -> 
  custom:scripting/monoscript/fileName/UIExtraCallbacks.cs: 3d3413dbcd53c71899d73ab53a15ba37 -> 
  custom:video-decoder-ogg-theora: a1e56fd34408186e4bbccfd4996cb3dc -> 
  custom:scripting/monoscript/fileName/AnimatableProperty.cs: f35dc87c3f2df1477c8a408b8fbe37b5 -> 
  custom:scripting/monoscript/fileName/AnimatablePropertyEditor.cs: 1d03953670d8e406357019b192662737 -> 
  custom:scripting/monoscript/fileName/UIParticleMenu.cs: a4859bf31ac3affa2499cb7d11d0a844 -> 
  custom:framework-win-MediaFoundation: 216162199b28c13a410421893ffa2e32 -> 
  custom:scripting/monoscript/fileName/CanvasExtensions.cs: dd125fe003e3c2c37c4a99dbb0078950 -> 
  custom:scripting/monoscript/fileName/ComponentExtensions.cs: fb5af0f40f5d66304cb9361270b05072 -> 
  custom:scripting/monoscript/fileName/Logging.cs: 5f2ed8485a56b4e9e53aa65cdef27b10 -> 
  custom:CustomObjectIndexerAttribute: 9a22284fe3817be447336de3de66b15e -> 
  custom:container-demuxer-webm: 4f35f7cbe854078d1ac9338744f61a02 -> 
  custom:scripting/monoscript/fileName/FastAction.cs: 60eb5b7e04daf339f61dca5fd934100f -> dfbe75b66b645b53472915ad2590af11
  custom:scripting/monoscript/fileName/FrameCache.cs: 3dcf885da94f12c1b606c497e398faf9 -> 
  custom:scripting/monoscript/fileName/UIParticleEditor.cs: b6bdab8e4a72b4216e3f0c8f8ed45e99 -> 
  custom:container-muxer-webm: aa71ff27fc2769a1b78a27578f13a17b -> 
  custom:scripting/monoscript/fileName/ObjectRepository.cs: 0cdf409b5aa8d4c25876d72b5c6a3b60 -> 
  custom:scripting/monoscript/fileName/ObjectPool.cs: 0cdf409b5aa8d4c25876d72b5c6a3b60 -> 
  custom:video-decoder-webm-vp8: 9c59270c3fd7afecdb556c50c9e8de78 -> 
  custom:SearchIndexIgnoredProperties: e643bd26f0fe6173181afceb89e7c659 -> 
  custom:AudioImporter_EditorPlatform: d09bf68614088b80899f8185d706f6e7 -> 
  custom:scripting/monoscript/fileName/UIParticleAttractor.cs: 56646a28f8018ce8d626b6a0b28e5c77 -> 
  custom:scripting/monoscript/fileName/Color32Extensions.cs: 957a68f3e8b649a9394b51c6910ca65a -> 
  custom:scripting/monoscript/fileName/UIParticleRenderer.cs: e7d82b34b2b52af3ee36bf0e1f32e85d -> 
  custom:scripting/monoscript/fileName/UIParticleUpdater.cs: 64d938919628a112a7e9c9345f1ccb18 -> 
  custom:scripting/monoscript/fileName/NewTestScript.cs: 2eb4416447678e2004e156bd89cd8cbd -> 
  custom:scripting/monoscript/fileName/ParticleSystemExtensions.cs: a9d6841fd486ede512f2bde88014253e -> 
  custom:video-encoder-webm-vp8: eb34c28f22e8b96e1ab97ce403110664 -> 
  custom:audio-decoder-ogg-vorbis: bf7c407c2cedff20999df2af8eb42d56 -> 
  custom:scripting/monoscript/fileName/Misc.cs: 246d9d5aaf21070630ef885fe1125ea2 -> 7ed2e50827551a4e78c69f183dffa2c9
  custom:audio-encoder-webm-vorbis: bf7c407c2cedff20999df2af8eb42d56 -> 
  custom:scripting/monoscript/fileName/MaterialRepository.cs: 128c5f079d59296a900349dfa10fb5ae -> 
  custom:scripting/precompiled-assembly-types:Assembly-CSharp: 5539a435bc8c47a9ef169f3122ff605b -> e39fd18ca0bed8fd7945fb9eec5095e0
========================================================================
Received Prepare
Caller must complete domain reload
Begin MonoManager ReloadAssembly
- Loaded All Assemblies, in  0.456 seconds
Native extension for WindowsStandalone target not found
Mono: successfully reloaded assembly
- Finished resetting the current domain, in  1.010 seconds
Domain Reload Profiling: 1463ms
	BeginReloadAssembly (146ms)
		ExecutionOrderSort (0ms)
		DisableScriptedObjects (6ms)
		BackupInstance (0ms)
		ReleaseScriptingObjects (0ms)
		CreateAndSetChildDomain (26ms)
	RebuildCommonClasses (33ms)
	RebuildNativeTypeToScriptingClass (12ms)
	initialDomainReloadingComplete (31ms)
	LoadAllAssembliesAndSetupDomain (230ms)
		LoadAssemblies (290ms)
		RebuildTransferFunctionScriptingTraits (0ms)
		AnalyzeDomain (23ms)
			TypeCache.Refresh (8ms)
				TypeCache.ScanAssembly (1ms)
			ScanForSourceGeneratedMonoScriptInfo (6ms)
			ResolveRequiredComponents (6ms)
	FinalizeReload (1011ms)
		ReleaseScriptCaches (0ms)
		RebuildScriptCaches (0ms)
		SetupLoadedEditorAssemblies (476ms)
			LogAssemblyErrors (0ms)
			InitializePlatformSupportModulesInManaged (7ms)
			SetLoadedEditorAssemblies (5ms)
			RefreshPlugins (0ms)
			BeforeProcessingInitializeOnLoad (91ms)
			ProcessInitializeOnLoadAttributes (342ms)
			ProcessInitializeOnLoadMethodAttributes (21ms)
			AfterProcessingInitializeOnLoad (9ms)
			EditorAssembliesLoaded (0ms)
		ExecutionOrderSort2 (0ms)
		AwakeInstancesAfterBackupRestoration (9ms)
Refreshing native plugins compatible for Editor in 3.31 ms, found 3 plugins.
Preloading 0 native plugins for Editor in 0.00 ms.
Unloading 3135 Unused Serialized files (Serialized files now loaded: 0)
Unloading 14 unused Assets / (28.5 KB). Loaded Objects now: 3748.
Memory consumption went from 197.5 MB to 197.5 MB.
Total: 2.182600 ms (FindLiveObjects: 0.169900 ms CreateObjectMapping: 0.142200 ms MarkObjects: 1.839300 ms  DeleteObjects: 0.030300 ms)

Prepare: number of updated asset objects reloaded= 0
AssetImportParameters requested are different than current active one (requested -> active):
  custom:scripting/monoscript/fileName/CFX_Demo_With_UIParticle.cs: 226f2c5431a3281109d962f41860d8fa -> 
  custom:scripting/monoscript/fileName/SpriteExtensions.cs: d15fc44627372ae38565323b74d7ae12 -> 
  custom:container-demuxer-ogg: 62fdf1f143b41e24485cea50d1cbac27 -> 
  custom:scripting/monoscript/fileName/UIParticle_PerformanceDemo.cs: 4f06c4b31cfbc934f9c8a4cffb890ea0 -> 
  custom:scripting/monoscript/fileName/UIParticleProjectSettings.cs: e67134131661b9872564981966bfc127 -> 
  custom:scripting/monoscript/fileName/UIParticle.cs: 2325898c5f7e7032e1304a953772e3db -> 
  custom:scripting/monoscript/fileName/Vector3Extensions.cs: d2785b660e92dd53626ae8ab3f74eb90 -> 
  custom:video-codec-MediaFoundation-h265: 746d11721c4dcdbdad8f713fa42b33f4 -> 
  custom:scripting/monoscript/fileName/UIExtraCallbacks.cs: 3d3413dbcd53c71899d73ab53a15ba37 -> 
  custom:video-decoder-ogg-theora: a1e56fd34408186e4bbccfd4996cb3dc -> 
  custom:scripting/monoscript/fileName/AnimatableProperty.cs: f35dc87c3f2df1477c8a408b8fbe37b5 -> 
  custom:scripting/monoscript/fileName/AnimatablePropertyEditor.cs: 1d03953670d8e406357019b192662737 -> 
  custom:scripting/monoscript/fileName/UIParticleMenu.cs: a4859bf31ac3affa2499cb7d11d0a844 -> 
  custom:framework-win-MediaFoundation: 216162199b28c13a410421893ffa2e32 -> 
  custom:scripting/monoscript/fileName/CanvasExtensions.cs: dd125fe003e3c2c37c4a99dbb0078950 -> 
  custom:scripting/monoscript/fileName/ComponentExtensions.cs: fb5af0f40f5d66304cb9361270b05072 -> 
  custom:scripting/monoscript/fileName/Logging.cs: 5f2ed8485a56b4e9e53aa65cdef27b10 -> 
  custom:CustomObjectIndexerAttribute: 9a22284fe3817be447336de3de66b15e -> 
  custom:container-demuxer-webm: 4f35f7cbe854078d1ac9338744f61a02 -> 
  custom:scripting/monoscript/fileName/FastAction.cs: 60eb5b7e04daf339f61dca5fd934100f -> dfbe75b66b645b53472915ad2590af11
  custom:scripting/monoscript/fileName/FrameCache.cs: 3dcf885da94f12c1b606c497e398faf9 -> 
  custom:scripting/monoscript/fileName/UIParticleEditor.cs: b6bdab8e4a72b4216e3f0c8f8ed45e99 -> 
  custom:container-muxer-webm: aa71ff27fc2769a1b78a27578f13a17b -> 
  custom:scripting/monoscript/fileName/ObjectRepository.cs: 0cdf409b5aa8d4c25876d72b5c6a3b60 -> 
  custom:scripting/monoscript/fileName/ObjectPool.cs: 0cdf409b5aa8d4c25876d72b5c6a3b60 -> 
  custom:video-decoder-webm-vp8: 9c59270c3fd7afecdb556c50c9e8de78 -> 
  custom:SearchIndexIgnoredProperties: e643bd26f0fe6173181afceb89e7c659 -> 
  custom:AudioImporter_EditorPlatform: d09bf68614088b80899f8185d706f6e7 -> 
  custom:scripting/monoscript/fileName/UIParticleAttractor.cs: 56646a28f8018ce8d626b6a0b28e5c77 -> 
  custom:scripting/monoscript/fileName/Color32Extensions.cs: 957a68f3e8b649a9394b51c6910ca65a -> 
  custom:scripting/monoscript/fileName/UIParticleRenderer.cs: e7d82b34b2b52af3ee36bf0e1f32e85d -> 
  custom:scripting/monoscript/fileName/UIParticleUpdater.cs: 64d938919628a112a7e9c9345f1ccb18 -> 
  custom:scripting/monoscript/fileName/NewTestScript.cs: 2eb4416447678e2004e156bd89cd8cbd -> 
  custom:scripting/monoscript/fileName/ParticleSystemExtensions.cs: a9d6841fd486ede512f2bde88014253e -> 
  custom:video-encoder-webm-vp8: eb34c28f22e8b96e1ab97ce403110664 -> 
  custom:audio-decoder-ogg-vorbis: bf7c407c2cedff20999df2af8eb42d56 -> 
  custom:scripting/monoscript/fileName/Misc.cs: 246d9d5aaf21070630ef885fe1125ea2 -> 7ed2e50827551a4e78c69f183dffa2c9
  custom:audio-encoder-webm-vorbis: bf7c407c2cedff20999df2af8eb42d56 -> 
  custom:scripting/monoscript/fileName/MaterialRepository.cs: 128c5f079d59296a900349dfa10fb5ae -> 
  custom:scripting/precompiled-assembly-types:Assembly-CSharp: 5539a435bc8c47a9ef169f3122ff605b -> e39fd18ca0bed8fd7945fb9eec5095e0
========================================================================
Received Prepare
Caller must complete domain reload
Begin MonoManager ReloadAssembly
- Loaded All Assemblies, in  0.462 seconds
Native extension for WindowsStandalone target not found
Mono: successfully reloaded assembly
- Finished resetting the current domain, in  0.913 seconds
Domain Reload Profiling: 1372ms
	BeginReloadAssembly (151ms)
		ExecutionOrderSort (0ms)
		DisableScriptedObjects (7ms)
		BackupInstance (0ms)
		ReleaseScriptingObjects (0ms)
		CreateAndSetChildDomain (29ms)
	RebuildCommonClasses (34ms)
	RebuildNativeTypeToScriptingClass (12ms)
	initialDomainReloadingComplete (30ms)
	LoadAllAssembliesAndSetupDomain (233ms)
		LoadAssemblies (295ms)
		RebuildTransferFunctionScriptingTraits (0ms)
		AnalyzeDomain (23ms)
			TypeCache.Refresh (8ms)
				TypeCache.ScanAssembly (1ms)
			ScanForSourceGeneratedMonoScriptInfo (7ms)
			ResolveRequiredComponents (6ms)
	FinalizeReload (913ms)
		ReleaseScriptCaches (0ms)
		RebuildScriptCaches (0ms)
		SetupLoadedEditorAssemblies (464ms)
			LogAssemblyErrors (0ms)
			InitializePlatformSupportModulesInManaged (8ms)
			SetLoadedEditorAssemblies (6ms)
			RefreshPlugins (0ms)
			BeforeProcessingInitializeOnLoad (93ms)
			ProcessInitializeOnLoadAttributes (329ms)
			ProcessInitializeOnLoadMethodAttributes (21ms)
			AfterProcessingInitializeOnLoad (7ms)
			EditorAssembliesLoaded (0ms)
		ExecutionOrderSort2 (0ms)
		AwakeInstancesAfterBackupRestoration (6ms)
Refreshing native plugins compatible for Editor in 3.40 ms, found 3 plugins.
Preloading 0 native plugins for Editor in 0.00 ms.
Unloading 3135 Unused Serialized files (Serialized files now loaded: 0)
Unloading 14 unused Assets / (28.7 KB). Loaded Objects now: 3751.
Memory consumption went from 197.5 MB to 197.5 MB.
Total: 1.983100 ms (FindLiveObjects: 0.175700 ms CreateObjectMapping: 0.075700 ms MarkObjects: 1.702500 ms  DeleteObjects: 0.028500 ms)

Prepare: number of updated asset objects reloaded= 0
AssetImportParameters requested are different than current active one (requested -> active):
  custom:scripting/monoscript/fileName/CFX_Demo_With_UIParticle.cs: 226f2c5431a3281109d962f41860d8fa -> 
  custom:scripting/monoscript/fileName/SpriteExtensions.cs: d15fc44627372ae38565323b74d7ae12 -> 
  custom:container-demuxer-ogg: 62fdf1f143b41e24485cea50d1cbac27 -> 
  custom:scripting/monoscript/fileName/UIParticle_PerformanceDemo.cs: 4f06c4b31cfbc934f9c8a4cffb890ea0 -> 
  custom:scripting/monoscript/fileName/UIParticleProjectSettings.cs: e67134131661b9872564981966bfc127 -> 
  custom:scripting/monoscript/fileName/UIParticle.cs: 2325898c5f7e7032e1304a953772e3db -> 
  custom:scripting/monoscript/fileName/Vector3Extensions.cs: d2785b660e92dd53626ae8ab3f74eb90 -> 
  custom:video-codec-MediaFoundation-h265: 746d11721c4dcdbdad8f713fa42b33f4 -> 
  custom:scripting/monoscript/fileName/UIExtraCallbacks.cs: 3d3413dbcd53c71899d73ab53a15ba37 -> 
  custom:video-decoder-ogg-theora: a1e56fd34408186e4bbccfd4996cb3dc -> 
  custom:scripting/monoscript/fileName/AnimatableProperty.cs: f35dc87c3f2df1477c8a408b8fbe37b5 -> 
  custom:scripting/monoscript/fileName/AnimatablePropertyEditor.cs: 1d03953670d8e406357019b192662737 -> 
  custom:scripting/monoscript/fileName/UIParticleMenu.cs: a4859bf31ac3affa2499cb7d11d0a844 -> 
  custom:framework-win-MediaFoundation: 216162199b28c13a410421893ffa2e32 -> 
  custom:scripting/monoscript/fileName/CanvasExtensions.cs: dd125fe003e3c2c37c4a99dbb0078950 -> 
  custom:scripting/monoscript/fileName/ComponentExtensions.cs: fb5af0f40f5d66304cb9361270b05072 -> 
  custom:scripting/monoscript/fileName/Logging.cs: 5f2ed8485a56b4e9e53aa65cdef27b10 -> 
  custom:CustomObjectIndexerAttribute: 9a22284fe3817be447336de3de66b15e -> 
  custom:container-demuxer-webm: 4f35f7cbe854078d1ac9338744f61a02 -> 
  custom:scripting/monoscript/fileName/FastAction.cs: 60eb5b7e04daf339f61dca5fd934100f -> dfbe75b66b645b53472915ad2590af11
  custom:scripting/monoscript/fileName/FrameCache.cs: 3dcf885da94f12c1b606c497e398faf9 -> 
  custom:scripting/monoscript/fileName/UIParticleEditor.cs: b6bdab8e4a72b4216e3f0c8f8ed45e99 -> 
  custom:container-muxer-webm: aa71ff27fc2769a1b78a27578f13a17b -> 
  custom:scripting/monoscript/fileName/ObjectRepository.cs: 0cdf409b5aa8d4c25876d72b5c6a3b60 -> 
  custom:scripting/monoscript/fileName/ObjectPool.cs: 0cdf409b5aa8d4c25876d72b5c6a3b60 -> 
  custom:video-decoder-webm-vp8: 9c59270c3fd7afecdb556c50c9e8de78 -> 
  custom:SearchIndexIgnoredProperties: e643bd26f0fe6173181afceb89e7c659 -> 
  custom:AudioImporter_EditorPlatform: d09bf68614088b80899f8185d706f6e7 -> 
  custom:scripting/monoscript/fileName/UIParticleAttractor.cs: 56646a28f8018ce8d626b6a0b28e5c77 -> 
  custom:scripting/monoscript/fileName/Color32Extensions.cs: 957a68f3e8b649a9394b51c6910ca65a -> 
  custom:scripting/monoscript/fileName/UIParticleRenderer.cs: e7d82b34b2b52af3ee36bf0e1f32e85d -> 
  custom:scripting/monoscript/fileName/UIParticleUpdater.cs: 64d938919628a112a7e9c9345f1ccb18 -> 
  custom:scripting/monoscript/fileName/NewTestScript.cs: 2eb4416447678e2004e156bd89cd8cbd -> 
  custom:scripting/monoscript/fileName/ParticleSystemExtensions.cs: a9d6841fd486ede512f2bde88014253e -> 
  custom:video-encoder-webm-vp8: eb34c28f22e8b96e1ab97ce403110664 -> 
  custom:audio-decoder-ogg-vorbis: bf7c407c2cedff20999df2af8eb42d56 -> 
  custom:scripting/monoscript/fileName/Misc.cs: 246d9d5aaf21070630ef885fe1125ea2 -> 7ed2e50827551a4e78c69f183dffa2c9
  custom:audio-encoder-webm-vorbis: bf7c407c2cedff20999df2af8eb42d56 -> 
  custom:scripting/monoscript/fileName/MaterialRepository.cs: 128c5f079d59296a900349dfa10fb5ae -> 
  custom:scripting/precompiled-assembly-types:Assembly-CSharp: 5539a435bc8c47a9ef169f3122ff605b -> e39fd18ca0bed8fd7945fb9eec5095e0
========================================================================
Received Import Request.
  Time since last request: 14188.042227 seconds.
  path: Assets/Resources/White Beach SDF.asset
  artifactKey: Guid(8a8124e99d1591b46b8a8e7c63bd0fdd) Importer(815301076,1909f56bfc062723c751e8b465ee728b)
Start importing Assets/Resources/White Beach SDF.asset using Guid(8a8124e99d1591b46b8a8e7c63bd0fdd) Importer(815301076,1909f56bfc062723c751e8b465ee728b) [PhysX] Initialized MultithreadedTaskDispatcher with 12 workers.
[PhysX] Initialized MultithreadedTaskDispatcher with 12 workers.
[PhysX] Initialized MultithreadedTaskDispatcher with 12 workers.
 -> (artifact id: '0d897f0efe33e3d6da54724a8799bdbc') in 0.116642 seconds
Number of updated asset objects reloaded before import = 0
Number of asset objects unloaded after import = 6
========================================================================
Received Prepare
Caller must complete domain reload
Begin MonoManager ReloadAssembly
- Loaded All Assemblies, in  0.463 seconds
Native extension for WindowsStandalone target not found
Mono: successfully reloaded assembly
- Finished resetting the current domain, in  1.014 seconds
Domain Reload Profiling: 1474ms
	BeginReloadAssembly (155ms)
		ExecutionOrderSort (0ms)
		DisableScriptedObjects (7ms)
		BackupInstance (0ms)
		ReleaseScriptingObjects (0ms)
		CreateAndSetChildDomain (32ms)
	RebuildCommonClasses (33ms)
	RebuildNativeTypeToScriptingClass (11ms)
	initialDomainReloadingComplete (33ms)
	LoadAllAssembliesAndSetupDomain (228ms)
		LoadAssemblies (298ms)
		RebuildTransferFunctionScriptingTraits (0ms)
		AnalyzeDomain (15ms)
			TypeCache.Refresh (6ms)
				TypeCache.ScanAssembly (0ms)
			ScanForSourceGeneratedMonoScriptInfo (0ms)
			ResolveRequiredComponents (6ms)
	FinalizeReload (1014ms)
		ReleaseScriptCaches (0ms)
		RebuildScriptCaches (0ms)
		SetupLoadedEditorAssemblies (489ms)
			LogAssemblyErrors (0ms)
			InitializePlatformSupportModulesInManaged (7ms)
			SetLoadedEditorAssemblies (6ms)
			RefreshPlugins (0ms)
			BeforeProcessingInitializeOnLoad (90ms)
			ProcessInitializeOnLoadAttributes (356ms)
			ProcessInitializeOnLoadMethodAttributes (23ms)
			AfterProcessingInitializeOnLoad (7ms)
			EditorAssembliesLoaded (0ms)
		ExecutionOrderSort2 (0ms)
		AwakeInstancesAfterBackupRestoration (6ms)
Refreshing native plugins compatible for Editor in 3.87 ms, found 3 plugins.
Preloading 0 native plugins for Editor in 0.00 ms.
Unloading 3134 Unused Serialized files (Serialized files now loaded: 0)
Unloading 14 unused Assets / (28.5 KB). Loaded Objects now: 3754.
Memory consumption went from 197.3 MB to 197.2 MB.
Total: 2.272800 ms (FindLiveObjects: 0.223900 ms CreateObjectMapping: 0.109000 ms MarkObjects: 1.897600 ms  DeleteObjects: 0.041500 ms)

Prepare: number of updated asset objects reloaded= 0
AssetImportParameters requested are different than current active one (requested -> active):
  custom:scripting/monoscript/fileName/CFX_Demo_With_UIParticle.cs: 226f2c5431a3281109d962f41860d8fa -> 
  custom:scripting/monoscript/fileName/SpriteExtensions.cs: d15fc44627372ae38565323b74d7ae12 -> 
  custom:container-demuxer-ogg: 62fdf1f143b41e24485cea50d1cbac27 -> 
  custom:scripting/monoscript/fileName/UIParticle_PerformanceDemo.cs: 4f06c4b31cfbc934f9c8a4cffb890ea0 -> 
  custom:scripting/monoscript/fileName/UIParticleProjectSettings.cs: e67134131661b9872564981966bfc127 -> 
  custom:scripting/monoscript/fileName/UIParticle.cs: 2325898c5f7e7032e1304a953772e3db -> 
  custom:scripting/monoscript/fileName/Vector3Extensions.cs: d2785b660e92dd53626ae8ab3f74eb90 -> 
  custom:video-codec-MediaFoundation-h265: 746d11721c4dcdbdad8f713fa42b33f4 -> 
  custom:scripting/monoscript/fileName/UIExtraCallbacks.cs: 3d3413dbcd53c71899d73ab53a15ba37 -> 
  custom:video-decoder-ogg-theora: a1e56fd34408186e4bbccfd4996cb3dc -> 
  custom:scripting/monoscript/fileName/AnimatableProperty.cs: f35dc87c3f2df1477c8a408b8fbe37b5 -> 
  custom:scripting/monoscript/fileName/AnimatablePropertyEditor.cs: 1d03953670d8e406357019b192662737 -> 
  custom:scripting/monoscript/fileName/UIParticleMenu.cs: a4859bf31ac3affa2499cb7d11d0a844 -> 
  custom:framework-win-MediaFoundation: 216162199b28c13a410421893ffa2e32 -> 
  custom:scripting/monoscript/fileName/CanvasExtensions.cs: dd125fe003e3c2c37c4a99dbb0078950 -> 
  custom:scripting/monoscript/fileName/ComponentExtensions.cs: fb5af0f40f5d66304cb9361270b05072 -> 
  custom:scripting/monoscript/fileName/Logging.cs: 5f2ed8485a56b4e9e53aa65cdef27b10 -> 
  custom:CustomObjectIndexerAttribute: 9a22284fe3817be447336de3de66b15e -> 
  custom:container-demuxer-webm: 4f35f7cbe854078d1ac9338744f61a02 -> 
  custom:scripting/monoscript/fileName/FastAction.cs: 60eb5b7e04daf339f61dca5fd934100f -> dfbe75b66b645b53472915ad2590af11
  custom:scripting/monoscript/fileName/FrameCache.cs: 3dcf885da94f12c1b606c497e398faf9 -> 
  custom:scripting/monoscript/fileName/UIParticleEditor.cs: b6bdab8e4a72b4216e3f0c8f8ed45e99 -> 
  custom:container-muxer-webm: aa71ff27fc2769a1b78a27578f13a17b -> 
  custom:scripting/monoscript/fileName/ObjectRepository.cs: 0cdf409b5aa8d4c25876d72b5c6a3b60 -> 
  custom:scripting/monoscript/fileName/ObjectPool.cs: 0cdf409b5aa8d4c25876d72b5c6a3b60 -> 
  custom:video-decoder-webm-vp8: 9c59270c3fd7afecdb556c50c9e8de78 -> 
  custom:SearchIndexIgnoredProperties: e643bd26f0fe6173181afceb89e7c659 -> 
  custom:AudioImporter_EditorPlatform: d09bf68614088b80899f8185d706f6e7 -> 
  custom:scripting/monoscript/fileName/UIParticleAttractor.cs: 56646a28f8018ce8d626b6a0b28e5c77 -> 
  custom:scripting/monoscript/fileName/Color32Extensions.cs: 957a68f3e8b649a9394b51c6910ca65a -> 
  custom:scripting/monoscript/fileName/UIParticleRenderer.cs: e7d82b34b2b52af3ee36bf0e1f32e85d -> 
  custom:scripting/monoscript/fileName/UIParticleUpdater.cs: 64d938919628a112a7e9c9345f1ccb18 -> 
  custom:scripting/monoscript/fileName/NewTestScript.cs: 2eb4416447678e2004e156bd89cd8cbd -> 
  custom:scripting/monoscript/fileName/ParticleSystemExtensions.cs: a9d6841fd486ede512f2bde88014253e -> 
  custom:video-encoder-webm-vp8: eb34c28f22e8b96e1ab97ce403110664 -> 
  custom:audio-decoder-ogg-vorbis: bf7c407c2cedff20999df2af8eb42d56 -> 
  custom:scripting/monoscript/fileName/Misc.cs: 246d9d5aaf21070630ef885fe1125ea2 -> 7ed2e50827551a4e78c69f183dffa2c9
  custom:audio-encoder-webm-vorbis: bf7c407c2cedff20999df2af8eb42d56 -> 
  custom:scripting/monoscript/fileName/MaterialRepository.cs: 128c5f079d59296a900349dfa10fb5ae -> 
  custom:scripting/precompiled-assembly-types:Assembly-CSharp: 5539a435bc8c47a9ef169f3122ff605b -> e39fd18ca0bed8fd7945fb9eec5095e0
========================================================================
Received Prepare
Caller must complete domain reload
Begin MonoManager ReloadAssembly
- Loaded All Assemblies, in  0.461 seconds
Native extension for WindowsStandalone target not found
Mono: successfully reloaded assembly
- Finished resetting the current domain, in  0.991 seconds
Domain Reload Profiling: 1449ms
	BeginReloadAssembly (142ms)
		ExecutionOrderSort (0ms)
		DisableScriptedObjects (5ms)
		BackupInstance (0ms)
		ReleaseScriptingObjects (0ms)
		CreateAndSetChildDomain (29ms)
	RebuildCommonClasses (35ms)
	RebuildNativeTypeToScriptingClass (11ms)
	initialDomainReloadingComplete (34ms)
	LoadAllAssembliesAndSetupDomain (236ms)
		LoadAssemblies (289ms)
		RebuildTransferFunctionScriptingTraits (0ms)
		AnalyzeDomain (24ms)
			TypeCache.Refresh (8ms)
				TypeCache.ScanAssembly (1ms)
			ScanForSourceGeneratedMonoScriptInfo (6ms)
			ResolveRequiredComponents (7ms)
	FinalizeReload (991ms)
		ReleaseScriptCaches (0ms)
		RebuildScriptCaches (0ms)
		SetupLoadedEditorAssemblies (487ms)
			LogAssemblyErrors (0ms)
			InitializePlatformSupportModulesInManaged (7ms)
			SetLoadedEditorAssemblies (6ms)
			RefreshPlugins (0ms)
			BeforeProcessingInitializeOnLoad (91ms)
			ProcessInitializeOnLoadAttributes (351ms)
			ProcessInitializeOnLoadMethodAttributes (24ms)
			AfterProcessingInitializeOnLoad (9ms)
			EditorAssembliesLoaded (0ms)
		ExecutionOrderSort2 (0ms)
		AwakeInstancesAfterBackupRestoration (6ms)
Refreshing native plugins compatible for Editor in 4.05 ms, found 3 plugins.
Preloading 0 native plugins for Editor in 0.00 ms.
Unloading 3135 Unused Serialized files (Serialized files now loaded: 0)
Unloading 14 unused Assets / (28.5 KB). Loaded Objects now: 3757.
Memory consumption went from 197.5 MB to 197.5 MB.
Total: 2.429500 ms (FindLiveObjects: 0.183700 ms CreateObjectMapping: 0.098800 ms MarkObjects: 2.113000 ms  DeleteObjects: 0.033100 ms)

Prepare: number of updated asset objects reloaded= 0
AssetImportParameters requested are different than current active one (requested -> active):
  custom:scripting/monoscript/fileName/CFX_Demo_With_UIParticle.cs: 226f2c5431a3281109d962f41860d8fa -> 
  custom:scripting/monoscript/fileName/SpriteExtensions.cs: d15fc44627372ae38565323b74d7ae12 -> 
  custom:container-demuxer-ogg: 62fdf1f143b41e24485cea50d1cbac27 -> 
  custom:scripting/monoscript/fileName/UIParticle_PerformanceDemo.cs: 4f06c4b31cfbc934f9c8a4cffb890ea0 -> 
  custom:scripting/monoscript/fileName/UIParticleProjectSettings.cs: e67134131661b9872564981966bfc127 -> 
  custom:scripting/monoscript/fileName/UIParticle.cs: 2325898c5f7e7032e1304a953772e3db -> 
  custom:scripting/monoscript/fileName/Vector3Extensions.cs: d2785b660e92dd53626ae8ab3f74eb90 -> 
  custom:video-codec-MediaFoundation-h265: 746d11721c4dcdbdad8f713fa42b33f4 -> 
  custom:scripting/monoscript/fileName/UIExtraCallbacks.cs: 3d3413dbcd53c71899d73ab53a15ba37 -> 
  custom:video-decoder-ogg-theora: a1e56fd34408186e4bbccfd4996cb3dc -> 
  custom:scripting/monoscript/fileName/AnimatableProperty.cs: f35dc87c3f2df1477c8a408b8fbe37b5 -> 
  custom:scripting/monoscript/fileName/AnimatablePropertyEditor.cs: 1d03953670d8e406357019b192662737 -> 
  custom:scripting/monoscript/fileName/UIParticleMenu.cs: a4859bf31ac3affa2499cb7d11d0a844 -> 
  custom:framework-win-MediaFoundation: 216162199b28c13a410421893ffa2e32 -> 
  custom:scripting/monoscript/fileName/CanvasExtensions.cs: dd125fe003e3c2c37c4a99dbb0078950 -> 
  custom:scripting/monoscript/fileName/ComponentExtensions.cs: fb5af0f40f5d66304cb9361270b05072 -> 
  custom:scripting/monoscript/fileName/Logging.cs: 5f2ed8485a56b4e9e53aa65cdef27b10 -> 
  custom:CustomObjectIndexerAttribute: 9a22284fe3817be447336de3de66b15e -> 
  custom:container-demuxer-webm: 4f35f7cbe854078d1ac9338744f61a02 -> 
  custom:scripting/monoscript/fileName/FastAction.cs: 60eb5b7e04daf339f61dca5fd934100f -> dfbe75b66b645b53472915ad2590af11
  custom:scripting/monoscript/fileName/FrameCache.cs: 3dcf885da94f12c1b606c497e398faf9 -> 
  custom:scripting/monoscript/fileName/UIParticleEditor.cs: b6bdab8e4a72b4216e3f0c8f8ed45e99 -> 
  custom:container-muxer-webm: aa71ff27fc2769a1b78a27578f13a17b -> 
  custom:scripting/monoscript/fileName/ObjectRepository.cs: 0cdf409b5aa8d4c25876d72b5c6a3b60 -> 
  custom:scripting/monoscript/fileName/ObjectPool.cs: 0cdf409b5aa8d4c25876d72b5c6a3b60 -> 
  custom:video-decoder-webm-vp8: 9c59270c3fd7afecdb556c50c9e8de78 -> 
  custom:SearchIndexIgnoredProperties: e643bd26f0fe6173181afceb89e7c659 -> 
  custom:AudioImporter_EditorPlatform: d09bf68614088b80899f8185d706f6e7 -> 
  custom:scripting/monoscript/fileName/UIParticleAttractor.cs: 56646a28f8018ce8d626b6a0b28e5c77 -> 
  custom:scripting/monoscript/fileName/Color32Extensions.cs: 957a68f3e8b649a9394b51c6910ca65a -> 
  custom:scripting/monoscript/fileName/UIParticleRenderer.cs: e7d82b34b2b52af3ee36bf0e1f32e85d -> 
  custom:scripting/monoscript/fileName/UIParticleUpdater.cs: 64d938919628a112a7e9c9345f1ccb18 -> 
  custom:scripting/monoscript/fileName/NewTestScript.cs: 2eb4416447678e2004e156bd89cd8cbd -> 
  custom:scripting/monoscript/fileName/ParticleSystemExtensions.cs: a9d6841fd486ede512f2bde88014253e -> 
  custom:video-encoder-webm-vp8: eb34c28f22e8b96e1ab97ce403110664 -> 
  custom:audio-decoder-ogg-vorbis: bf7c407c2cedff20999df2af8eb42d56 -> 
  custom:scripting/monoscript/fileName/Misc.cs: 246d9d5aaf21070630ef885fe1125ea2 -> 7ed2e50827551a4e78c69f183dffa2c9
  custom:audio-encoder-webm-vorbis: bf7c407c2cedff20999df2af8eb42d56 -> 
  custom:scripting/monoscript/fileName/MaterialRepository.cs: 128c5f079d59296a900349dfa10fb5ae -> 
  custom:scripting/precompiled-assembly-types:Assembly-CSharp: 5539a435bc8c47a9ef169f3122ff605b -> e39fd18ca0bed8fd7945fb9eec5095e0
========================================================================
Received Prepare
Caller must complete domain reload
Begin MonoManager ReloadAssembly
- Loaded All Assemblies, in  0.443 seconds
Native extension for WindowsStandalone target not found
Mono: successfully reloaded assembly
- Finished resetting the current domain, in  1.007 seconds
Domain Reload Profiling: 1447ms
	BeginReloadAssembly (149ms)
		ExecutionOrderSort (0ms)
		DisableScriptedObjects (5ms)
		BackupInstance (0ms)
		ReleaseScriptingObjects (0ms)
		CreateAndSetChildDomain (27ms)
	RebuildCommonClasses (36ms)
	RebuildNativeTypeToScriptingClass (10ms)
	initialDomainReloadingComplete (31ms)
	LoadAllAssembliesAndSetupDomain (215ms)
		LoadAssemblies (284ms)
		RebuildTransferFunctionScriptingTraits (0ms)
		AnalyzeDomain (14ms)
			TypeCache.Refresh (5ms)
				TypeCache.ScanAssembly (0ms)
			ScanForSourceGeneratedMonoScriptInfo (0ms)
			ResolveRequiredComponents (5ms)
	FinalizeReload (1007ms)
		ReleaseScriptCaches (0ms)
		RebuildScriptCaches (0ms)
		SetupLoadedEditorAssemblies (501ms)
			LogAssemblyErrors (0ms)
			InitializePlatformSupportModulesInManaged (7ms)
			SetLoadedEditorAssemblies (6ms)
			RefreshPlugins (0ms)
			BeforeProcessingInitializeOnLoad (97ms)
			ProcessInitializeOnLoadAttributes (360ms)
			ProcessInitializeOnLoadMethodAttributes (23ms)
			AfterProcessingInitializeOnLoad (8ms)
			EditorAssembliesLoaded (0ms)
		ExecutionOrderSort2 (0ms)
		AwakeInstancesAfterBackupRestoration (6ms)
Refreshing native plugins compatible for Editor in 4.11 ms, found 3 plugins.
Preloading 0 native plugins for Editor in 0.00 ms.
Unloading 3135 Unused Serialized files (Serialized files now loaded: 0)
Unloading 14 unused Assets / (28.6 KB). Loaded Objects now: 3760.
Memory consumption went from 197.5 MB to 197.5 MB.
Total: 2.875300 ms (FindLiveObjects: 0.361700 ms CreateObjectMapping: 0.213400 ms MarkObjects: 2.264000 ms  DeleteObjects: 0.034600 ms)

Prepare: number of updated asset objects reloaded= 0
AssetImportParameters requested are different than current active one (requested -> active):
  custom:scripting/monoscript/fileName/CFX_Demo_With_UIParticle.cs: 226f2c5431a3281109d962f41860d8fa -> 
  custom:scripting/monoscript/fileName/SpriteExtensions.cs: d15fc44627372ae38565323b74d7ae12 -> 
  custom:container-demuxer-ogg: 62fdf1f143b41e24485cea50d1cbac27 -> 
  custom:scripting/monoscript/fileName/UIParticle_PerformanceDemo.cs: 4f06c4b31cfbc934f9c8a4cffb890ea0 -> 
  custom:scripting/monoscript/fileName/UIParticleProjectSettings.cs: e67134131661b9872564981966bfc127 -> 
  custom:scripting/monoscript/fileName/UIParticle.cs: 2325898c5f7e7032e1304a953772e3db -> 
  custom:scripting/monoscript/fileName/Vector3Extensions.cs: d2785b660e92dd53626ae8ab3f74eb90 -> 
  custom:video-codec-MediaFoundation-h265: 746d11721c4dcdbdad8f713fa42b33f4 -> 
  custom:scripting/monoscript/fileName/UIExtraCallbacks.cs: 3d3413dbcd53c71899d73ab53a15ba37 -> 
  custom:video-decoder-ogg-theora: a1e56fd34408186e4bbccfd4996cb3dc -> 
  custom:scripting/monoscript/fileName/AnimatableProperty.cs: f35dc87c3f2df1477c8a408b8fbe37b5 -> 
  custom:scripting/monoscript/fileName/AnimatablePropertyEditor.cs: 1d03953670d8e406357019b192662737 -> 
  custom:scripting/monoscript/fileName/UIParticleMenu.cs: a4859bf31ac3affa2499cb7d11d0a844 -> 
  custom:framework-win-MediaFoundation: 216162199b28c13a410421893ffa2e32 -> 
  custom:scripting/monoscript/fileName/CanvasExtensions.cs: dd125fe003e3c2c37c4a99dbb0078950 -> 
  custom:scripting/monoscript/fileName/ComponentExtensions.cs: fb5af0f40f5d66304cb9361270b05072 -> 
  custom:scripting/monoscript/fileName/Logging.cs: 5f2ed8485a56b4e9e53aa65cdef27b10 -> 
  custom:CustomObjectIndexerAttribute: 9a22284fe3817be447336de3de66b15e -> 
  custom:container-demuxer-webm: 4f35f7cbe854078d1ac9338744f61a02 -> 
  custom:scripting/monoscript/fileName/FastAction.cs: 60eb5b7e04daf339f61dca5fd934100f -> dfbe75b66b645b53472915ad2590af11
  custom:scripting/monoscript/fileName/FrameCache.cs: 3dcf885da94f12c1b606c497e398faf9 -> 
  custom:scripting/monoscript/fileName/UIParticleEditor.cs: b6bdab8e4a72b4216e3f0c8f8ed45e99 -> 
  custom:container-muxer-webm: aa71ff27fc2769a1b78a27578f13a17b -> 
  custom:scripting/monoscript/fileName/ObjectRepository.cs: 0cdf409b5aa8d4c25876d72b5c6a3b60 -> 
  custom:scripting/monoscript/fileName/ObjectPool.cs: 0cdf409b5aa8d4c25876d72b5c6a3b60 -> 
  custom:video-decoder-webm-vp8: 9c59270c3fd7afecdb556c50c9e8de78 -> 
  custom:SearchIndexIgnoredProperties: e643bd26f0fe6173181afceb89e7c659 -> 
  custom:AudioImporter_EditorPlatform: d09bf68614088b80899f8185d706f6e7 -> 
  custom:scripting/monoscript/fileName/UIParticleAttractor.cs: 56646a28f8018ce8d626b6a0b28e5c77 -> 
  custom:scripting/monoscript/fileName/Color32Extensions.cs: 957a68f3e8b649a9394b51c6910ca65a -> 
  custom:scripting/monoscript/fileName/UIParticleRenderer.cs: e7d82b34b2b52af3ee36bf0e1f32e85d -> 
  custom:scripting/monoscript/fileName/UIParticleUpdater.cs: 64d938919628a112a7e9c9345f1ccb18 -> 
  custom:scripting/monoscript/fileName/NewTestScript.cs: 2eb4416447678e2004e156bd89cd8cbd -> 
  custom:scripting/monoscript/fileName/ParticleSystemExtensions.cs: a9d6841fd486ede512f2bde88014253e -> 
  custom:video-encoder-webm-vp8: eb34c28f22e8b96e1ab97ce403110664 -> 
  custom:audio-decoder-ogg-vorbis: bf7c407c2cedff20999df2af8eb42d56 -> 
  custom:scripting/monoscript/fileName/Misc.cs: 246d9d5aaf21070630ef885fe1125ea2 -> 7ed2e50827551a4e78c69f183dffa2c9
  custom:audio-encoder-webm-vorbis: bf7c407c2cedff20999df2af8eb42d56 -> 
  custom:scripting/monoscript/fileName/MaterialRepository.cs: 128c5f079d59296a900349dfa10fb5ae -> 
  custom:scripting/precompiled-assembly-types:Assembly-CSharp: 5539a435bc8c47a9ef169f3122ff605b -> e39fd18ca0bed8fd7945fb9eec5095e0
========================================================================
Received Prepare
Caller must complete domain reload
Begin MonoManager ReloadAssembly
- Loaded All Assemblies, in  0.456 seconds
Native extension for WindowsStandalone target not found
Mono: successfully reloaded assembly
- Finished resetting the current domain, in  0.988 seconds
Domain Reload Profiling: 1442ms
	BeginReloadAssembly (142ms)
		ExecutionOrderSort (0ms)
		DisableScriptedObjects (5ms)
		BackupInstance (0ms)
		ReleaseScriptingObjects (0ms)
		CreateAndSetChildDomain (29ms)
	RebuildCommonClasses (34ms)
	RebuildNativeTypeToScriptingClass (9ms)
	initialDomainReloadingComplete (30ms)
	LoadAllAssembliesAndSetupDomain (238ms)
		LoadAssemblies (293ms)
		RebuildTransferFunctionScriptingTraits (0ms)
		AnalyzeDomain (22ms)
			TypeCache.Refresh (8ms)
				TypeCache.ScanAssembly (1ms)
			ScanForSourceGeneratedMonoScriptInfo (7ms)
			ResolveRequiredComponents (5ms)
	FinalizeReload (989ms)
		ReleaseScriptCaches (0ms)
		RebuildScriptCaches (0ms)
		SetupLoadedEditorAssemblies (497ms)
			LogAssemblyErrors (0ms)
			InitializePlatformSupportModulesInManaged (6ms)
			SetLoadedEditorAssemblies (5ms)
			RefreshPlugins (0ms)
			BeforeProcessingInitializeOnLoad (89ms)
			ProcessInitializeOnLoadAttributes (368ms)
			ProcessInitializeOnLoadMethodAttributes (21ms)
			AfterProcessingInitializeOnLoad (7ms)
			EditorAssembliesLoaded (0ms)
		ExecutionOrderSort2 (0ms)
		AwakeInstancesAfterBackupRestoration (6ms)
Refreshing native plugins compatible for Editor in 4.12 ms, found 3 plugins.
Preloading 0 native plugins for Editor in 0.00 ms.
Unloading 3135 Unused Serialized files (Serialized files now loaded: 0)
Unloading 14 unused Assets / (28.6 KB). Loaded Objects now: 3763.
Memory consumption went from 197.5 MB to 197.5 MB.
Total: 2.108100 ms (FindLiveObjects: 0.188700 ms CreateObjectMapping: 0.087800 ms MarkObjects: 1.797300 ms  DeleteObjects: 0.033000 ms)

Prepare: number of updated asset objects reloaded= 0
AssetImportParameters requested are different than current active one (requested -> active):
  custom:scripting/monoscript/fileName/CFX_Demo_With_UIParticle.cs: 226f2c5431a3281109d962f41860d8fa -> 
  custom:scripting/monoscript/fileName/SpriteExtensions.cs: d15fc44627372ae38565323b74d7ae12 -> 
  custom:container-demuxer-ogg: 62fdf1f143b41e24485cea50d1cbac27 -> 
  custom:scripting/monoscript/fileName/UIParticle_PerformanceDemo.cs: 4f06c4b31cfbc934f9c8a4cffb890ea0 -> 
  custom:scripting/monoscript/fileName/UIParticleProjectSettings.cs: e67134131661b9872564981966bfc127 -> 
  custom:scripting/monoscript/fileName/UIParticle.cs: 2325898c5f7e7032e1304a953772e3db -> 
  custom:scripting/monoscript/fileName/Vector3Extensions.cs: d2785b660e92dd53626ae8ab3f74eb90 -> 
  custom:video-codec-MediaFoundation-h265: 746d11721c4dcdbdad8f713fa42b33f4 -> 
  custom:scripting/monoscript/fileName/UIExtraCallbacks.cs: 3d3413dbcd53c71899d73ab53a15ba37 -> 
  custom:video-decoder-ogg-theora: a1e56fd34408186e4bbccfd4996cb3dc -> 
  custom:scripting/monoscript/fileName/AnimatableProperty.cs: f35dc87c3f2df1477c8a408b8fbe37b5 -> 
  custom:scripting/monoscript/fileName/AnimatablePropertyEditor.cs: 1d03953670d8e406357019b192662737 -> 
  custom:scripting/monoscript/fileName/UIParticleMenu.cs: a4859bf31ac3affa2499cb7d11d0a844 -> 
  custom:framework-win-MediaFoundation: 216162199b28c13a410421893ffa2e32 -> 
  custom:scripting/monoscript/fileName/CanvasExtensions.cs: dd125fe003e3c2c37c4a99dbb0078950 -> 
  custom:scripting/monoscript/fileName/ComponentExtensions.cs: fb5af0f40f5d66304cb9361270b05072 -> 
  custom:scripting/monoscript/fileName/Logging.cs: 5f2ed8485a56b4e9e53aa65cdef27b10 -> 
  custom:CustomObjectIndexerAttribute: 9a22284fe3817be447336de3de66b15e -> 
  custom:container-demuxer-webm: 4f35f7cbe854078d1ac9338744f61a02 -> 
  custom:scripting/monoscript/fileName/FastAction.cs: 60eb5b7e04daf339f61dca5fd934100f -> dfbe75b66b645b53472915ad2590af11
  custom:scripting/monoscript/fileName/FrameCache.cs: 3dcf885da94f12c1b606c497e398faf9 -> 
  custom:scripting/monoscript/fileName/UIParticleEditor.cs: b6bdab8e4a72b4216e3f0c8f8ed45e99 -> 
  custom:container-muxer-webm: aa71ff27fc2769a1b78a27578f13a17b -> 
  custom:scripting/monoscript/fileName/ObjectRepository.cs: 0cdf409b5aa8d4c25876d72b5c6a3b60 -> 
  custom:scripting/monoscript/fileName/ObjectPool.cs: 0cdf409b5aa8d4c25876d72b5c6a3b60 -> 
  custom:video-decoder-webm-vp8: 9c59270c3fd7afecdb556c50c9e8de78 -> 
  custom:SearchIndexIgnoredProperties: e643bd26f0fe6173181afceb89e7c659 -> 
  custom:AudioImporter_EditorPlatform: d09bf68614088b80899f8185d706f6e7 -> 
  custom:scripting/monoscript/fileName/UIParticleAttractor.cs: 56646a28f8018ce8d626b6a0b28e5c77 -> 
  custom:scripting/monoscript/fileName/Color32Extensions.cs: 957a68f3e8b649a9394b51c6910ca65a -> 
  custom:scripting/monoscript/fileName/UIParticleRenderer.cs: e7d82b34b2b52af3ee36bf0e1f32e85d -> 
  custom:scripting/monoscript/fileName/UIParticleUpdater.cs: 64d938919628a112a7e9c9345f1ccb18 -> 
  custom:scripting/monoscript/fileName/NewTestScript.cs: 2eb4416447678e2004e156bd89cd8cbd -> 
  custom:scripting/monoscript/fileName/ParticleSystemExtensions.cs: a9d6841fd486ede512f2bde88014253e -> 
  custom:video-encoder-webm-vp8: eb34c28f22e8b96e1ab97ce403110664 -> 
  custom:audio-decoder-ogg-vorbis: bf7c407c2cedff20999df2af8eb42d56 -> 
  custom:scripting/monoscript/fileName/Misc.cs: 246d9d5aaf21070630ef885fe1125ea2 -> 7ed2e50827551a4e78c69f183dffa2c9
  custom:audio-encoder-webm-vorbis: bf7c407c2cedff20999df2af8eb42d56 -> 
  custom:scripting/monoscript/fileName/MaterialRepository.cs: 128c5f079d59296a900349dfa10fb5ae -> 
  custom:scripting/precompiled-assembly-types:Assembly-CSharp: 5539a435bc8c47a9ef169f3122ff605b -> e39fd18ca0bed8fd7945fb9eec5095e0
========================================================================
Received Prepare
Caller must complete domain reload
Begin MonoManager ReloadAssembly
- Loaded All Assemblies, in  0.464 seconds
Native extension for WindowsStandalone target not found
Mono: successfully reloaded assembly
- Finished resetting the current domain, in  0.976 seconds
Domain Reload Profiling: 1436ms
	BeginReloadAssembly (153ms)
		ExecutionOrderSort (0ms)
		DisableScriptedObjects (5ms)
		BackupInstance (0ms)
		ReleaseScriptingObjects (0ms)
		CreateAndSetChildDomain (32ms)
	RebuildCommonClasses (32ms)
	RebuildNativeTypeToScriptingClass (9ms)
	initialDomainReloadingComplete (29ms)
	LoadAllAssembliesAndSetupDomain (237ms)
		LoadAssemblies (295ms)
		RebuildTransferFunctionScriptingTraits (0ms)
		AnalyzeDomain (26ms)
			TypeCache.Refresh (9ms)
				TypeCache.ScanAssembly (1ms)
			ScanForSourceGeneratedMonoScriptInfo (7ms)
			ResolveRequiredComponents (7ms)
	FinalizeReload (976ms)
		ReleaseScriptCaches (0ms)
		RebuildScriptCaches (0ms)
		SetupLoadedEditorAssemblies (475ms)
			LogAssemblyErrors (0ms)
			InitializePlatformSupportModulesInManaged (6ms)
			SetLoadedEditorAssemblies (5ms)
			RefreshPlugins (0ms)
			BeforeProcessingInitializeOnLoad (91ms)
			ProcessInitializeOnLoadAttributes (346ms)
			ProcessInitializeOnLoadMethodAttributes (20ms)
			AfterProcessingInitializeOnLoad (7ms)
			EditorAssembliesLoaded (0ms)
		ExecutionOrderSort2 (0ms)
		AwakeInstancesAfterBackupRestoration (6ms)
Refreshing native plugins compatible for Editor in 4.02 ms, found 3 plugins.
Preloading 0 native plugins for Editor in 0.00 ms.
Unloading 3135 Unused Serialized files (Serialized files now loaded: 0)
Unloading 14 unused Assets / (28.6 KB). Loaded Objects now: 3766.
Memory consumption went from 197.5 MB to 197.5 MB.
Total: 2.117300 ms (FindLiveObjects: 0.185600 ms CreateObjectMapping: 0.091500 ms MarkObjects: 1.799500 ms  DeleteObjects: 0.039200 ms)

Prepare: number of updated asset objects reloaded= 0
AssetImportParameters requested are different than current active one (requested -> active):
  custom:scripting/monoscript/fileName/CFX_Demo_With_UIParticle.cs: 226f2c5431a3281109d962f41860d8fa -> 
  custom:scripting/monoscript/fileName/SpriteExtensions.cs: d15fc44627372ae38565323b74d7ae12 -> 
  custom:container-demuxer-ogg: 62fdf1f143b41e24485cea50d1cbac27 -> 
  custom:scripting/monoscript/fileName/UIParticle_PerformanceDemo.cs: 4f06c4b31cfbc934f9c8a4cffb890ea0 -> 
  custom:scripting/monoscript/fileName/UIParticleProjectSettings.cs: e67134131661b9872564981966bfc127 -> 
  custom:scripting/monoscript/fileName/UIParticle.cs: 2325898c5f7e7032e1304a953772e3db -> 
  custom:scripting/monoscript/fileName/Vector3Extensions.cs: d2785b660e92dd53626ae8ab3f74eb90 -> 
  custom:video-codec-MediaFoundation-h265: 746d11721c4dcdbdad8f713fa42b33f4 -> 
  custom:scripting/monoscript/fileName/UIExtraCallbacks.cs: 3d3413dbcd53c71899d73ab53a15ba37 -> 
  custom:video-decoder-ogg-theora: a1e56fd34408186e4bbccfd4996cb3dc -> 
  custom:scripting/monoscript/fileName/AnimatableProperty.cs: f35dc87c3f2df1477c8a408b8fbe37b5 -> 
  custom:scripting/monoscript/fileName/AnimatablePropertyEditor.cs: 1d03953670d8e406357019b192662737 -> 
  custom:scripting/monoscript/fileName/UIParticleMenu.cs: a4859bf31ac3affa2499cb7d11d0a844 -> 
  custom:framework-win-MediaFoundation: 216162199b28c13a410421893ffa2e32 -> 
  custom:scripting/monoscript/fileName/CanvasExtensions.cs: dd125fe003e3c2c37c4a99dbb0078950 -> 
  custom:scripting/monoscript/fileName/ComponentExtensions.cs: fb5af0f40f5d66304cb9361270b05072 -> 
  custom:scripting/monoscript/fileName/Logging.cs: 5f2ed8485a56b4e9e53aa65cdef27b10 -> 
  custom:CustomObjectIndexerAttribute: 9a22284fe3817be447336de3de66b15e -> 
  custom:container-demuxer-webm: 4f35f7cbe854078d1ac9338744f61a02 -> 
  custom:scripting/monoscript/fileName/FastAction.cs: 60eb5b7e04daf339f61dca5fd934100f -> dfbe75b66b645b53472915ad2590af11
  custom:scripting/monoscript/fileName/FrameCache.cs: 3dcf885da94f12c1b606c497e398faf9 -> 
  custom:scripting/monoscript/fileName/UIParticleEditor.cs: b6bdab8e4a72b4216e3f0c8f8ed45e99 -> 
  custom:container-muxer-webm: aa71ff27fc2769a1b78a27578f13a17b -> 
  custom:scripting/monoscript/fileName/ObjectRepository.cs: 0cdf409b5aa8d4c25876d72b5c6a3b60 -> 
  custom:scripting/monoscript/fileName/ObjectPool.cs: 0cdf409b5aa8d4c25876d72b5c6a3b60 -> 
  custom:video-decoder-webm-vp8: 9c59270c3fd7afecdb556c50c9e8de78 -> 
  custom:SearchIndexIgnoredProperties: e643bd26f0fe6173181afceb89e7c659 -> 
  custom:AudioImporter_EditorPlatform: d09bf68614088b80899f8185d706f6e7 -> 
  custom:scripting/monoscript/fileName/UIParticleAttractor.cs: 56646a28f8018ce8d626b6a0b28e5c77 -> 
  custom:scripting/monoscript/fileName/Color32Extensions.cs: 957a68f3e8b649a9394b51c6910ca65a -> 
  custom:scripting/monoscript/fileName/UIParticleRenderer.cs: e7d82b34b2b52af3ee36bf0e1f32e85d -> 
  custom:scripting/monoscript/fileName/UIParticleUpdater.cs: 64d938919628a112a7e9c9345f1ccb18 -> 
  custom:scripting/monoscript/fileName/NewTestScript.cs: 2eb4416447678e2004e156bd89cd8cbd -> 
  custom:scripting/monoscript/fileName/ParticleSystemExtensions.cs: a9d6841fd486ede512f2bde88014253e -> 
  custom:video-encoder-webm-vp8: eb34c28f22e8b96e1ab97ce403110664 -> 
  custom:audio-decoder-ogg-vorbis: bf7c407c2cedff20999df2af8eb42d56 -> 
  custom:scripting/monoscript/fileName/Misc.cs: 246d9d5aaf21070630ef885fe1125ea2 -> 7ed2e50827551a4e78c69f183dffa2c9
  custom:audio-encoder-webm-vorbis: bf7c407c2cedff20999df2af8eb42d56 -> 
  custom:scripting/monoscript/fileName/MaterialRepository.cs: 128c5f079d59296a900349dfa10fb5ae -> 
  custom:scripting/precompiled-assembly-types:Assembly-CSharp: 5539a435bc8c47a9ef169f3122ff605b -> e39fd18ca0bed8fd7945fb9eec5095e0
========================================================================
Received Prepare
Caller must complete domain reload
Begin MonoManager ReloadAssembly
- Loaded All Assemblies, in  0.452 seconds
Native extension for WindowsStandalone target not found
Mono: successfully reloaded assembly
- Finished resetting the current domain, in  1.018 seconds
Domain Reload Profiling: 1467ms
	BeginReloadAssembly (144ms)
		ExecutionOrderSort (0ms)
		DisableScriptedObjects (6ms)
		BackupInstance (0ms)
		ReleaseScriptingObjects (0ms)
		CreateAndSetChildDomain (26ms)
	RebuildCommonClasses (37ms)
	RebuildNativeTypeToScriptingClass (10ms)
	initialDomainReloadingComplete (27ms)
	LoadAllAssembliesAndSetupDomain (230ms)
		LoadAssemblies (296ms)
		RebuildTransferFunctionScriptingTraits (0ms)
		AnalyzeDomain (14ms)
			TypeCache.Refresh (5ms)
				TypeCache.ScanAssembly (0ms)
			ScanForSourceGeneratedMonoScriptInfo (0ms)
			ResolveRequiredComponents (6ms)
	FinalizeReload (1018ms)
		ReleaseScriptCaches (0ms)
		RebuildScriptCaches (0ms)
		SetupLoadedEditorAssemblies (492ms)
			LogAssemblyErrors (0ms)
			InitializePlatformSupportModulesInManaged (7ms)
			SetLoadedEditorAssemblies (5ms)
			RefreshPlugins (0ms)
			BeforeProcessingInitializeOnLoad (96ms)
			ProcessInitializeOnLoadAttributes (354ms)
			ProcessInitializeOnLoadMethodAttributes (22ms)
			AfterProcessingInitializeOnLoad (7ms)
			EditorAssembliesLoaded (0ms)
		ExecutionOrderSort2 (0ms)
		AwakeInstancesAfterBackupRestoration (7ms)
Refreshing native plugins compatible for Editor in 3.76 ms, found 3 plugins.
Preloading 0 native plugins for Editor in 0.00 ms.
Unloading 3135 Unused Serialized files (Serialized files now loaded: 0)
Unloading 14 unused Assets / (28.6 KB). Loaded Objects now: 3769.
Memory consumption went from 197.5 MB to 197.5 MB.
Total: 2.403900 ms (FindLiveObjects: 0.219500 ms CreateObjectMapping: 0.114900 ms MarkObjects: 2.008800 ms  DeleteObjects: 0.059200 ms)

Prepare: number of updated asset objects reloaded= 0
AssetImportParameters requested are different than current active one (requested -> active):
  custom:scripting/monoscript/fileName/CFX_Demo_With_UIParticle.cs: 226f2c5431a3281109d962f41860d8fa -> 
  custom:scripting/monoscript/fileName/SpriteExtensions.cs: d15fc44627372ae38565323b74d7ae12 -> 
  custom:container-demuxer-ogg: 62fdf1f143b41e24485cea50d1cbac27 -> 
  custom:scripting/monoscript/fileName/UIParticle_PerformanceDemo.cs: 4f06c4b31cfbc934f9c8a4cffb890ea0 -> 
  custom:scripting/monoscript/fileName/UIParticleProjectSettings.cs: e67134131661b9872564981966bfc127 -> 
  custom:scripting/monoscript/fileName/UIParticle.cs: 2325898c5f7e7032e1304a953772e3db -> 
  custom:scripting/monoscript/fileName/Vector3Extensions.cs: d2785b660e92dd53626ae8ab3f74eb90 -> 
  custom:video-codec-MediaFoundation-h265: 746d11721c4dcdbdad8f713fa42b33f4 -> 
  custom:scripting/monoscript/fileName/UIExtraCallbacks.cs: 3d3413dbcd53c71899d73ab53a15ba37 -> 
  custom:video-decoder-ogg-theora: a1e56fd34408186e4bbccfd4996cb3dc -> 
  custom:scripting/monoscript/fileName/AnimatableProperty.cs: f35dc87c3f2df1477c8a408b8fbe37b5 -> 
  custom:scripting/monoscript/fileName/AnimatablePropertyEditor.cs: 1d03953670d8e406357019b192662737 -> 
  custom:scripting/monoscript/fileName/UIParticleMenu.cs: a4859bf31ac3affa2499cb7d11d0a844 -> 
  custom:framework-win-MediaFoundation: 216162199b28c13a410421893ffa2e32 -> 
  custom:scripting/monoscript/fileName/CanvasExtensions.cs: dd125fe003e3c2c37c4a99dbb0078950 -> 
  custom:scripting/monoscript/fileName/ComponentExtensions.cs: fb5af0f40f5d66304cb9361270b05072 -> 
  custom:scripting/monoscript/fileName/Logging.cs: 5f2ed8485a56b4e9e53aa65cdef27b10 -> 
  custom:CustomObjectIndexerAttribute: 9a22284fe3817be447336de3de66b15e -> 
  custom:container-demuxer-webm: 4f35f7cbe854078d1ac9338744f61a02 -> 
  custom:scripting/monoscript/fileName/FastAction.cs: 60eb5b7e04daf339f61dca5fd934100f -> dfbe75b66b645b53472915ad2590af11
  custom:scripting/monoscript/fileName/FrameCache.cs: 3dcf885da94f12c1b606c497e398faf9 -> 
  custom:scripting/monoscript/fileName/UIParticleEditor.cs: b6bdab8e4a72b4216e3f0c8f8ed45e99 -> 
  custom:container-muxer-webm: aa71ff27fc2769a1b78a27578f13a17b -> 
  custom:scripting/monoscript/fileName/ObjectRepository.cs: 0cdf409b5aa8d4c25876d72b5c6a3b60 -> 
  custom:scripting/monoscript/fileName/ObjectPool.cs: 0cdf409b5aa8d4c25876d72b5c6a3b60 -> 
  custom:video-decoder-webm-vp8: 9c59270c3fd7afecdb556c50c9e8de78 -> 
  custom:SearchIndexIgnoredProperties: e643bd26f0fe6173181afceb89e7c659 -> 
  custom:AudioImporter_EditorPlatform: d09bf68614088b80899f8185d706f6e7 -> 
  custom:scripting/monoscript/fileName/UIParticleAttractor.cs: 56646a28f8018ce8d626b6a0b28e5c77 -> 
  custom:scripting/monoscript/fileName/Color32Extensions.cs: 957a68f3e8b649a9394b51c6910ca65a -> 
  custom:scripting/monoscript/fileName/UIParticleRenderer.cs: e7d82b34b2b52af3ee36bf0e1f32e85d -> 
  custom:scripting/monoscript/fileName/UIParticleUpdater.cs: 64d938919628a112a7e9c9345f1ccb18 -> 
  custom:scripting/monoscript/fileName/NewTestScript.cs: 2eb4416447678e2004e156bd89cd8cbd -> 
  custom:scripting/monoscript/fileName/ParticleSystemExtensions.cs: a9d6841fd486ede512f2bde88014253e -> 
  custom:video-encoder-webm-vp8: eb34c28f22e8b96e1ab97ce403110664 -> 
  custom:audio-decoder-ogg-vorbis: bf7c407c2cedff20999df2af8eb42d56 -> 
  custom:scripting/monoscript/fileName/Misc.cs: 246d9d5aaf21070630ef885fe1125ea2 -> 7ed2e50827551a4e78c69f183dffa2c9
  custom:audio-encoder-webm-vorbis: bf7c407c2cedff20999df2af8eb42d56 -> 
  custom:scripting/monoscript/fileName/MaterialRepository.cs: 128c5f079d59296a900349dfa10fb5ae -> 
  custom:scripting/precompiled-assembly-types:Assembly-CSharp: 5539a435bc8c47a9ef169f3122ff605b -> e39fd18ca0bed8fd7945fb9eec5095e0
========================================================================
Received Prepare
Caller must complete domain reload
Begin MonoManager ReloadAssembly
- Loaded All Assemblies, in  0.445 seconds
Native extension for WindowsStandalone target not found
Mono: successfully reloaded assembly
- Finished resetting the current domain, in  0.977 seconds
Domain Reload Profiling: 1420ms
	BeginReloadAssembly (140ms)
		ExecutionOrderSort (0ms)
		DisableScriptedObjects (6ms)
		BackupInstance (0ms)
		ReleaseScriptingObjects (0ms)
		CreateAndSetChildDomain (25ms)
	RebuildCommonClasses (35ms)
	RebuildNativeTypeToScriptingClass (10ms)
	initialDomainReloadingComplete (30ms)
	LoadAllAssembliesAndSetupDomain (228ms)
		LoadAssemblies (293ms)
		RebuildTransferFunctionScriptingTraits (0ms)
		AnalyzeDomain (15ms)
			TypeCache.Refresh (6ms)
				TypeCache.ScanAssembly (0ms)
			ScanForSourceGeneratedMonoScriptInfo (0ms)
			ResolveRequiredComponents (6ms)
	FinalizeReload (978ms)
		ReleaseScriptCaches (0ms)
		RebuildScriptCaches (0ms)
		SetupLoadedEditorAssemblies (479ms)
			LogAssemblyErrors (0ms)
			InitializePlatformSupportModulesInManaged (8ms)
			SetLoadedEditorAssemblies (5ms)
			RefreshPlugins (0ms)
			BeforeProcessingInitializeOnLoad (95ms)
			ProcessInitializeOnLoadAttributes (342ms)
			ProcessInitializeOnLoadMethodAttributes (22ms)
			AfterProcessingInitializeOnLoad (7ms)
			EditorAssembliesLoaded (0ms)
		ExecutionOrderSort2 (0ms)
		AwakeInstancesAfterBackupRestoration (6ms)
Refreshing native plugins compatible for Editor in 4.05 ms, found 3 plugins.
Preloading 0 native plugins for Editor in 0.00 ms.
Unloading 3135 Unused Serialized files (Serialized files now loaded: 0)
Unloading 14 unused Assets / (28.5 KB). Loaded Objects now: 3772.
Memory consumption went from 197.5 MB to 197.5 MB.
Total: 2.421100 ms (FindLiveObjects: 0.232100 ms CreateObjectMapping: 0.104600 ms MarkObjects: 2.050200 ms  DeleteObjects: 0.033100 ms)

Prepare: number of updated asset objects reloaded= 0
AssetImportParameters requested are different than current active one (requested -> active):
  custom:scripting/monoscript/fileName/CFX_Demo_With_UIParticle.cs: 226f2c5431a3281109d962f41860d8fa -> 
  custom:scripting/monoscript/fileName/SpriteExtensions.cs: d15fc44627372ae38565323b74d7ae12 -> 
  custom:container-demuxer-ogg: 62fdf1f143b41e24485cea50d1cbac27 -> 
  custom:scripting/monoscript/fileName/UIParticle_PerformanceDemo.cs: 4f06c4b31cfbc934f9c8a4cffb890ea0 -> 
  custom:scripting/monoscript/fileName/UIParticleProjectSettings.cs: e67134131661b9872564981966bfc127 -> 
  custom:scripting/monoscript/fileName/UIParticle.cs: 2325898c5f7e7032e1304a953772e3db -> 
  custom:scripting/monoscript/fileName/Vector3Extensions.cs: d2785b660e92dd53626ae8ab3f74eb90 -> 
  custom:video-codec-MediaFoundation-h265: 746d11721c4dcdbdad8f713fa42b33f4 -> 
  custom:scripting/monoscript/fileName/UIExtraCallbacks.cs: 3d3413dbcd53c71899d73ab53a15ba37 -> 
  custom:video-decoder-ogg-theora: a1e56fd34408186e4bbccfd4996cb3dc -> 
  custom:scripting/monoscript/fileName/AnimatableProperty.cs: f35dc87c3f2df1477c8a408b8fbe37b5 -> 
  custom:scripting/monoscript/fileName/AnimatablePropertyEditor.cs: 1d03953670d8e406357019b192662737 -> 
  custom:scripting/monoscript/fileName/UIParticleMenu.cs: a4859bf31ac3affa2499cb7d11d0a844 -> 
  custom:framework-win-MediaFoundation: 216162199b28c13a410421893ffa2e32 -> 
  custom:scripting/monoscript/fileName/CanvasExtensions.cs: dd125fe003e3c2c37c4a99dbb0078950 -> 
  custom:scripting/monoscript/fileName/ComponentExtensions.cs: fb5af0f40f5d66304cb9361270b05072 -> 
  custom:scripting/monoscript/fileName/Logging.cs: 5f2ed8485a56b4e9e53aa65cdef27b10 -> 
  custom:CustomObjectIndexerAttribute: 9a22284fe3817be447336de3de66b15e -> 
  custom:container-demuxer-webm: 4f35f7cbe854078d1ac9338744f61a02 -> 
  custom:scripting/monoscript/fileName/FastAction.cs: 60eb5b7e04daf339f61dca5fd934100f -> dfbe75b66b645b53472915ad2590af11
  custom:scripting/monoscript/fileName/FrameCache.cs: 3dcf885da94f12c1b606c497e398faf9 -> 
  custom:scripting/monoscript/fileName/UIParticleEditor.cs: b6bdab8e4a72b4216e3f0c8f8ed45e99 -> 
  custom:container-muxer-webm: aa71ff27fc2769a1b78a27578f13a17b -> 
  custom:scripting/monoscript/fileName/ObjectRepository.cs: 0cdf409b5aa8d4c25876d72b5c6a3b60 -> 
  custom:scripting/monoscript/fileName/ObjectPool.cs: 0cdf409b5aa8d4c25876d72b5c6a3b60 -> 
  custom:video-decoder-webm-vp8: 9c59270c3fd7afecdb556c50c9e8de78 -> 
  custom:SearchIndexIgnoredProperties: e643bd26f0fe6173181afceb89e7c659 -> 
  custom:AudioImporter_EditorPlatform: d09bf68614088b80899f8185d706f6e7 -> 
  custom:scripting/monoscript/fileName/UIParticleAttractor.cs: 56646a28f8018ce8d626b6a0b28e5c77 -> 
  custom:scripting/monoscript/fileName/Color32Extensions.cs: 957a68f3e8b649a9394b51c6910ca65a -> 
  custom:scripting/monoscript/fileName/UIParticleRenderer.cs: e7d82b34b2b52af3ee36bf0e1f32e85d -> 
  custom:scripting/monoscript/fileName/UIParticleUpdater.cs: 64d938919628a112a7e9c9345f1ccb18 -> 
  custom:scripting/monoscript/fileName/NewTestScript.cs: 2eb4416447678e2004e156bd89cd8cbd -> 
  custom:scripting/monoscript/fileName/ParticleSystemExtensions.cs: a9d6841fd486ede512f2bde88014253e -> 
  custom:video-encoder-webm-vp8: eb34c28f22e8b96e1ab97ce403110664 -> 
  custom:audio-decoder-ogg-vorbis: bf7c407c2cedff20999df2af8eb42d56 -> 
  custom:scripting/monoscript/fileName/Misc.cs: 246d9d5aaf21070630ef885fe1125ea2 -> 7ed2e50827551a4e78c69f183dffa2c9
  custom:audio-encoder-webm-vorbis: bf7c407c2cedff20999df2af8eb42d56 -> 
  custom:scripting/monoscript/fileName/MaterialRepository.cs: 128c5f079d59296a900349dfa10fb5ae -> 
  custom:scripting/precompiled-assembly-types:Assembly-CSharp: 5539a435bc8c47a9ef169f3122ff605b -> e39fd18ca0bed8fd7945fb9eec5095e0
========================================================================
Received Prepare
Caller must complete domain reload
Begin MonoManager ReloadAssembly
- Loaded All Assemblies, in  0.474 seconds
Native extension for WindowsStandalone target not found
Mono: successfully reloaded assembly
- Finished resetting the current domain, in  0.957 seconds
Domain Reload Profiling: 1428ms
	BeginReloadAssembly (150ms)
		ExecutionOrderSort (0ms)
		DisableScriptedObjects (6ms)
		BackupInstance (0ms)
		ReleaseScriptingObjects (0ms)
		CreateAndSetChildDomain (27ms)
	RebuildCommonClasses (37ms)
	RebuildNativeTypeToScriptingClass (12ms)
	initialDomainReloadingComplete (34ms)
	LoadAllAssembliesAndSetupDomain (238ms)
		LoadAssemblies (299ms)
		RebuildTransferFunctionScriptingTraits (0ms)
		AnalyzeDomain (22ms)
			TypeCache.Refresh (8ms)
				TypeCache.ScanAssembly (1ms)
			ScanForSourceGeneratedMonoScriptInfo (6ms)
			ResolveRequiredComponents (6ms)
	FinalizeReload (957ms)
		ReleaseScriptCaches (0ms)
		RebuildScriptCaches (0ms)
		SetupLoadedEditorAssemblies (468ms)
			LogAssemblyErrors (0ms)
			InitializePlatformSupportModulesInManaged (6ms)
			SetLoadedEditorAssemblies (5ms)
			RefreshPlugins (0ms)
			BeforeProcessingInitializeOnLoad (94ms)
			ProcessInitializeOnLoadAttributes (332ms)
			ProcessInitializeOnLoadMethodAttributes (23ms)
			AfterProcessingInitializeOnLoad (7ms)
			EditorAssembliesLoaded (0ms)
		ExecutionOrderSort2 (0ms)
		AwakeInstancesAfterBackupRestoration (6ms)
Refreshing native plugins compatible for Editor in 3.45 ms, found 3 plugins.
Preloading 0 native plugins for Editor in 0.00 ms.
Unloading 3135 Unused Serialized files (Serialized files now loaded: 0)
Unloading 14 unused Assets / (28.6 KB). Loaded Objects now: 3775.
Memory consumption went from 197.5 MB to 197.5 MB.
Total: 3.100400 ms (FindLiveObjects: 0.188700 ms CreateObjectMapping: 0.086400 ms MarkObjects: 2.753700 ms  DeleteObjects: 0.070800 ms)

Prepare: number of updated asset objects reloaded= 0
AssetImportParameters requested are different than current active one (requested -> active):
  custom:scripting/monoscript/fileName/CFX_Demo_With_UIParticle.cs: 226f2c5431a3281109d962f41860d8fa -> 
  custom:scripting/monoscript/fileName/SpriteExtensions.cs: d15fc44627372ae38565323b74d7ae12 -> 
  custom:container-demuxer-ogg: 62fdf1f143b41e24485cea50d1cbac27 -> 
  custom:scripting/monoscript/fileName/UIParticle_PerformanceDemo.cs: 4f06c4b31cfbc934f9c8a4cffb890ea0 -> 
  custom:scripting/monoscript/fileName/UIParticleProjectSettings.cs: e67134131661b9872564981966bfc127 -> 
  custom:scripting/monoscript/fileName/UIParticle.cs: 2325898c5f7e7032e1304a953772e3db -> 
  custom:scripting/monoscript/fileName/Vector3Extensions.cs: d2785b660e92dd53626ae8ab3f74eb90 -> 
  custom:video-codec-MediaFoundation-h265: 746d11721c4dcdbdad8f713fa42b33f4 -> 
  custom:scripting/monoscript/fileName/UIExtraCallbacks.cs: 3d3413dbcd53c71899d73ab53a15ba37 -> 
  custom:video-decoder-ogg-theora: a1e56fd34408186e4bbccfd4996cb3dc -> 
  custom:scripting/monoscript/fileName/AnimatableProperty.cs: f35dc87c3f2df1477c8a408b8fbe37b5 -> 
  custom:scripting/monoscript/fileName/AnimatablePropertyEditor.cs: 1d03953670d8e406357019b192662737 -> 
  custom:scripting/monoscript/fileName/UIParticleMenu.cs: a4859bf31ac3affa2499cb7d11d0a844 -> 
  custom:framework-win-MediaFoundation: 216162199b28c13a410421893ffa2e32 -> 
  custom:scripting/monoscript/fileName/CanvasExtensions.cs: dd125fe003e3c2c37c4a99dbb0078950 -> 
  custom:scripting/monoscript/fileName/ComponentExtensions.cs: fb5af0f40f5d66304cb9361270b05072 -> 
  custom:scripting/monoscript/fileName/Logging.cs: 5f2ed8485a56b4e9e53aa65cdef27b10 -> 
  custom:CustomObjectIndexerAttribute: 9a22284fe3817be447336de3de66b15e -> 
  custom:container-demuxer-webm: 4f35f7cbe854078d1ac9338744f61a02 -> 
  custom:scripting/monoscript/fileName/FastAction.cs: 60eb5b7e04daf339f61dca5fd934100f -> dfbe75b66b645b53472915ad2590af11
  custom:scripting/monoscript/fileName/FrameCache.cs: 3dcf885da94f12c1b606c497e398faf9 -> 
  custom:scripting/monoscript/fileName/UIParticleEditor.cs: b6bdab8e4a72b4216e3f0c8f8ed45e99 -> 
  custom:container-muxer-webm: aa71ff27fc2769a1b78a27578f13a17b -> 
  custom:scripting/monoscript/fileName/ObjectRepository.cs: 0cdf409b5aa8d4c25876d72b5c6a3b60 -> 
  custom:scripting/monoscript/fileName/ObjectPool.cs: 0cdf409b5aa8d4c25876d72b5c6a3b60 -> 
  custom:video-decoder-webm-vp8: 9c59270c3fd7afecdb556c50c9e8de78 -> 
  custom:SearchIndexIgnoredProperties: e643bd26f0fe6173181afceb89e7c659 -> 
  custom:AudioImporter_EditorPlatform: d09bf68614088b80899f8185d706f6e7 -> 
  custom:scripting/monoscript/fileName/UIParticleAttractor.cs: 56646a28f8018ce8d626b6a0b28e5c77 -> 
  custom:scripting/monoscript/fileName/Color32Extensions.cs: 957a68f3e8b649a9394b51c6910ca65a -> 
  custom:scripting/monoscript/fileName/UIParticleRenderer.cs: e7d82b34b2b52af3ee36bf0e1f32e85d -> 
  custom:scripting/monoscript/fileName/UIParticleUpdater.cs: 64d938919628a112a7e9c9345f1ccb18 -> 
  custom:scripting/monoscript/fileName/NewTestScript.cs: 2eb4416447678e2004e156bd89cd8cbd -> 
  custom:scripting/monoscript/fileName/ParticleSystemExtensions.cs: a9d6841fd486ede512f2bde88014253e -> 
  custom:video-encoder-webm-vp8: eb34c28f22e8b96e1ab97ce403110664 -> 
  custom:audio-decoder-ogg-vorbis: bf7c407c2cedff20999df2af8eb42d56 -> 
  custom:scripting/monoscript/fileName/Misc.cs: 246d9d5aaf21070630ef885fe1125ea2 -> 7ed2e50827551a4e78c69f183dffa2c9
  custom:audio-encoder-webm-vorbis: bf7c407c2cedff20999df2af8eb42d56 -> 
  custom:scripting/monoscript/fileName/MaterialRepository.cs: 128c5f079d59296a900349dfa10fb5ae -> 
  custom:scripting/precompiled-assembly-types:Assembly-CSharp: 5539a435bc8c47a9ef169f3122ff605b -> e39fd18ca0bed8fd7945fb9eec5095e0
========================================================================
Received Prepare
Caller must complete domain reload
Begin MonoManager ReloadAssembly
- Loaded All Assemblies, in  0.454 seconds
Native extension for WindowsStandalone target not found
Mono: successfully reloaded assembly
- Finished resetting the current domain, in  0.969 seconds
Domain Reload Profiling: 1420ms
	BeginReloadAssembly (148ms)
		ExecutionOrderSort (0ms)
		DisableScriptedObjects (6ms)
		BackupInstance (0ms)
		ReleaseScriptingObjects (0ms)
		CreateAndSetChildDomain (29ms)
	RebuildCommonClasses (30ms)
	RebuildNativeTypeToScriptingClass (11ms)
	initialDomainReloadingComplete (31ms)
	LoadAllAssembliesAndSetupDomain (231ms)
		LoadAssemblies (292ms)
		RebuildTransferFunctionScriptingTraits (0ms)
		AnalyzeDomain (21ms)
			TypeCache.Refresh (9ms)
				TypeCache.ScanAssembly (1ms)
			ScanForSourceGeneratedMonoScriptInfo (6ms)
			ResolveRequiredComponents (5ms)
	FinalizeReload (969ms)
		ReleaseScriptCaches (0ms)
		RebuildScriptCaches (0ms)
		SetupLoadedEditorAssemblies (472ms)
			LogAssemblyErrors (0ms)
			InitializePlatformSupportModulesInManaged (7ms)
			SetLoadedEditorAssemblies (5ms)
			RefreshPlugins (0ms)
			BeforeProcessingInitializeOnLoad (92ms)
			ProcessInitializeOnLoadAttributes (342ms)
			ProcessInitializeOnLoadMethodAttributes (19ms)
			AfterProcessingInitializeOnLoad (7ms)
			EditorAssembliesLoaded (0ms)
		ExecutionOrderSort2 (0ms)
		AwakeInstancesAfterBackupRestoration (6ms)
Refreshing native plugins compatible for Editor in 3.17 ms, found 3 plugins.
Preloading 0 native plugins for Editor in 0.00 ms.
Unloading 3135 Unused Serialized files (Serialized files now loaded: 0)
Unloading 14 unused Assets / (28.5 KB). Loaded Objects now: 3778.
Memory consumption went from 197.5 MB to 197.5 MB.
Total: 2.160300 ms (FindLiveObjects: 0.193600 ms CreateObjectMapping: 0.095500 ms MarkObjects: 1.841700 ms  DeleteObjects: 0.028700 ms)

Prepare: number of updated asset objects reloaded= 0
AssetImportParameters requested are different than current active one (requested -> active):
  custom:scripting/monoscript/fileName/CFX_Demo_With_UIParticle.cs: 226f2c5431a3281109d962f41860d8fa -> 
  custom:scripting/monoscript/fileName/SpriteExtensions.cs: d15fc44627372ae38565323b74d7ae12 -> 
  custom:container-demuxer-ogg: 62fdf1f143b41e24485cea50d1cbac27 -> 
  custom:scripting/monoscript/fileName/UIParticle_PerformanceDemo.cs: 4f06c4b31cfbc934f9c8a4cffb890ea0 -> 
  custom:scripting/monoscript/fileName/UIParticleProjectSettings.cs: e67134131661b9872564981966bfc127 -> 
  custom:scripting/monoscript/fileName/UIParticle.cs: 2325898c5f7e7032e1304a953772e3db -> 
  custom:scripting/monoscript/fileName/Vector3Extensions.cs: d2785b660e92dd53626ae8ab3f74eb90 -> 
  custom:video-codec-MediaFoundation-h265: 746d11721c4dcdbdad8f713fa42b33f4 -> 
  custom:scripting/monoscript/fileName/UIExtraCallbacks.cs: 3d3413dbcd53c71899d73ab53a15ba37 -> 
  custom:video-decoder-ogg-theora: a1e56fd34408186e4bbccfd4996cb3dc -> 
  custom:scripting/monoscript/fileName/AnimatableProperty.cs: f35dc87c3f2df1477c8a408b8fbe37b5 -> 
  custom:scripting/monoscript/fileName/AnimatablePropertyEditor.cs: 1d03953670d8e406357019b192662737 -> 
  custom:scripting/monoscript/fileName/UIParticleMenu.cs: a4859bf31ac3affa2499cb7d11d0a844 -> 
  custom:framework-win-MediaFoundation: 216162199b28c13a410421893ffa2e32 -> 
  custom:scripting/monoscript/fileName/CanvasExtensions.cs: dd125fe003e3c2c37c4a99dbb0078950 -> 
  custom:scripting/monoscript/fileName/ComponentExtensions.cs: fb5af0f40f5d66304cb9361270b05072 -> 
  custom:scripting/monoscript/fileName/Logging.cs: 5f2ed8485a56b4e9e53aa65cdef27b10 -> 
  custom:CustomObjectIndexerAttribute: 9a22284fe3817be447336de3de66b15e -> 
  custom:container-demuxer-webm: 4f35f7cbe854078d1ac9338744f61a02 -> 
  custom:scripting/monoscript/fileName/FastAction.cs: 60eb5b7e04daf339f61dca5fd934100f -> dfbe75b66b645b53472915ad2590af11
  custom:scripting/monoscript/fileName/FrameCache.cs: 3dcf885da94f12c1b606c497e398faf9 -> 
  custom:scripting/monoscript/fileName/UIParticleEditor.cs: b6bdab8e4a72b4216e3f0c8f8ed45e99 -> 
  custom:container-muxer-webm: aa71ff27fc2769a1b78a27578f13a17b -> 
  custom:scripting/monoscript/fileName/ObjectRepository.cs: 0cdf409b5aa8d4c25876d72b5c6a3b60 -> 
  custom:scripting/monoscript/fileName/ObjectPool.cs: 0cdf409b5aa8d4c25876d72b5c6a3b60 -> 
  custom:video-decoder-webm-vp8: 9c59270c3fd7afecdb556c50c9e8de78 -> 
  custom:SearchIndexIgnoredProperties: e643bd26f0fe6173181afceb89e7c659 -> 
  custom:AudioImporter_EditorPlatform: d09bf68614088b80899f8185d706f6e7 -> 
  custom:scripting/monoscript/fileName/UIParticleAttractor.cs: 56646a28f8018ce8d626b6a0b28e5c77 -> 
  custom:scripting/monoscript/fileName/Color32Extensions.cs: 957a68f3e8b649a9394b51c6910ca65a -> 
  custom:scripting/monoscript/fileName/UIParticleRenderer.cs: e7d82b34b2b52af3ee36bf0e1f32e85d -> 
  custom:scripting/monoscript/fileName/UIParticleUpdater.cs: 64d938919628a112a7e9c9345f1ccb18 -> 
  custom:scripting/monoscript/fileName/NewTestScript.cs: 2eb4416447678e2004e156bd89cd8cbd -> 
  custom:scripting/monoscript/fileName/ParticleSystemExtensions.cs: a9d6841fd486ede512f2bde88014253e -> 
  custom:video-encoder-webm-vp8: eb34c28f22e8b96e1ab97ce403110664 -> 
  custom:audio-decoder-ogg-vorbis: bf7c407c2cedff20999df2af8eb42d56 -> 
  custom:scripting/monoscript/fileName/Misc.cs: 246d9d5aaf21070630ef885fe1125ea2 -> 7ed2e50827551a4e78c69f183dffa2c9
  custom:audio-encoder-webm-vorbis: bf7c407c2cedff20999df2af8eb42d56 -> 
  custom:scripting/monoscript/fileName/MaterialRepository.cs: 128c5f079d59296a900349dfa10fb5ae -> 
  custom:scripting/precompiled-assembly-types:Assembly-CSharp: 5539a435bc8c47a9ef169f3122ff605b -> e39fd18ca0bed8fd7945fb9eec5095e0
========================================================================
Received Prepare
Caller must complete domain reload
Begin MonoManager ReloadAssembly
- Loaded All Assemblies, in  0.450 seconds
Native extension for WindowsStandalone target not found
Mono: successfully reloaded assembly
- Finished resetting the current domain, in  0.978 seconds
Domain Reload Profiling: 1426ms
	BeginReloadAssembly (146ms)
		ExecutionOrderSort (0ms)
		DisableScriptedObjects (4ms)
		BackupInstance (0ms)
		ReleaseScriptingObjects (0ms)
		CreateAndSetChildDomain (29ms)
	RebuildCommonClasses (33ms)
	RebuildNativeTypeToScriptingClass (10ms)
	initialDomainReloadingComplete (31ms)
	LoadAllAssembliesAndSetupDomain (226ms)
		LoadAssemblies (292ms)
		RebuildTransferFunctionScriptingTraits (0ms)
		AnalyzeDomain (15ms)
			TypeCache.Refresh (6ms)
				TypeCache.ScanAssembly (0ms)
			ScanForSourceGeneratedMonoScriptInfo (0ms)
			ResolveRequiredComponents (6ms)
	FinalizeReload (979ms)
		ReleaseScriptCaches (0ms)
		RebuildScriptCaches (0ms)
		SetupLoadedEditorAssemblies (481ms)
			LogAssemblyErrors (0ms)
			InitializePlatformSupportModulesInManaged (6ms)
			SetLoadedEditorAssemblies (6ms)
			RefreshPlugins (0ms)
			BeforeProcessingInitializeOnLoad (97ms)
			ProcessInitializeOnLoadAttributes (344ms)
			ProcessInitializeOnLoadMethodAttributes (21ms)
			AfterProcessingInitializeOnLoad (8ms)
			EditorAssembliesLoaded (0ms)
		ExecutionOrderSort2 (0ms)
		AwakeInstancesAfterBackupRestoration (6ms)
Refreshing native plugins compatible for Editor in 4.16 ms, found 3 plugins.
Preloading 0 native plugins for Editor in 0.00 ms.
Unloading 3135 Unused Serialized files (Serialized files now loaded: 0)
Unloading 14 unused Assets / (28.6 KB). Loaded Objects now: 3781.
Memory consumption went from 197.5 MB to 197.5 MB.
Total: 2.072500 ms (FindLiveObjects: 0.191900 ms CreateObjectMapping: 0.090300 ms MarkObjects: 1.756300 ms  DeleteObjects: 0.033300 ms)

Prepare: number of updated asset objects reloaded= 0
AssetImportParameters requested are different than current active one (requested -> active):
  custom:scripting/monoscript/fileName/CFX_Demo_With_UIParticle.cs: 226f2c5431a3281109d962f41860d8fa -> 
  custom:scripting/monoscript/fileName/SpriteExtensions.cs: d15fc44627372ae38565323b74d7ae12 -> 
  custom:container-demuxer-ogg: 62fdf1f143b41e24485cea50d1cbac27 -> 
  custom:scripting/monoscript/fileName/UIParticle_PerformanceDemo.cs: 4f06c4b31cfbc934f9c8a4cffb890ea0 -> 
  custom:scripting/monoscript/fileName/UIParticleProjectSettings.cs: e67134131661b9872564981966bfc127 -> 
  custom:scripting/monoscript/fileName/UIParticle.cs: 2325898c5f7e7032e1304a953772e3db -> 
  custom:scripting/monoscript/fileName/Vector3Extensions.cs: d2785b660e92dd53626ae8ab3f74eb90 -> 
  custom:video-codec-MediaFoundation-h265: 746d11721c4dcdbdad8f713fa42b33f4 -> 
  custom:scripting/monoscript/fileName/UIExtraCallbacks.cs: 3d3413dbcd53c71899d73ab53a15ba37 -> 
  custom:video-decoder-ogg-theora: a1e56fd34408186e4bbccfd4996cb3dc -> 
  custom:scripting/monoscript/fileName/AnimatableProperty.cs: f35dc87c3f2df1477c8a408b8fbe37b5 -> 
  custom:scripting/monoscript/fileName/AnimatablePropertyEditor.cs: 1d03953670d8e406357019b192662737 -> 
  custom:scripting/monoscript/fileName/UIParticleMenu.cs: a4859bf31ac3affa2499cb7d11d0a844 -> 
  custom:framework-win-MediaFoundation: 216162199b28c13a410421893ffa2e32 -> 
  custom:scripting/monoscript/fileName/CanvasExtensions.cs: dd125fe003e3c2c37c4a99dbb0078950 -> 
  custom:scripting/monoscript/fileName/ComponentExtensions.cs: fb5af0f40f5d66304cb9361270b05072 -> 
  custom:scripting/monoscript/fileName/Logging.cs: 5f2ed8485a56b4e9e53aa65cdef27b10 -> 
  custom:CustomObjectIndexerAttribute: 9a22284fe3817be447336de3de66b15e -> 
  custom:container-demuxer-webm: 4f35f7cbe854078d1ac9338744f61a02 -> 
  custom:scripting/monoscript/fileName/FastAction.cs: 60eb5b7e04daf339f61dca5fd934100f -> dfbe75b66b645b53472915ad2590af11
  custom:scripting/monoscript/fileName/FrameCache.cs: 3dcf885da94f12c1b606c497e398faf9 -> 
  custom:scripting/monoscript/fileName/UIParticleEditor.cs: b6bdab8e4a72b4216e3f0c8f8ed45e99 -> 
  custom:container-muxer-webm: aa71ff27fc2769a1b78a27578f13a17b -> 
  custom:scripting/monoscript/fileName/ObjectRepository.cs: 0cdf409b5aa8d4c25876d72b5c6a3b60 -> 
  custom:scripting/monoscript/fileName/ObjectPool.cs: 0cdf409b5aa8d4c25876d72b5c6a3b60 -> 
  custom:video-decoder-webm-vp8: 9c59270c3fd7afecdb556c50c9e8de78 -> 
  custom:SearchIndexIgnoredProperties: e643bd26f0fe6173181afceb89e7c659 -> 
  custom:AudioImporter_EditorPlatform: d09bf68614088b80899f8185d706f6e7 -> 
  custom:scripting/monoscript/fileName/UIParticleAttractor.cs: 56646a28f8018ce8d626b6a0b28e5c77 -> 
  custom:scripting/monoscript/fileName/Color32Extensions.cs: 957a68f3e8b649a9394b51c6910ca65a -> 
  custom:scripting/monoscript/fileName/UIParticleRenderer.cs: e7d82b34b2b52af3ee36bf0e1f32e85d -> 
  custom:scripting/monoscript/fileName/UIParticleUpdater.cs: 64d938919628a112a7e9c9345f1ccb18 -> 
  custom:scripting/monoscript/fileName/NewTestScript.cs: 2eb4416447678e2004e156bd89cd8cbd -> 
  custom:scripting/monoscript/fileName/ParticleSystemExtensions.cs: a9d6841fd486ede512f2bde88014253e -> 
  custom:video-encoder-webm-vp8: eb34c28f22e8b96e1ab97ce403110664 -> 
  custom:audio-decoder-ogg-vorbis: bf7c407c2cedff20999df2af8eb42d56 -> 
  custom:scripting/monoscript/fileName/Misc.cs: 246d9d5aaf21070630ef885fe1125ea2 -> 7ed2e50827551a4e78c69f183dffa2c9
  custom:audio-encoder-webm-vorbis: bf7c407c2cedff20999df2af8eb42d56 -> 
  custom:scripting/monoscript/fileName/MaterialRepository.cs: 128c5f079d59296a900349dfa10fb5ae -> 
  custom:scripting/precompiled-assembly-types:Assembly-CSharp: 5539a435bc8c47a9ef169f3122ff605b -> e39fd18ca0bed8fd7945fb9eec5095e0
========================================================================
Received Prepare
Caller must complete domain reload
Begin MonoManager ReloadAssembly
- Loaded All Assemblies, in  0.467 seconds
Native extension for WindowsStandalone target not found
Mono: successfully reloaded assembly
- Finished resetting the current domain, in  1.007 seconds
Domain Reload Profiling: 1471ms
	BeginReloadAssembly (147ms)
		ExecutionOrderSort (0ms)
		DisableScriptedObjects (6ms)
		BackupInstance (0ms)
		ReleaseScriptingObjects (0ms)
		CreateAndSetChildDomain (27ms)
	RebuildCommonClasses (36ms)
	RebuildNativeTypeToScriptingClass (10ms)
	initialDomainReloadingComplete (34ms)
	LoadAllAssembliesAndSetupDomain (236ms)
		LoadAssemblies (294ms)
		RebuildTransferFunctionScriptingTraits (0ms)
		AnalyzeDomain (26ms)
			TypeCache.Refresh (9ms)
				TypeCache.ScanAssembly (1ms)
			ScanForSourceGeneratedMonoScriptInfo (7ms)
			ResolveRequiredComponents (7ms)
	FinalizeReload (1007ms)
		ReleaseScriptCaches (0ms)
		RebuildScriptCaches (0ms)
		SetupLoadedEditorAssemblies (500ms)
			LogAssemblyErrors (0ms)
			InitializePlatformSupportModulesInManaged (9ms)
			SetLoadedEditorAssemblies (5ms)
			RefreshPlugins (0ms)
			BeforeProcessingInitializeOnLoad (92ms)
			ProcessInitializeOnLoadAttributes (364ms)
			ProcessInitializeOnLoadMethodAttributes (21ms)
			AfterProcessingInitializeOnLoad (7ms)
			EditorAssembliesLoaded (0ms)
		ExecutionOrderSort2 (0ms)
		AwakeInstancesAfterBackupRestoration (7ms)
Refreshing native plugins compatible for Editor in 4.44 ms, found 3 plugins.
Preloading 0 native plugins for Editor in 0.00 ms.
Unloading 3135 Unused Serialized files (Serialized files now loaded: 0)
Unloading 14 unused Assets / (28.6 KB). Loaded Objects now: 3784.
Memory consumption went from 197.5 MB to 197.5 MB.
Total: 2.566200 ms (FindLiveObjects: 0.214200 ms CreateObjectMapping: 0.148300 ms MarkObjects: 2.164700 ms  DeleteObjects: 0.038300 ms)

Prepare: number of updated asset objects reloaded= 0
AssetImportParameters requested are different than current active one (requested -> active):
  custom:scripting/monoscript/fileName/CFX_Demo_With_UIParticle.cs: 226f2c5431a3281109d962f41860d8fa -> 
  custom:scripting/monoscript/fileName/SpriteExtensions.cs: d15fc44627372ae38565323b74d7ae12 -> 
  custom:container-demuxer-ogg: 62fdf1f143b41e24485cea50d1cbac27 -> 
  custom:scripting/monoscript/fileName/UIParticle_PerformanceDemo.cs: 4f06c4b31cfbc934f9c8a4cffb890ea0 -> 
  custom:scripting/monoscript/fileName/UIParticleProjectSettings.cs: e67134131661b9872564981966bfc127 -> 
  custom:scripting/monoscript/fileName/UIParticle.cs: 2325898c5f7e7032e1304a953772e3db -> 
  custom:scripting/monoscript/fileName/Vector3Extensions.cs: d2785b660e92dd53626ae8ab3f74eb90 -> 
  custom:video-codec-MediaFoundation-h265: 746d11721c4dcdbdad8f713fa42b33f4 -> 
  custom:scripting/monoscript/fileName/UIExtraCallbacks.cs: 3d3413dbcd53c71899d73ab53a15ba37 -> 
  custom:video-decoder-ogg-theora: a1e56fd34408186e4bbccfd4996cb3dc -> 
  custom:scripting/monoscript/fileName/AnimatableProperty.cs: f35dc87c3f2df1477c8a408b8fbe37b5 -> 
  custom:scripting/monoscript/fileName/AnimatablePropertyEditor.cs: 1d03953670d8e406357019b192662737 -> 
  custom:scripting/monoscript/fileName/UIParticleMenu.cs: a4859bf31ac3affa2499cb7d11d0a844 -> 
  custom:framework-win-MediaFoundation: 216162199b28c13a410421893ffa2e32 -> 
  custom:scripting/monoscript/fileName/CanvasExtensions.cs: dd125fe003e3c2c37c4a99dbb0078950 -> 
  custom:scripting/monoscript/fileName/ComponentExtensions.cs: fb5af0f40f5d66304cb9361270b05072 -> 
  custom:scripting/monoscript/fileName/Logging.cs: 5f2ed8485a56b4e9e53aa65cdef27b10 -> 
  custom:CustomObjectIndexerAttribute: 9a22284fe3817be447336de3de66b15e -> 
  custom:container-demuxer-webm: 4f35f7cbe854078d1ac9338744f61a02 -> 
  custom:scripting/monoscript/fileName/FastAction.cs: 60eb5b7e04daf339f61dca5fd934100f -> dfbe75b66b645b53472915ad2590af11
  custom:scripting/monoscript/fileName/FrameCache.cs: 3dcf885da94f12c1b606c497e398faf9 -> 
  custom:scripting/monoscript/fileName/UIParticleEditor.cs: b6bdab8e4a72b4216e3f0c8f8ed45e99 -> 
  custom:container-muxer-webm: aa71ff27fc2769a1b78a27578f13a17b -> 
  custom:scripting/monoscript/fileName/ObjectRepository.cs: 0cdf409b5aa8d4c25876d72b5c6a3b60 -> 
  custom:scripting/monoscript/fileName/ObjectPool.cs: 0cdf409b5aa8d4c25876d72b5c6a3b60 -> 
  custom:video-decoder-webm-vp8: 9c59270c3fd7afecdb556c50c9e8de78 -> 
  custom:SearchIndexIgnoredProperties: e643bd26f0fe6173181afceb89e7c659 -> 
  custom:AudioImporter_EditorPlatform: d09bf68614088b80899f8185d706f6e7 -> 
  custom:scripting/monoscript/fileName/UIParticleAttractor.cs: 56646a28f8018ce8d626b6a0b28e5c77 -> 
  custom:scripting/monoscript/fileName/Color32Extensions.cs: 957a68f3e8b649a9394b51c6910ca65a -> 
  custom:scripting/monoscript/fileName/UIParticleRenderer.cs: e7d82b34b2b52af3ee36bf0e1f32e85d -> 
  custom:scripting/monoscript/fileName/UIParticleUpdater.cs: 64d938919628a112a7e9c9345f1ccb18 -> 
  custom:scripting/monoscript/fileName/NewTestScript.cs: 2eb4416447678e2004e156bd89cd8cbd -> 
  custom:scripting/monoscript/fileName/ParticleSystemExtensions.cs: a9d6841fd486ede512f2bde88014253e -> 
  custom:video-encoder-webm-vp8: eb34c28f22e8b96e1ab97ce403110664 -> 
  custom:audio-decoder-ogg-vorbis: bf7c407c2cedff20999df2af8eb42d56 -> 
  custom:scripting/monoscript/fileName/Misc.cs: 246d9d5aaf21070630ef885fe1125ea2 -> 7ed2e50827551a4e78c69f183dffa2c9
  custom:audio-encoder-webm-vorbis: bf7c407c2cedff20999df2af8eb42d56 -> 
  custom:scripting/monoscript/fileName/MaterialRepository.cs: 128c5f079d59296a900349dfa10fb5ae -> 
  custom:scripting/precompiled-assembly-types:Assembly-CSharp: 5539a435bc8c47a9ef169f3122ff605b -> e39fd18ca0bed8fd7945fb9eec5095e0
========================================================================
Received Prepare
Caller must complete domain reload
Begin MonoManager ReloadAssembly
- Loaded All Assemblies, in  0.450 seconds
Native extension for WindowsStandalone target not found
Mono: successfully reloaded assembly
- Finished resetting the current domain, in  1.022 seconds
Domain Reload Profiling: 1470ms
	BeginReloadAssembly (141ms)
		ExecutionOrderSort (0ms)
		DisableScriptedObjects (5ms)
		BackupInstance (0ms)
		ReleaseScriptingObjects (0ms)
		CreateAndSetChildDomain (26ms)
	RebuildCommonClasses (35ms)
	RebuildNativeTypeToScriptingClass (12ms)
	initialDomainReloadingComplete (30ms)
	LoadAllAssembliesAndSetupDomain (229ms)
		LoadAssemblies (296ms)
		RebuildTransferFunctionScriptingTraits (0ms)
		AnalyzeDomain (13ms)
			TypeCache.Refresh (5ms)
				TypeCache.ScanAssembly (0ms)
			ScanForSourceGeneratedMonoScriptInfo (0ms)
			ResolveRequiredComponents (5ms)
	FinalizeReload (1023ms)
		ReleaseScriptCaches (0ms)
		RebuildScriptCaches (0ms)
		SetupLoadedEditorAssemblies (504ms)
			LogAssemblyErrors (0ms)
			InitializePlatformSupportModulesInManaged (8ms)
			SetLoadedEditorAssemblies (6ms)
			RefreshPlugins (0ms)
			BeforeProcessingInitializeOnLoad (100ms)
			ProcessInitializeOnLoadAttributes (361ms)
			ProcessInitializeOnLoadMethodAttributes (23ms)
			AfterProcessingInitializeOnLoad (7ms)
			EditorAssembliesLoaded (0ms)
		ExecutionOrderSort2 (0ms)
		AwakeInstancesAfterBackupRestoration (6ms)
Refreshing native plugins compatible for Editor in 3.96 ms, found 3 plugins.
Preloading 0 native plugins for Editor in 0.00 ms.
Unloading 3135 Unused Serialized files (Serialized files now loaded: 0)
Unloading 14 unused Assets / (28.5 KB). Loaded Objects now: 3787.
Memory consumption went from 197.5 MB to 197.5 MB.
Total: 2.709000 ms (FindLiveObjects: 0.216500 ms CreateObjectMapping: 0.161300 ms MarkObjects: 2.284100 ms  DeleteObjects: 0.046100 ms)

Prepare: number of updated asset objects reloaded= 0
AssetImportParameters requested are different than current active one (requested -> active):
  custom:scripting/monoscript/fileName/CFX_Demo_With_UIParticle.cs: 226f2c5431a3281109d962f41860d8fa -> 
  custom:scripting/monoscript/fileName/SpriteExtensions.cs: d15fc44627372ae38565323b74d7ae12 -> 
  custom:container-demuxer-ogg: 62fdf1f143b41e24485cea50d1cbac27 -> 
  custom:scripting/monoscript/fileName/UIParticle_PerformanceDemo.cs: 4f06c4b31cfbc934f9c8a4cffb890ea0 -> 
  custom:scripting/monoscript/fileName/UIParticleProjectSettings.cs: e67134131661b9872564981966bfc127 -> 
  custom:scripting/monoscript/fileName/UIParticle.cs: 2325898c5f7e7032e1304a953772e3db -> 
  custom:scripting/monoscript/fileName/Vector3Extensions.cs: d2785b660e92dd53626ae8ab3f74eb90 -> 
  custom:video-codec-MediaFoundation-h265: 746d11721c4dcdbdad8f713fa42b33f4 -> 
  custom:scripting/monoscript/fileName/UIExtraCallbacks.cs: 3d3413dbcd53c71899d73ab53a15ba37 -> 
  custom:video-decoder-ogg-theora: a1e56fd34408186e4bbccfd4996cb3dc -> 
  custom:scripting/monoscript/fileName/AnimatableProperty.cs: f35dc87c3f2df1477c8a408b8fbe37b5 -> 
  custom:scripting/monoscript/fileName/AnimatablePropertyEditor.cs: 1d03953670d8e406357019b192662737 -> 
  custom:scripting/monoscript/fileName/UIParticleMenu.cs: a4859bf31ac3affa2499cb7d11d0a844 -> 
  custom:framework-win-MediaFoundation: 216162199b28c13a410421893ffa2e32 -> 
  custom:scripting/monoscript/fileName/CanvasExtensions.cs: dd125fe003e3c2c37c4a99dbb0078950 -> 
  custom:scripting/monoscript/fileName/ComponentExtensions.cs: fb5af0f40f5d66304cb9361270b05072 -> 
  custom:scripting/monoscript/fileName/Logging.cs: 5f2ed8485a56b4e9e53aa65cdef27b10 -> 
  custom:CustomObjectIndexerAttribute: 9a22284fe3817be447336de3de66b15e -> 
  custom:container-demuxer-webm: 4f35f7cbe854078d1ac9338744f61a02 -> 
  custom:scripting/monoscript/fileName/FastAction.cs: 60eb5b7e04daf339f61dca5fd934100f -> dfbe75b66b645b53472915ad2590af11
  custom:scripting/monoscript/fileName/FrameCache.cs: 3dcf885da94f12c1b606c497e398faf9 -> 
  custom:scripting/monoscript/fileName/UIParticleEditor.cs: b6bdab8e4a72b4216e3f0c8f8ed45e99 -> 
  custom:container-muxer-webm: aa71ff27fc2769a1b78a27578f13a17b -> 
  custom:scripting/monoscript/fileName/ObjectRepository.cs: 0cdf409b5aa8d4c25876d72b5c6a3b60 -> 
  custom:scripting/monoscript/fileName/ObjectPool.cs: 0cdf409b5aa8d4c25876d72b5c6a3b60 -> 
  custom:video-decoder-webm-vp8: 9c59270c3fd7afecdb556c50c9e8de78 -> 
  custom:SearchIndexIgnoredProperties: e643bd26f0fe6173181afceb89e7c659 -> 
  custom:AudioImporter_EditorPlatform: d09bf68614088b80899f8185d706f6e7 -> 
  custom:scripting/monoscript/fileName/UIParticleAttractor.cs: 56646a28f8018ce8d626b6a0b28e5c77 -> 
  custom:scripting/monoscript/fileName/Color32Extensions.cs: 957a68f3e8b649a9394b51c6910ca65a -> 
  custom:scripting/monoscript/fileName/UIParticleRenderer.cs: e7d82b34b2b52af3ee36bf0e1f32e85d -> 
  custom:scripting/monoscript/fileName/UIParticleUpdater.cs: 64d938919628a112a7e9c9345f1ccb18 -> 
  custom:scripting/monoscript/fileName/NewTestScript.cs: 2eb4416447678e2004e156bd89cd8cbd -> 
  custom:scripting/monoscript/fileName/ParticleSystemExtensions.cs: a9d6841fd486ede512f2bde88014253e -> 
  custom:video-encoder-webm-vp8: eb34c28f22e8b96e1ab97ce403110664 -> 
  custom:audio-decoder-ogg-vorbis: bf7c407c2cedff20999df2af8eb42d56 -> 
  custom:scripting/monoscript/fileName/Misc.cs: 246d9d5aaf21070630ef885fe1125ea2 -> 7ed2e50827551a4e78c69f183dffa2c9
  custom:audio-encoder-webm-vorbis: bf7c407c2cedff20999df2af8eb42d56 -> 
  custom:scripting/monoscript/fileName/MaterialRepository.cs: 128c5f079d59296a900349dfa10fb5ae -> 
  custom:scripting/precompiled-assembly-types:Assembly-CSharp: 5539a435bc8c47a9ef169f3122ff605b -> e39fd18ca0bed8fd7945fb9eec5095e0
