Using pre-set license
Built from '2022.3/staging' branch; Version is '2022.3.60f1 (5f63fdee6d95) revision 6251517'; Using compiler version '192829333'; Build Type 'Release'
OS: 'Windows 11  (10.0.26100) 64bit Professional' Language: 'en' Physical Memory: 16221 MB
BatchMode: 1, IsHumanControllingUs: 0, StartBugReporterOnCrash: 0, Is64bit: 1, IsPro: 1

COMMAND LINE ARGUMENTS:
C:\Program Files\Unity\Hub\Editor\2022.3.60f1\Editor\Unity.exe
-adb2
-batchMode
-noUpm
-name
AssetImportWorker3
-projectPath
C:/Users/Admin/Documents/GitHub/SchmingusTCG/SchmingusTCG
-logFile
Logs/AssetImportWorker3.log
-srvPort
53808
Successfully changed project path to: C:/Users/Admin/Documents/GitHub/SchmingusTCG/SchmingusTCG
C:/Users/Admin/Documents/GitHub/SchmingusTCG/SchmingusTCG
[UnityMemory] Configuration Parameters - Can be set up in boot.config
    "memorysetup-bucket-allocator-granularity=16"
    "memorysetup-bucket-allocator-bucket-count=8"
    "memorysetup-bucket-allocator-block-size=33554432"
    "memorysetup-bucket-allocator-block-count=8"
    "memorysetup-main-allocator-block-size=16777216"
    "memorysetup-thread-allocator-block-size=16777216"
    "memorysetup-gfx-main-allocator-block-size=16777216"
    "memorysetup-gfx-thread-allocator-block-size=16777216"
    "memorysetup-cache-allocator-block-size=4194304"
    "memorysetup-typetree-allocator-block-size=2097152"
    "memorysetup-profiler-bucket-allocator-granularity=16"
    "memorysetup-profiler-bucket-allocator-bucket-count=8"
    "memorysetup-profiler-bucket-allocator-block-size=33554432"
    "memorysetup-profiler-bucket-allocator-block-count=8"
    "memorysetup-profiler-allocator-block-size=16777216"
    "memorysetup-profiler-editor-allocator-block-size=1048576"
    "memorysetup-temp-allocator-size-main=16777216"
    "memorysetup-job-temp-allocator-block-size=2097152"
    "memorysetup-job-temp-allocator-block-size-background=1048576"
    "memorysetup-job-temp-allocator-reduction-small-platforms=262144"
    "memorysetup-allocator-temp-initial-block-size-main=262144"
    "memorysetup-allocator-temp-initial-block-size-worker=262144"
    "memorysetup-temp-allocator-size-background-worker=32768"
    "memorysetup-temp-allocator-size-job-worker=262144"
    "memorysetup-temp-allocator-size-preload-manager=33554432"
    "memorysetup-temp-allocator-size-nav-mesh-worker=65536"
    "memorysetup-temp-allocator-size-audio-worker=65536"
    "memorysetup-temp-allocator-size-cloud-worker=32768"
    "memorysetup-temp-allocator-size-gi-baking-worker=262144"
    "memorysetup-temp-allocator-size-gfx=262144"
Player connection [121936]  Target information:

Player connection [121936]  * "[IP] 10.5.0.2 [Port] 0 [Flags] 2 [Guid] 3708484527 [EditorId] 3708484527 [Version] 1048832 [Id] WindowsEditor(7,H-PJ223-D2) [Debug] 1 [PackageName] WindowsEditor [ProjectName] Editor" 

Player connection [121936]  * "[IP] 172.30.25.176 [Port] 0 [Flags] 2 [Guid] 3708484527 [EditorId] 3708484527 [Version] 1048832 [Id] WindowsEditor(7,H-PJ223-D2) [Debug] 1 [PackageName] WindowsEditor [ProjectName] Editor" 

Player connection [121936] Host joined multi-casting on [225.0.0.222:54997]...
Player connection [121936] Host joined alternative multi-casting on [225.0.0.222:34997]...
Input System module state changed to: Initialized.
[PhysX] Initialized MultithreadedTaskDispatcher with 12 workers.
Refreshing native plugins compatible for Editor in 8.58 ms, found 3 plugins.
Preloading 0 native plugins for Editor in 0.00 ms.
Initialize engine version: 2022.3.60f1 (5f63fdee6d95)
[Subsystems] Discovering subsystems at path C:/Program Files/Unity/Hub/Editor/2022.3.60f1/Editor/Data/Resources/UnitySubsystems
[Subsystems] Discovering subsystems at path C:/Users/Admin/Documents/GitHub/SchmingusTCG/SchmingusTCG/Assets
GfxDevice: creating device client; threaded=0; jobified=0
Direct3D:
    Version:  Direct3D 11.0 [level 11.1]
    Renderer: AMD Radeon RX 6600 XT (ID=0x73ff)
    Vendor:   ATI
    VRAM:     8121 MB
    Driver:   32.0.13031.3015
Initialize mono
Mono path[0] = 'C:/Program Files/Unity/Hub/Editor/2022.3.60f1/Editor/Data/Managed'
Mono path[1] = 'C:/Program Files/Unity/Hub/Editor/2022.3.60f1/Editor/Data/MonoBleedingEdge/lib/mono/unityjit-win32'
Mono config path = 'C:/Program Files/Unity/Hub/Editor/2022.3.60f1/Editor/Data/MonoBleedingEdge/etc'
Using monoOptions --debugger-agent=transport=dt_socket,embedding=1,server=y,suspend=n,address=127.0.0.1:56660
Begin MonoManager ReloadAssembly
Registering precompiled unity dll's ...
Register platform support module: C:/Program Files/Unity/Hub/Editor/2022.3.60f1/Editor/Data/PlaybackEngines/WindowsStandaloneSupport/UnityEditor.WindowsStandalone.Extensions.dll
Registered in 0.006268 seconds.
- Loaded All Assemblies, in  0.360 seconds
Native extension for WindowsStandalone target not found
Mono: successfully reloaded assembly
- Finished resetting the current domain, in  0.268 seconds
Domain Reload Profiling: 626ms
	BeginReloadAssembly (111ms)
		ExecutionOrderSort (0ms)
		DisableScriptedObjects (0ms)
		BackupInstance (0ms)
		ReleaseScriptingObjects (0ms)
		CreateAndSetChildDomain (1ms)
	RebuildCommonClasses (36ms)
	RebuildNativeTypeToScriptingClass (11ms)
	initialDomainReloadingComplete (56ms)
	LoadAllAssembliesAndSetupDomain (142ms)
		LoadAssemblies (109ms)
		RebuildTransferFunctionScriptingTraits (0ms)
		AnalyzeDomain (140ms)
			TypeCache.Refresh (139ms)
				TypeCache.ScanAssembly (127ms)
			ScanForSourceGeneratedMonoScriptInfo (0ms)
			ResolveRequiredComponents (0ms)
	FinalizeReload (269ms)
		ReleaseScriptCaches (0ms)
		RebuildScriptCaches (0ms)
		SetupLoadedEditorAssemblies (222ms)
			LogAssemblyErrors (0ms)
			InitializePlatformSupportModulesInManaged (10ms)
			SetLoadedEditorAssemblies (8ms)
			RefreshPlugins (0ms)
			BeforeProcessingInitializeOnLoad (3ms)
			ProcessInitializeOnLoadAttributes (154ms)
			ProcessInitializeOnLoadMethodAttributes (47ms)
			AfterProcessingInitializeOnLoad (0ms)
			EditorAssembliesLoaded (0ms)
		ExecutionOrderSort2 (0ms)
		AwakeInstancesAfterBackupRestoration (0ms)
========================================================================
Worker process is ready to serve import requests
Caller must complete domain reload
Begin MonoManager ReloadAssembly
- Loaded All Assemblies, in  0.748 seconds
Native extension for WindowsStandalone target not found
Mono: successfully reloaded assembly
- Finished resetting the current domain, in  0.635 seconds
Domain Reload Profiling: 1380ms
	BeginReloadAssembly (137ms)
		ExecutionOrderSort (0ms)
		DisableScriptedObjects (6ms)
		BackupInstance (0ms)
		ReleaseScriptingObjects (0ms)
		CreateAndSetChildDomain (21ms)
	RebuildCommonClasses (33ms)
	RebuildNativeTypeToScriptingClass (9ms)
	initialDomainReloadingComplete (41ms)
	LoadAllAssembliesAndSetupDomain (525ms)
		LoadAssemblies (355ms)
		RebuildTransferFunctionScriptingTraits (0ms)
		AnalyzeDomain (246ms)
			TypeCache.Refresh (222ms)
				TypeCache.ScanAssembly (135ms)
			ScanForSourceGeneratedMonoScriptInfo (17ms)
			ResolveRequiredComponents (5ms)
	FinalizeReload (636ms)
		ReleaseScriptCaches (0ms)
		RebuildScriptCaches (0ms)
		SetupLoadedEditorAssemblies (500ms)
			LogAssemblyErrors (0ms)
			InitializePlatformSupportModulesInManaged (6ms)
			SetLoadedEditorAssemblies (5ms)
			RefreshPlugins (0ms)
			BeforeProcessingInitializeOnLoad (91ms)
			ProcessInitializeOnLoadAttributes (370ms)
			ProcessInitializeOnLoadMethodAttributes (21ms)
			AfterProcessingInitializeOnLoad (7ms)
			EditorAssembliesLoaded (0ms)
		ExecutionOrderSort2 (0ms)
		AwakeInstancesAfterBackupRestoration (5ms)
Launched and connected shader compiler UnityShaderCompiler.exe after 0.04 seconds
Refreshing native plugins compatible for Editor in 4.86 ms, found 3 plugins.
Preloading 0 native plugins for Editor in 0.00 ms.
Unloading 3155 Unused Serialized files (Serialized files now loaded: 0)
Unloading 19 unused Assets / (54.5 KB). Loaded Objects now: 3623.
Memory consumption went from 124.3 MB to 124.3 MB.
Total: 2.367600 ms (FindLiveObjects: 0.173100 ms CreateObjectMapping: 0.082500 ms MarkObjects: 2.032900 ms  DeleteObjects: 0.077700 ms)

AssetImportParameters requested are different than current active one (requested -> active):
  custom:container-demuxer-ogg: 62fdf1f143b41e24485cea50d1cbac27 -> 
  custom:video-codec-MediaFoundation-h265: 746d11721c4dcdbdad8f713fa42b33f4 -> 
  custom:video-decoder-ogg-theora: a1e56fd34408186e4bbccfd4996cb3dc -> 
  custom:framework-win-MediaFoundation: 216162199b28c13a410421893ffa2e32 -> 
  custom:CustomObjectIndexerAttribute: 9a22284fe3817be447336de3de66b15e -> 
  custom:container-demuxer-webm: 4f35f7cbe854078d1ac9338744f61a02 -> 
  custom:container-muxer-webm: aa71ff27fc2769a1b78a27578f13a17b -> 
  custom:video-decoder-webm-vp8: 9c59270c3fd7afecdb556c50c9e8de78 -> 
  custom:SearchIndexIgnoredProperties: e643bd26f0fe6173181afceb89e7c659 -> 
  custom:AudioImporter_EditorPlatform: d09bf68614088b80899f8185d706f6e7 -> 
  custom:video-encoder-webm-vp8: eb34c28f22e8b96e1ab97ce403110664 -> 
  custom:audio-decoder-ogg-vorbis: bf7c407c2cedff20999df2af8eb42d56 -> 
  custom:audio-encoder-webm-vorbis: bf7c407c2cedff20999df2af8eb42d56 -> 
========================================================================
Received Prepare
Caller must complete domain reload
Begin MonoManager ReloadAssembly
- Loaded All Assemblies, in  1.590 seconds
Native extension for WindowsStandalone target not found
Mono: successfully reloaded assembly
- Finished resetting the current domain, in  2.773 seconds
Domain Reload Profiling: 4360ms
	BeginReloadAssembly (556ms)
		ExecutionOrderSort (0ms)
		DisableScriptedObjects (29ms)
		BackupInstance (0ms)
		ReleaseScriptingObjects (0ms)
		CreateAndSetChildDomain (265ms)
	RebuildCommonClasses (46ms)
	RebuildNativeTypeToScriptingClass (13ms)
	initialDomainReloadingComplete (49ms)
	LoadAllAssembliesAndSetupDomain (921ms)
		LoadAssemblies (730ms)
		RebuildTransferFunctionScriptingTraits (0ms)
		AnalyzeDomain (336ms)
			TypeCache.Refresh (307ms)
				TypeCache.ScanAssembly (175ms)
			ScanForSourceGeneratedMonoScriptInfo (20ms)
			ResolveRequiredComponents (7ms)
	FinalizeReload (2776ms)
		ReleaseScriptCaches (0ms)
		RebuildScriptCaches (0ms)
		SetupLoadedEditorAssemblies (986ms)
			LogAssemblyErrors (0ms)
			InitializePlatformSupportModulesInManaged (17ms)
			SetLoadedEditorAssemblies (10ms)
			RefreshPlugins (0ms)
			BeforeProcessingInitializeOnLoad (152ms)
			ProcessInitializeOnLoadAttributes (757ms)
			ProcessInitializeOnLoadMethodAttributes (41ms)
			AfterProcessingInitializeOnLoad (8ms)
			EditorAssembliesLoaded (0ms)
		ExecutionOrderSort2 (0ms)
		AwakeInstancesAfterBackupRestoration (8ms)
Refreshing native plugins compatible for Editor in 7.37 ms, found 3 plugins.
Preloading 0 native plugins for Editor in 0.00 ms.
Unloading 3165 Unused Serialized files (Serialized files now loaded: 0)
Unloading 17 unused Assets / (90.8 KB). Loaded Objects now: 3654.
Memory consumption went from 121.6 MB to 121.5 MB.
Total: 5.451600 ms (FindLiveObjects: 0.522700 ms CreateObjectMapping: 0.093600 ms MarkObjects: 4.732400 ms  DeleteObjects: 0.102100 ms)

Prepare: number of updated asset objects reloaded= 0
AssetImportParameters requested are different than current active one (requested -> active):
  custom:scripting/monoscript/fileName/CFX_Demo_With_UIParticle.cs: 226f2c5431a3281109d962f41860d8fa -> 
  custom:scripting/monoscript/fileName/SpriteExtensions.cs: d15fc44627372ae38565323b74d7ae12 -> 
  custom:container-demuxer-ogg: 62fdf1f143b41e24485cea50d1cbac27 -> 
  custom:scripting/monoscript/fileName/UIParticle_PerformanceDemo.cs: 4f06c4b31cfbc934f9c8a4cffb890ea0 -> 
  custom:scripting/monoscript/fileName/UIParticleProjectSettings.cs: e67134131661b9872564981966bfc127 -> 
  custom:scripting/precompiled-assembly-types:Coffee.UIParticle.PerformanceDemo: 689bded35f259d098da48dd2208c9001 -> 
  custom:scripting/monoscript/fileName/UIParticle.cs: 2325898c5f7e7032e1304a953772e3db -> 
  custom:scripting/monoscript/fileName/PreloadedProjectSettings.cs: e46a8dd002190537ee8cff7f0c7eae95 -> 
  custom:scripting/monoscript/fileName/Vector3Extensions.cs: d2785b660e92dd53626ae8ab3f74eb90 -> 
  custom:video-codec-MediaFoundation-h265: 746d11721c4dcdbdad8f713fa42b33f4 -> 
  custom:scripting/monoscript/fileName/UIExtraCallbacks.cs: 3d3413dbcd53c71899d73ab53a15ba37 -> 
  custom:video-decoder-ogg-theora: a1e56fd34408186e4bbccfd4996cb3dc -> 
  custom:scripting/monoscript/fileName/AnimatableProperty.cs: f35dc87c3f2df1477c8a408b8fbe37b5 -> 
  custom:scripting/monoscript/fileName/AnimatablePropertyEditor.cs: 1d03953670d8e406357019b192662737 -> 
  custom:scripting/monoscript/fileName/UIParticleMenu.cs: a4859bf31ac3affa2499cb7d11d0a844 -> 
  custom:framework-win-MediaFoundation: 216162199b28c13a410421893ffa2e32 -> 
  custom:scripting/precompiled-assembly-types:Coffee.CFX_Demo_With_UIParticle: d2899fe0f67fec853cd7feb7ad59c12f -> 
  custom:scripting/monoscript/fileName/CanvasExtensions.cs: dd125fe003e3c2c37c4a99dbb0078950 -> 
  custom:scripting/monoscript/fileName/ComponentExtensions.cs: fb5af0f40f5d66304cb9361270b05072 -> 
  custom:scripting/monoscript/fileName/Logging.cs: 5f2ed8485a56b4e9e53aa65cdef27b10 -> 
  custom:CustomObjectIndexerAttribute: 9a22284fe3817be447336de3de66b15e -> 
  custom:container-demuxer-webm: 4f35f7cbe854078d1ac9338744f61a02 -> 
  custom:scripting/monoscript/fileName/FastAction.cs: 60eb5b7e04daf339f61dca5fd934100f -> dfbe75b66b645b53472915ad2590af11
  custom:scripting/monoscript/fileName/FrameCache.cs: 3dcf885da94f12c1b606c497e398faf9 -> 
  custom:scripting/monoscript/fileName/UIParticleEditor.cs: b6bdab8e4a72b4216e3f0c8f8ed45e99 -> 
  custom:container-muxer-webm: aa71ff27fc2769a1b78a27578f13a17b -> 
  custom:scripting/monoscript/fileName/ObjectRepository.cs: 0cdf409b5aa8d4c25876d72b5c6a3b60 -> 
  custom:scripting/monoscript/fileName/ObjectPool.cs: 0cdf409b5aa8d4c25876d72b5c6a3b60 -> 
  custom:video-decoder-webm-vp8: 9c59270c3fd7afecdb556c50c9e8de78 -> 
  custom:SearchIndexIgnoredProperties: e643bd26f0fe6173181afceb89e7c659 -> 
  custom:scripting/precompiled-assembly-types:Coffee.UIParticle.R: f9a2dac2d91b56f4c5fca7534f072c43 -> 
  custom:AudioImporter_EditorPlatform: d09bf68614088b80899f8185d706f6e7 -> 
  custom:scripting/monoscript/fileName/UIParticleAttractor.cs: 56646a28f8018ce8d626b6a0b28e5c77 -> 
  custom:scripting/monoscript/fileName/Color32Extensions.cs: 957a68f3e8b649a9394b51c6910ca65a -> 
  custom:scripting/monoscript/fileName/UIParticleRenderer.cs: e7d82b34b2b52af3ee36bf0e1f32e85d -> 
  custom:scripting/precompiled-assembly-types:Coffee.UIParticle.Editor: 78ac64aa9183d5e9b07e2d91cf27842f -> 
  custom:scripting/monoscript/fileName/UIParticleUpdater.cs: 64d938919628a112a7e9c9345f1ccb18 -> 
  custom:scripting/precompiled-assembly-types:Coffee.UIParticle.Editor.Tests: 640e45505d7d28553434f45fd34b98ae -> 
  custom:scripting/monoscript/fileName/NewTestScript.cs: 2eb4416447678e2004e156bd89cd8cbd -> 
  custom:scripting/monoscript/fileName/ParticleSystemExtensions.cs: a9d6841fd486ede512f2bde88014253e -> 
  custom:scripting/precompiled-assembly-types:Coffee.UIParticle.Tests: d3afb4f1acc72e2c9c7684f608ffad05 -> 
  custom:video-encoder-webm-vp8: eb34c28f22e8b96e1ab97ce403110664 -> 
  custom:audio-decoder-ogg-vorbis: bf7c407c2cedff20999df2af8eb42d56 -> 
  custom:scripting/monoscript/fileName/Misc.cs: 246d9d5aaf21070630ef885fe1125ea2 -> 7ed2e50827551a4e78c69f183dffa2c9
  custom:scripting/precompiled-assembly-types:Coffee.UIParticle: 8deb59e5449619774a24b4e22c8f8b5a -> 
  custom:audio-encoder-webm-vorbis: bf7c407c2cedff20999df2af8eb42d56 -> 
  custom:scripting/monoscript/fileName/MaterialRepository.cs: 128c5f079d59296a900349dfa10fb5ae -> 
========================================================================
Received Prepare
Caller must complete domain reload
Begin MonoManager ReloadAssembly
- Loaded All Assemblies, in  0.599 seconds
Native extension for WindowsStandalone target not found
Mono: successfully reloaded assembly
- Finished resetting the current domain, in  1.563 seconds
Domain Reload Profiling: 2158ms
	BeginReloadAssembly (165ms)
		ExecutionOrderSort (0ms)
		DisableScriptedObjects (5ms)
		BackupInstance (0ms)
		ReleaseScriptingObjects (0ms)
		CreateAndSetChildDomain (38ms)
	RebuildCommonClasses (35ms)
	RebuildNativeTypeToScriptingClass (11ms)
	initialDomainReloadingComplete (33ms)
	LoadAllAssembliesAndSetupDomain (352ms)
		LoadAssemblies (361ms)
		RebuildTransferFunctionScriptingTraits (0ms)
		AnalyzeDomain (79ms)
			TypeCache.Refresh (59ms)
				TypeCache.ScanAssembly (48ms)
			ScanForSourceGeneratedMonoScriptInfo (12ms)
			ResolveRequiredComponents (6ms)
	FinalizeReload (1564ms)
		ReleaseScriptCaches (0ms)
		RebuildScriptCaches (0ms)
		SetupLoadedEditorAssemblies (475ms)
			LogAssemblyErrors (0ms)
			InitializePlatformSupportModulesInManaged (7ms)
			SetLoadedEditorAssemblies (5ms)
			RefreshPlugins (0ms)
			BeforeProcessingInitializeOnLoad (92ms)
			ProcessInitializeOnLoadAttributes (342ms)
			ProcessInitializeOnLoadMethodAttributes (20ms)
			AfterProcessingInitializeOnLoad (7ms)
			EditorAssembliesLoaded (0ms)
		ExecutionOrderSort2 (0ms)
		AwakeInstancesAfterBackupRestoration (6ms)
Refreshing native plugins compatible for Editor in 4.09 ms, found 3 plugins.
Preloading 0 native plugins for Editor in 0.00 ms.
Unloading 3134 Unused Serialized files (Serialized files now loaded: 0)
Unloading 36 unused Assets / (40.0 KB). Loaded Objects now: 3635.
Memory consumption went from 120.3 MB to 120.2 MB.
Total: 2.415400 ms (FindLiveObjects: 0.216200 ms CreateObjectMapping: 0.094600 ms MarkObjects: 2.042900 ms  DeleteObjects: 0.061000 ms)

Prepare: number of updated asset objects reloaded= 0
AssetImportParameters requested are different than current active one (requested -> active):
  custom:scripting/monoscript/fileName/CFX_Demo_With_UIParticle.cs: 226f2c5431a3281109d962f41860d8fa -> 
  custom:scripting/monoscript/fileName/SpriteExtensions.cs: d15fc44627372ae38565323b74d7ae12 -> 
  custom:container-demuxer-ogg: 62fdf1f143b41e24485cea50d1cbac27 -> 
  custom:scripting/monoscript/fileName/UIParticle_PerformanceDemo.cs: 4f06c4b31cfbc934f9c8a4cffb890ea0 -> 
  custom:scripting/monoscript/fileName/UIParticleProjectSettings.cs: e67134131661b9872564981966bfc127 -> 
  custom:scripting/monoscript/fileName/UIParticle.cs: 2325898c5f7e7032e1304a953772e3db -> 
  custom:scripting/monoscript/fileName/Vector3Extensions.cs: d2785b660e92dd53626ae8ab3f74eb90 -> 
  custom:video-codec-MediaFoundation-h265: 746d11721c4dcdbdad8f713fa42b33f4 -> 
  custom:scripting/monoscript/fileName/UIExtraCallbacks.cs: 3d3413dbcd53c71899d73ab53a15ba37 -> 
  custom:video-decoder-ogg-theora: a1e56fd34408186e4bbccfd4996cb3dc -> 
  custom:scripting/monoscript/fileName/AnimatableProperty.cs: f35dc87c3f2df1477c8a408b8fbe37b5 -> 
  custom:scripting/monoscript/fileName/AnimatablePropertyEditor.cs: 1d03953670d8e406357019b192662737 -> 
  custom:scripting/monoscript/fileName/UIParticleMenu.cs: a4859bf31ac3affa2499cb7d11d0a844 -> 
  custom:framework-win-MediaFoundation: 216162199b28c13a410421893ffa2e32 -> 
  custom:scripting/monoscript/fileName/CanvasExtensions.cs: dd125fe003e3c2c37c4a99dbb0078950 -> 
  custom:scripting/monoscript/fileName/ComponentExtensions.cs: fb5af0f40f5d66304cb9361270b05072 -> 
  custom:scripting/monoscript/fileName/Logging.cs: 5f2ed8485a56b4e9e53aa65cdef27b10 -> 
  custom:CustomObjectIndexerAttribute: 9a22284fe3817be447336de3de66b15e -> 
  custom:container-demuxer-webm: 4f35f7cbe854078d1ac9338744f61a02 -> 
  custom:scripting/monoscript/fileName/FastAction.cs: 60eb5b7e04daf339f61dca5fd934100f -> dfbe75b66b645b53472915ad2590af11
  custom:scripting/monoscript/fileName/FrameCache.cs: 3dcf885da94f12c1b606c497e398faf9 -> 
  custom:scripting/monoscript/fileName/UIParticleEditor.cs: b6bdab8e4a72b4216e3f0c8f8ed45e99 -> 
  custom:container-muxer-webm: aa71ff27fc2769a1b78a27578f13a17b -> 
  custom:scripting/monoscript/fileName/ObjectRepository.cs: 0cdf409b5aa8d4c25876d72b5c6a3b60 -> 
  custom:scripting/monoscript/fileName/ObjectPool.cs: 0cdf409b5aa8d4c25876d72b5c6a3b60 -> 
  custom:video-decoder-webm-vp8: 9c59270c3fd7afecdb556c50c9e8de78 -> 
  custom:SearchIndexIgnoredProperties: e643bd26f0fe6173181afceb89e7c659 -> 
  custom:AudioImporter_EditorPlatform: d09bf68614088b80899f8185d706f6e7 -> 
  custom:scripting/monoscript/fileName/UIParticleAttractor.cs: 56646a28f8018ce8d626b6a0b28e5c77 -> 
  custom:scripting/monoscript/fileName/Color32Extensions.cs: 957a68f3e8b649a9394b51c6910ca65a -> 
  custom:scripting/monoscript/fileName/UIParticleRenderer.cs: e7d82b34b2b52af3ee36bf0e1f32e85d -> 
  custom:scripting/monoscript/fileName/UIParticleUpdater.cs: 64d938919628a112a7e9c9345f1ccb18 -> 
  custom:scripting/monoscript/fileName/NewTestScript.cs: 2eb4416447678e2004e156bd89cd8cbd -> 
  custom:scripting/monoscript/fileName/ParticleSystemExtensions.cs: a9d6841fd486ede512f2bde88014253e -> 
  custom:video-encoder-webm-vp8: eb34c28f22e8b96e1ab97ce403110664 -> 
  custom:audio-decoder-ogg-vorbis: bf7c407c2cedff20999df2af8eb42d56 -> 
  custom:scripting/monoscript/fileName/Misc.cs: 246d9d5aaf21070630ef885fe1125ea2 -> 7ed2e50827551a4e78c69f183dffa2c9
  custom:audio-encoder-webm-vorbis: bf7c407c2cedff20999df2af8eb42d56 -> 
  custom:scripting/monoscript/fileName/MaterialRepository.cs: 128c5f079d59296a900349dfa10fb5ae -> 
========================================================================
Received Prepare
Caller must complete domain reload
Begin MonoManager ReloadAssembly
- Loaded All Assemblies, in  0.450 seconds
Native extension for WindowsStandalone target not found
Mono: successfully reloaded assembly
- Finished resetting the current domain, in  1.009 seconds
Domain Reload Profiling: 1456ms
	BeginReloadAssembly (151ms)
		ExecutionOrderSort (0ms)
		DisableScriptedObjects (5ms)
		BackupInstance (0ms)
		ReleaseScriptingObjects (0ms)
		CreateAndSetChildDomain (29ms)
	RebuildCommonClasses (33ms)
	RebuildNativeTypeToScriptingClass (10ms)
	initialDomainReloadingComplete (30ms)
	LoadAllAssembliesAndSetupDomain (224ms)
		LoadAssemblies (293ms)
		RebuildTransferFunctionScriptingTraits (0ms)
		AnalyzeDomain (14ms)
			TypeCache.Refresh (6ms)
				TypeCache.ScanAssembly (0ms)
			ScanForSourceGeneratedMonoScriptInfo (0ms)
			ResolveRequiredComponents (6ms)
	FinalizeReload (1009ms)
		ReleaseScriptCaches (0ms)
		RebuildScriptCaches (0ms)
		SetupLoadedEditorAssemblies (496ms)
			LogAssemblyErrors (0ms)
			InitializePlatformSupportModulesInManaged (8ms)
			SetLoadedEditorAssemblies (6ms)
			RefreshPlugins (0ms)
			BeforeProcessingInitializeOnLoad (97ms)
			ProcessInitializeOnLoadAttributes (355ms)
			ProcessInitializeOnLoadMethodAttributes (23ms)
			AfterProcessingInitializeOnLoad (8ms)
			EditorAssembliesLoaded (0ms)
		ExecutionOrderSort2 (0ms)
		AwakeInstancesAfterBackupRestoration (6ms)
Refreshing native plugins compatible for Editor in 4.90 ms, found 3 plugins.
Preloading 0 native plugins for Editor in 0.00 ms.
Unloading 3134 Unused Serialized files (Serialized files now loaded: 0)
Unloading 14 unused Assets / (28.6 KB). Loaded Objects now: 3638.
Memory consumption went from 120.2 MB to 120.2 MB.
Total: 2.175300 ms (FindLiveObjects: 0.168000 ms CreateObjectMapping: 0.091900 ms MarkObjects: 1.875900 ms  DeleteObjects: 0.038600 ms)

Prepare: number of updated asset objects reloaded= 0
AssetImportParameters requested are different than current active one (requested -> active):
  custom:scripting/monoscript/fileName/CFX_Demo_With_UIParticle.cs: 226f2c5431a3281109d962f41860d8fa -> 
  custom:scripting/monoscript/fileName/SpriteExtensions.cs: d15fc44627372ae38565323b74d7ae12 -> 
  custom:container-demuxer-ogg: 62fdf1f143b41e24485cea50d1cbac27 -> 
  custom:scripting/monoscript/fileName/UIParticle_PerformanceDemo.cs: 4f06c4b31cfbc934f9c8a4cffb890ea0 -> 
  custom:scripting/monoscript/fileName/UIParticleProjectSettings.cs: e67134131661b9872564981966bfc127 -> 
  custom:scripting/monoscript/fileName/UIParticle.cs: 2325898c5f7e7032e1304a953772e3db -> 
  custom:scripting/monoscript/fileName/Vector3Extensions.cs: d2785b660e92dd53626ae8ab3f74eb90 -> 
  custom:video-codec-MediaFoundation-h265: 746d11721c4dcdbdad8f713fa42b33f4 -> 
  custom:scripting/monoscript/fileName/UIExtraCallbacks.cs: 3d3413dbcd53c71899d73ab53a15ba37 -> 
  custom:video-decoder-ogg-theora: a1e56fd34408186e4bbccfd4996cb3dc -> 
  custom:scripting/monoscript/fileName/AnimatableProperty.cs: f35dc87c3f2df1477c8a408b8fbe37b5 -> 
  custom:scripting/monoscript/fileName/AnimatablePropertyEditor.cs: 1d03953670d8e406357019b192662737 -> 
  custom:scripting/monoscript/fileName/UIParticleMenu.cs: a4859bf31ac3affa2499cb7d11d0a844 -> 
  custom:framework-win-MediaFoundation: 216162199b28c13a410421893ffa2e32 -> 
  custom:scripting/monoscript/fileName/CanvasExtensions.cs: dd125fe003e3c2c37c4a99dbb0078950 -> 
  custom:scripting/monoscript/fileName/ComponentExtensions.cs: fb5af0f40f5d66304cb9361270b05072 -> 
  custom:scripting/monoscript/fileName/Logging.cs: 5f2ed8485a56b4e9e53aa65cdef27b10 -> 
  custom:CustomObjectIndexerAttribute: 9a22284fe3817be447336de3de66b15e -> 
  custom:container-demuxer-webm: 4f35f7cbe854078d1ac9338744f61a02 -> 
  custom:scripting/monoscript/fileName/FastAction.cs: 60eb5b7e04daf339f61dca5fd934100f -> dfbe75b66b645b53472915ad2590af11
  custom:scripting/monoscript/fileName/FrameCache.cs: 3dcf885da94f12c1b606c497e398faf9 -> 
  custom:scripting/monoscript/fileName/UIParticleEditor.cs: b6bdab8e4a72b4216e3f0c8f8ed45e99 -> 
  custom:container-muxer-webm: aa71ff27fc2769a1b78a27578f13a17b -> 
  custom:scripting/monoscript/fileName/ObjectRepository.cs: 0cdf409b5aa8d4c25876d72b5c6a3b60 -> 
  custom:scripting/monoscript/fileName/ObjectPool.cs: 0cdf409b5aa8d4c25876d72b5c6a3b60 -> 
  custom:video-decoder-webm-vp8: 9c59270c3fd7afecdb556c50c9e8de78 -> 
  custom:SearchIndexIgnoredProperties: e643bd26f0fe6173181afceb89e7c659 -> 
  custom:AudioImporter_EditorPlatform: d09bf68614088b80899f8185d706f6e7 -> 
  custom:scripting/monoscript/fileName/UIParticleAttractor.cs: 56646a28f8018ce8d626b6a0b28e5c77 -> 
  custom:scripting/monoscript/fileName/Color32Extensions.cs: 957a68f3e8b649a9394b51c6910ca65a -> 
  custom:scripting/monoscript/fileName/UIParticleRenderer.cs: e7d82b34b2b52af3ee36bf0e1f32e85d -> 
  custom:scripting/monoscript/fileName/UIParticleUpdater.cs: 64d938919628a112a7e9c9345f1ccb18 -> 
  custom:scripting/monoscript/fileName/NewTestScript.cs: 2eb4416447678e2004e156bd89cd8cbd -> 
  custom:scripting/monoscript/fileName/ParticleSystemExtensions.cs: a9d6841fd486ede512f2bde88014253e -> 
  custom:video-encoder-webm-vp8: eb34c28f22e8b96e1ab97ce403110664 -> 
  custom:audio-decoder-ogg-vorbis: bf7c407c2cedff20999df2af8eb42d56 -> 
  custom:scripting/monoscript/fileName/Misc.cs: 246d9d5aaf21070630ef885fe1125ea2 -> 7ed2e50827551a4e78c69f183dffa2c9
  custom:audio-encoder-webm-vorbis: bf7c407c2cedff20999df2af8eb42d56 -> 
  custom:scripting/monoscript/fileName/MaterialRepository.cs: 128c5f079d59296a900349dfa10fb5ae -> 
========================================================================
Received Prepare
Caller must complete domain reload
Begin MonoManager ReloadAssembly
- Loaded All Assemblies, in  0.461 seconds
Native extension for WindowsStandalone target not found
Mono: successfully reloaded assembly
- Finished resetting the current domain, in  1.022 seconds
Domain Reload Profiling: 1479ms
	BeginReloadAssembly (149ms)
		ExecutionOrderSort (0ms)
		DisableScriptedObjects (5ms)
		BackupInstance (0ms)
		ReleaseScriptingObjects (0ms)
		CreateAndSetChildDomain (31ms)
	RebuildCommonClasses (35ms)
	RebuildNativeTypeToScriptingClass (12ms)
	initialDomainReloadingComplete (31ms)
	LoadAllAssembliesAndSetupDomain (231ms)
		LoadAssemblies (302ms)
		RebuildTransferFunctionScriptingTraits (0ms)
		AnalyzeDomain (14ms)
			TypeCache.Refresh (5ms)
				TypeCache.ScanAssembly (0ms)
			ScanForSourceGeneratedMonoScriptInfo (0ms)
			ResolveRequiredComponents (6ms)
	FinalizeReload (1022ms)
		ReleaseScriptCaches (0ms)
		RebuildScriptCaches (0ms)
		SetupLoadedEditorAssemblies (508ms)
			LogAssemblyErrors (0ms)
			InitializePlatformSupportModulesInManaged (8ms)
			SetLoadedEditorAssemblies (6ms)
			RefreshPlugins (0ms)
			BeforeProcessingInitializeOnLoad (104ms)
			ProcessInitializeOnLoadAttributes (359ms)
			ProcessInitializeOnLoadMethodAttributes (22ms)
			AfterProcessingInitializeOnLoad (8ms)
			EditorAssembliesLoaded (0ms)
		ExecutionOrderSort2 (0ms)
		AwakeInstancesAfterBackupRestoration (6ms)
Refreshing native plugins compatible for Editor in 4.73 ms, found 3 plugins.
Preloading 0 native plugins for Editor in 0.00 ms.
Unloading 3134 Unused Serialized files (Serialized files now loaded: 0)
Unloading 14 unused Assets / (28.6 KB). Loaded Objects now: 3641.
Memory consumption went from 120.2 MB to 120.2 MB.
Total: 2.991900 ms (FindLiveObjects: 0.365900 ms CreateObjectMapping: 0.210600 ms MarkObjects: 2.380000 ms  DeleteObjects: 0.034600 ms)

Prepare: number of updated asset objects reloaded= 0
AssetImportParameters requested are different than current active one (requested -> active):
  custom:scripting/monoscript/fileName/CFX_Demo_With_UIParticle.cs: 226f2c5431a3281109d962f41860d8fa -> 
  custom:scripting/monoscript/fileName/SpriteExtensions.cs: d15fc44627372ae38565323b74d7ae12 -> 
  custom:container-demuxer-ogg: 62fdf1f143b41e24485cea50d1cbac27 -> 
  custom:scripting/monoscript/fileName/UIParticle_PerformanceDemo.cs: 4f06c4b31cfbc934f9c8a4cffb890ea0 -> 
  custom:scripting/monoscript/fileName/UIParticleProjectSettings.cs: e67134131661b9872564981966bfc127 -> 
  custom:scripting/monoscript/fileName/UIParticle.cs: 2325898c5f7e7032e1304a953772e3db -> 
  custom:scripting/monoscript/fileName/Vector3Extensions.cs: d2785b660e92dd53626ae8ab3f74eb90 -> 
  custom:video-codec-MediaFoundation-h265: 746d11721c4dcdbdad8f713fa42b33f4 -> 
  custom:scripting/monoscript/fileName/UIExtraCallbacks.cs: 3d3413dbcd53c71899d73ab53a15ba37 -> 
  custom:video-decoder-ogg-theora: a1e56fd34408186e4bbccfd4996cb3dc -> 
  custom:scripting/monoscript/fileName/AnimatableProperty.cs: f35dc87c3f2df1477c8a408b8fbe37b5 -> 
  custom:scripting/monoscript/fileName/AnimatablePropertyEditor.cs: 1d03953670d8e406357019b192662737 -> 
  custom:scripting/monoscript/fileName/UIParticleMenu.cs: a4859bf31ac3affa2499cb7d11d0a844 -> 
  custom:framework-win-MediaFoundation: 216162199b28c13a410421893ffa2e32 -> 
  custom:scripting/monoscript/fileName/CanvasExtensions.cs: dd125fe003e3c2c37c4a99dbb0078950 -> 
  custom:scripting/monoscript/fileName/ComponentExtensions.cs: fb5af0f40f5d66304cb9361270b05072 -> 
  custom:scripting/monoscript/fileName/Logging.cs: 5f2ed8485a56b4e9e53aa65cdef27b10 -> 
  custom:CustomObjectIndexerAttribute: 9a22284fe3817be447336de3de66b15e -> 
  custom:container-demuxer-webm: 4f35f7cbe854078d1ac9338744f61a02 -> 
  custom:scripting/monoscript/fileName/FastAction.cs: 60eb5b7e04daf339f61dca5fd934100f -> dfbe75b66b645b53472915ad2590af11
  custom:scripting/monoscript/fileName/FrameCache.cs: 3dcf885da94f12c1b606c497e398faf9 -> 
  custom:scripting/monoscript/fileName/UIParticleEditor.cs: b6bdab8e4a72b4216e3f0c8f8ed45e99 -> 
  custom:container-muxer-webm: aa71ff27fc2769a1b78a27578f13a17b -> 
  custom:scripting/monoscript/fileName/ObjectRepository.cs: 0cdf409b5aa8d4c25876d72b5c6a3b60 -> 
  custom:scripting/monoscript/fileName/ObjectPool.cs: 0cdf409b5aa8d4c25876d72b5c6a3b60 -> 
  custom:video-decoder-webm-vp8: 9c59270c3fd7afecdb556c50c9e8de78 -> 
  custom:SearchIndexIgnoredProperties: e643bd26f0fe6173181afceb89e7c659 -> 
  custom:AudioImporter_EditorPlatform: d09bf68614088b80899f8185d706f6e7 -> 
  custom:scripting/monoscript/fileName/UIParticleAttractor.cs: 56646a28f8018ce8d626b6a0b28e5c77 -> 
  custom:scripting/monoscript/fileName/Color32Extensions.cs: 957a68f3e8b649a9394b51c6910ca65a -> 
  custom:scripting/monoscript/fileName/UIParticleRenderer.cs: e7d82b34b2b52af3ee36bf0e1f32e85d -> 
  custom:scripting/monoscript/fileName/UIParticleUpdater.cs: 64d938919628a112a7e9c9345f1ccb18 -> 
  custom:scripting/monoscript/fileName/NewTestScript.cs: 2eb4416447678e2004e156bd89cd8cbd -> 
  custom:scripting/monoscript/fileName/ParticleSystemExtensions.cs: a9d6841fd486ede512f2bde88014253e -> 
  custom:video-encoder-webm-vp8: eb34c28f22e8b96e1ab97ce403110664 -> 
  custom:audio-decoder-ogg-vorbis: bf7c407c2cedff20999df2af8eb42d56 -> 
  custom:scripting/monoscript/fileName/Misc.cs: 246d9d5aaf21070630ef885fe1125ea2 -> 7ed2e50827551a4e78c69f183dffa2c9
  custom:audio-encoder-webm-vorbis: bf7c407c2cedff20999df2af8eb42d56 -> 
  custom:scripting/monoscript/fileName/MaterialRepository.cs: 128c5f079d59296a900349dfa10fb5ae -> 
========================================================================
Received Prepare
Caller must complete domain reload
Begin MonoManager ReloadAssembly
- Loaded All Assemblies, in  0.552 seconds
Native extension for WindowsStandalone target not found
Mono: successfully reloaded assembly
- Finished resetting the current domain, in  1.554 seconds
Domain Reload Profiling: 2104ms
	BeginReloadAssembly (155ms)
		ExecutionOrderSort (0ms)
		DisableScriptedObjects (8ms)
		BackupInstance (0ms)
		ReleaseScriptingObjects (0ms)
		CreateAndSetChildDomain (31ms)
	RebuildCommonClasses (38ms)
	RebuildNativeTypeToScriptingClass (13ms)
	initialDomainReloadingComplete (36ms)
	LoadAllAssembliesAndSetupDomain (308ms)
		LoadAssemblies (367ms)
		RebuildTransferFunctionScriptingTraits (0ms)
		AnalyzeDomain (24ms)
			TypeCache.Refresh (9ms)
				TypeCache.ScanAssembly (1ms)
			ScanForSourceGeneratedMonoScriptInfo (7ms)
			ResolveRequiredComponents (6ms)
	FinalizeReload (1555ms)
		ReleaseScriptCaches (0ms)
		RebuildScriptCaches (0ms)
		SetupLoadedEditorAssemblies (505ms)
			LogAssemblyErrors (0ms)
			InitializePlatformSupportModulesInManaged (9ms)
			SetLoadedEditorAssemblies (6ms)
			RefreshPlugins (0ms)
			BeforeProcessingInitializeOnLoad (99ms)
			ProcessInitializeOnLoadAttributes (363ms)
			ProcessInitializeOnLoadMethodAttributes (21ms)
			AfterProcessingInitializeOnLoad (7ms)
			EditorAssembliesLoaded (0ms)
		ExecutionOrderSort2 (0ms)
		AwakeInstancesAfterBackupRestoration (6ms)
Refreshing native plugins compatible for Editor in 3.68 ms, found 3 plugins.
Preloading 0 native plugins for Editor in 0.00 ms.
Unloading 3134 Unused Serialized files (Serialized files now loaded: 0)
Unloading 14 unused Assets / (28.6 KB). Loaded Objects now: 3644.
Memory consumption went from 120.2 MB to 120.2 MB.
Total: 15.131700 ms (FindLiveObjects: 2.914600 ms CreateObjectMapping: 0.527700 ms MarkObjects: 11.622400 ms  DeleteObjects: 0.064700 ms)

Prepare: number of updated asset objects reloaded= 0
AssetImportParameters requested are different than current active one (requested -> active):
  custom:scripting/monoscript/fileName/CFX_Demo_With_UIParticle.cs: 226f2c5431a3281109d962f41860d8fa -> 
  custom:scripting/monoscript/fileName/SpriteExtensions.cs: d15fc44627372ae38565323b74d7ae12 -> 
  custom:container-demuxer-ogg: 62fdf1f143b41e24485cea50d1cbac27 -> 
  custom:scripting/monoscript/fileName/UIParticle_PerformanceDemo.cs: 4f06c4b31cfbc934f9c8a4cffb890ea0 -> 
  custom:scripting/monoscript/fileName/UIParticleProjectSettings.cs: e67134131661b9872564981966bfc127 -> 
  custom:scripting/monoscript/fileName/UIParticle.cs: 2325898c5f7e7032e1304a953772e3db -> 
  custom:scripting/monoscript/fileName/Vector3Extensions.cs: d2785b660e92dd53626ae8ab3f74eb90 -> 
  custom:video-codec-MediaFoundation-h265: 746d11721c4dcdbdad8f713fa42b33f4 -> 
  custom:scripting/monoscript/fileName/UIExtraCallbacks.cs: 3d3413dbcd53c71899d73ab53a15ba37 -> 
  custom:video-decoder-ogg-theora: a1e56fd34408186e4bbccfd4996cb3dc -> 
  custom:scripting/monoscript/fileName/AnimatableProperty.cs: f35dc87c3f2df1477c8a408b8fbe37b5 -> 
  custom:scripting/monoscript/fileName/AnimatablePropertyEditor.cs: 1d03953670d8e406357019b192662737 -> 
  custom:scripting/monoscript/fileName/UIParticleMenu.cs: a4859bf31ac3affa2499cb7d11d0a844 -> 
  custom:framework-win-MediaFoundation: 216162199b28c13a410421893ffa2e32 -> 
  custom:scripting/monoscript/fileName/CanvasExtensions.cs: dd125fe003e3c2c37c4a99dbb0078950 -> 
  custom:scripting/monoscript/fileName/ComponentExtensions.cs: fb5af0f40f5d66304cb9361270b05072 -> 
  custom:scripting/monoscript/fileName/Logging.cs: 5f2ed8485a56b4e9e53aa65cdef27b10 -> 
  custom:CustomObjectIndexerAttribute: 9a22284fe3817be447336de3de66b15e -> 
  custom:container-demuxer-webm: 4f35f7cbe854078d1ac9338744f61a02 -> 
  custom:scripting/monoscript/fileName/FastAction.cs: 60eb5b7e04daf339f61dca5fd934100f -> dfbe75b66b645b53472915ad2590af11
  custom:scripting/monoscript/fileName/FrameCache.cs: 3dcf885da94f12c1b606c497e398faf9 -> 
  custom:scripting/monoscript/fileName/UIParticleEditor.cs: b6bdab8e4a72b4216e3f0c8f8ed45e99 -> 
  custom:container-muxer-webm: aa71ff27fc2769a1b78a27578f13a17b -> 
  custom:scripting/monoscript/fileName/ObjectRepository.cs: 0cdf409b5aa8d4c25876d72b5c6a3b60 -> 
  custom:scripting/monoscript/fileName/ObjectPool.cs: 0cdf409b5aa8d4c25876d72b5c6a3b60 -> 
  custom:video-decoder-webm-vp8: 9c59270c3fd7afecdb556c50c9e8de78 -> 
  custom:SearchIndexIgnoredProperties: e643bd26f0fe6173181afceb89e7c659 -> 
  custom:AudioImporter_EditorPlatform: d09bf68614088b80899f8185d706f6e7 -> 
  custom:scripting/monoscript/fileName/UIParticleAttractor.cs: 56646a28f8018ce8d626b6a0b28e5c77 -> 
  custom:scripting/monoscript/fileName/Color32Extensions.cs: 957a68f3e8b649a9394b51c6910ca65a -> 
  custom:scripting/monoscript/fileName/UIParticleRenderer.cs: e7d82b34b2b52af3ee36bf0e1f32e85d -> 
  custom:scripting/monoscript/fileName/UIParticleUpdater.cs: 64d938919628a112a7e9c9345f1ccb18 -> 
  custom:scripting/monoscript/fileName/NewTestScript.cs: 2eb4416447678e2004e156bd89cd8cbd -> 
  custom:scripting/monoscript/fileName/ParticleSystemExtensions.cs: a9d6841fd486ede512f2bde88014253e -> 
  custom:video-encoder-webm-vp8: eb34c28f22e8b96e1ab97ce403110664 -> 
  custom:audio-decoder-ogg-vorbis: bf7c407c2cedff20999df2af8eb42d56 -> 
  custom:scripting/monoscript/fileName/Misc.cs: 246d9d5aaf21070630ef885fe1125ea2 -> 7ed2e50827551a4e78c69f183dffa2c9
  custom:audio-encoder-webm-vorbis: bf7c407c2cedff20999df2af8eb42d56 -> 
  custom:scripting/monoscript/fileName/MaterialRepository.cs: 128c5f079d59296a900349dfa10fb5ae -> 
========================================================================
Received Prepare
Caller must complete domain reload
Begin MonoManager ReloadAssembly
- Loaded All Assemblies, in  0.488 seconds
Native extension for WindowsStandalone target not found
Mono: successfully reloaded assembly
- Finished resetting the current domain, in  0.955 seconds
Domain Reload Profiling: 1440ms
	BeginReloadAssembly (146ms)
		ExecutionOrderSort (0ms)
		DisableScriptedObjects (6ms)
		BackupInstance (0ms)
		ReleaseScriptingObjects (0ms)
		CreateAndSetChildDomain (26ms)
	RebuildCommonClasses (36ms)
	RebuildNativeTypeToScriptingClass (14ms)
	initialDomainReloadingComplete (30ms)
	LoadAllAssembliesAndSetupDomain (259ms)
		LoadAssemblies (312ms)
		RebuildTransferFunctionScriptingTraits (0ms)
		AnalyzeDomain (33ms)
			TypeCache.Refresh (18ms)
				TypeCache.ScanAssembly (1ms)
			ScanForSourceGeneratedMonoScriptInfo (8ms)
			ResolveRequiredComponents (6ms)
	FinalizeReload (955ms)
		ReleaseScriptCaches (0ms)
		RebuildScriptCaches (0ms)
		SetupLoadedEditorAssemblies (472ms)
			LogAssemblyErrors (0ms)
			InitializePlatformSupportModulesInManaged (7ms)
			SetLoadedEditorAssemblies (6ms)
			RefreshPlugins (0ms)
			BeforeProcessingInitializeOnLoad (96ms)
			ProcessInitializeOnLoadAttributes (334ms)
			ProcessInitializeOnLoadMethodAttributes (22ms)
			AfterProcessingInitializeOnLoad (7ms)
			EditorAssembliesLoaded (0ms)
		ExecutionOrderSort2 (0ms)
		AwakeInstancesAfterBackupRestoration (5ms)
Refreshing native plugins compatible for Editor in 3.96 ms, found 3 plugins.
Preloading 0 native plugins for Editor in 0.00 ms.
Unloading 3134 Unused Serialized files (Serialized files now loaded: 0)
Unloading 14 unused Assets / (28.5 KB). Loaded Objects now: 3647.
Memory consumption went from 120.2 MB to 120.2 MB.
Total: 2.676500 ms (FindLiveObjects: 0.358800 ms CreateObjectMapping: 0.105700 ms MarkObjects: 2.175900 ms  DeleteObjects: 0.035300 ms)

Prepare: number of updated asset objects reloaded= 0
AssetImportParameters requested are different than current active one (requested -> active):
  custom:scripting/monoscript/fileName/CFX_Demo_With_UIParticle.cs: 226f2c5431a3281109d962f41860d8fa -> 
  custom:scripting/monoscript/fileName/SpriteExtensions.cs: d15fc44627372ae38565323b74d7ae12 -> 
  custom:container-demuxer-ogg: 62fdf1f143b41e24485cea50d1cbac27 -> 
  custom:scripting/monoscript/fileName/UIParticle_PerformanceDemo.cs: 4f06c4b31cfbc934f9c8a4cffb890ea0 -> 
  custom:scripting/monoscript/fileName/UIParticleProjectSettings.cs: e67134131661b9872564981966bfc127 -> 
  custom:scripting/monoscript/fileName/UIParticle.cs: 2325898c5f7e7032e1304a953772e3db -> 
  custom:scripting/monoscript/fileName/Vector3Extensions.cs: d2785b660e92dd53626ae8ab3f74eb90 -> 
  custom:video-codec-MediaFoundation-h265: 746d11721c4dcdbdad8f713fa42b33f4 -> 
  custom:scripting/monoscript/fileName/UIExtraCallbacks.cs: 3d3413dbcd53c71899d73ab53a15ba37 -> 
  custom:video-decoder-ogg-theora: a1e56fd34408186e4bbccfd4996cb3dc -> 
  custom:scripting/monoscript/fileName/AnimatableProperty.cs: f35dc87c3f2df1477c8a408b8fbe37b5 -> 
  custom:scripting/monoscript/fileName/AnimatablePropertyEditor.cs: 1d03953670d8e406357019b192662737 -> 
  custom:scripting/monoscript/fileName/UIParticleMenu.cs: a4859bf31ac3affa2499cb7d11d0a844 -> 
  custom:framework-win-MediaFoundation: 216162199b28c13a410421893ffa2e32 -> 
  custom:scripting/monoscript/fileName/CanvasExtensions.cs: dd125fe003e3c2c37c4a99dbb0078950 -> 
  custom:scripting/monoscript/fileName/ComponentExtensions.cs: fb5af0f40f5d66304cb9361270b05072 -> 
  custom:scripting/monoscript/fileName/Logging.cs: 5f2ed8485a56b4e9e53aa65cdef27b10 -> 
  custom:CustomObjectIndexerAttribute: 9a22284fe3817be447336de3de66b15e -> 
  custom:container-demuxer-webm: 4f35f7cbe854078d1ac9338744f61a02 -> 
  custom:scripting/monoscript/fileName/FastAction.cs: 60eb5b7e04daf339f61dca5fd934100f -> dfbe75b66b645b53472915ad2590af11
  custom:scripting/monoscript/fileName/FrameCache.cs: 3dcf885da94f12c1b606c497e398faf9 -> 
  custom:scripting/monoscript/fileName/UIParticleEditor.cs: b6bdab8e4a72b4216e3f0c8f8ed45e99 -> 
  custom:container-muxer-webm: aa71ff27fc2769a1b78a27578f13a17b -> 
  custom:scripting/monoscript/fileName/ObjectRepository.cs: 0cdf409b5aa8d4c25876d72b5c6a3b60 -> 
  custom:scripting/monoscript/fileName/ObjectPool.cs: 0cdf409b5aa8d4c25876d72b5c6a3b60 -> 
  custom:video-decoder-webm-vp8: 9c59270c3fd7afecdb556c50c9e8de78 -> 
  custom:SearchIndexIgnoredProperties: e643bd26f0fe6173181afceb89e7c659 -> 
  custom:AudioImporter_EditorPlatform: d09bf68614088b80899f8185d706f6e7 -> 
  custom:scripting/monoscript/fileName/UIParticleAttractor.cs: 56646a28f8018ce8d626b6a0b28e5c77 -> 
  custom:scripting/monoscript/fileName/Color32Extensions.cs: 957a68f3e8b649a9394b51c6910ca65a -> 
  custom:scripting/monoscript/fileName/UIParticleRenderer.cs: e7d82b34b2b52af3ee36bf0e1f32e85d -> 
  custom:scripting/monoscript/fileName/UIParticleUpdater.cs: 64d938919628a112a7e9c9345f1ccb18 -> 
  custom:scripting/monoscript/fileName/NewTestScript.cs: 2eb4416447678e2004e156bd89cd8cbd -> 
  custom:scripting/monoscript/fileName/ParticleSystemExtensions.cs: a9d6841fd486ede512f2bde88014253e -> 
  custom:video-encoder-webm-vp8: eb34c28f22e8b96e1ab97ce403110664 -> 
  custom:audio-decoder-ogg-vorbis: bf7c407c2cedff20999df2af8eb42d56 -> 
  custom:scripting/monoscript/fileName/Misc.cs: 246d9d5aaf21070630ef885fe1125ea2 -> 7ed2e50827551a4e78c69f183dffa2c9
  custom:audio-encoder-webm-vorbis: bf7c407c2cedff20999df2af8eb42d56 -> 
  custom:scripting/monoscript/fileName/MaterialRepository.cs: 128c5f079d59296a900349dfa10fb5ae -> 
========================================================================
Received Prepare
Caller must complete domain reload
Begin MonoManager ReloadAssembly
- Loaded All Assemblies, in  0.455 seconds
Native extension for WindowsStandalone target not found
Mono: successfully reloaded assembly
- Finished resetting the current domain, in  1.014 seconds
Domain Reload Profiling: 1466ms
	BeginReloadAssembly (152ms)
		ExecutionOrderSort (0ms)
		DisableScriptedObjects (5ms)
		BackupInstance (0ms)
		ReleaseScriptingObjects (0ms)
		CreateAndSetChildDomain (27ms)
	RebuildCommonClasses (34ms)
	RebuildNativeTypeToScriptingClass (12ms)
	initialDomainReloadingComplete (31ms)
	LoadAllAssembliesAndSetupDomain (223ms)
		LoadAssemblies (299ms)
		RebuildTransferFunctionScriptingTraits (0ms)
		AnalyzeDomain (13ms)
			TypeCache.Refresh (5ms)
				TypeCache.ScanAssembly (0ms)
			ScanForSourceGeneratedMonoScriptInfo (0ms)
			ResolveRequiredComponents (5ms)
	FinalizeReload (1014ms)
		ReleaseScriptCaches (0ms)
		RebuildScriptCaches (0ms)
		SetupLoadedEditorAssemblies (490ms)
			LogAssemblyErrors (0ms)
			InitializePlatformSupportModulesInManaged (7ms)
			SetLoadedEditorAssemblies (5ms)
			RefreshPlugins (0ms)
			BeforeProcessingInitializeOnLoad (99ms)
			ProcessInitializeOnLoadAttributes (351ms)
			ProcessInitializeOnLoadMethodAttributes (21ms)
			AfterProcessingInitializeOnLoad (7ms)
			EditorAssembliesLoaded (0ms)
		ExecutionOrderSort2 (0ms)
		AwakeInstancesAfterBackupRestoration (7ms)
Refreshing native plugins compatible for Editor in 3.56 ms, found 3 plugins.
Preloading 0 native plugins for Editor in 0.00 ms.
Unloading 3134 Unused Serialized files (Serialized files now loaded: 0)
Unloading 14 unused Assets / (28.6 KB). Loaded Objects now: 3650.
Memory consumption went from 120.2 MB to 120.2 MB.
Total: 2.720700 ms (FindLiveObjects: 0.176200 ms CreateObjectMapping: 0.129500 ms MarkObjects: 2.384500 ms  DeleteObjects: 0.029800 ms)

Prepare: number of updated asset objects reloaded= 0
AssetImportParameters requested are different than current active one (requested -> active):
  custom:scripting/monoscript/fileName/CFX_Demo_With_UIParticle.cs: 226f2c5431a3281109d962f41860d8fa -> 
  custom:scripting/monoscript/fileName/SpriteExtensions.cs: d15fc44627372ae38565323b74d7ae12 -> 
  custom:container-demuxer-ogg: 62fdf1f143b41e24485cea50d1cbac27 -> 
  custom:scripting/monoscript/fileName/UIParticle_PerformanceDemo.cs: 4f06c4b31cfbc934f9c8a4cffb890ea0 -> 
  custom:scripting/monoscript/fileName/UIParticleProjectSettings.cs: e67134131661b9872564981966bfc127 -> 
  custom:scripting/monoscript/fileName/UIParticle.cs: 2325898c5f7e7032e1304a953772e3db -> 
  custom:scripting/monoscript/fileName/Vector3Extensions.cs: d2785b660e92dd53626ae8ab3f74eb90 -> 
  custom:video-codec-MediaFoundation-h265: 746d11721c4dcdbdad8f713fa42b33f4 -> 
  custom:scripting/monoscript/fileName/UIExtraCallbacks.cs: 3d3413dbcd53c71899d73ab53a15ba37 -> 
  custom:video-decoder-ogg-theora: a1e56fd34408186e4bbccfd4996cb3dc -> 
  custom:scripting/monoscript/fileName/AnimatableProperty.cs: f35dc87c3f2df1477c8a408b8fbe37b5 -> 
  custom:scripting/monoscript/fileName/AnimatablePropertyEditor.cs: 1d03953670d8e406357019b192662737 -> 
  custom:scripting/monoscript/fileName/UIParticleMenu.cs: a4859bf31ac3affa2499cb7d11d0a844 -> 
  custom:framework-win-MediaFoundation: 216162199b28c13a410421893ffa2e32 -> 
  custom:scripting/monoscript/fileName/CanvasExtensions.cs: dd125fe003e3c2c37c4a99dbb0078950 -> 
  custom:scripting/monoscript/fileName/ComponentExtensions.cs: fb5af0f40f5d66304cb9361270b05072 -> 
  custom:scripting/monoscript/fileName/Logging.cs: 5f2ed8485a56b4e9e53aa65cdef27b10 -> 
  custom:CustomObjectIndexerAttribute: 9a22284fe3817be447336de3de66b15e -> 
  custom:container-demuxer-webm: 4f35f7cbe854078d1ac9338744f61a02 -> 
  custom:scripting/monoscript/fileName/FastAction.cs: 60eb5b7e04daf339f61dca5fd934100f -> dfbe75b66b645b53472915ad2590af11
  custom:scripting/monoscript/fileName/FrameCache.cs: 3dcf885da94f12c1b606c497e398faf9 -> 
  custom:scripting/monoscript/fileName/UIParticleEditor.cs: b6bdab8e4a72b4216e3f0c8f8ed45e99 -> 
  custom:container-muxer-webm: aa71ff27fc2769a1b78a27578f13a17b -> 
  custom:scripting/monoscript/fileName/ObjectRepository.cs: 0cdf409b5aa8d4c25876d72b5c6a3b60 -> 
  custom:scripting/monoscript/fileName/ObjectPool.cs: 0cdf409b5aa8d4c25876d72b5c6a3b60 -> 
  custom:video-decoder-webm-vp8: 9c59270c3fd7afecdb556c50c9e8de78 -> 
  custom:SearchIndexIgnoredProperties: e643bd26f0fe6173181afceb89e7c659 -> 
  custom:AudioImporter_EditorPlatform: d09bf68614088b80899f8185d706f6e7 -> 
  custom:scripting/monoscript/fileName/UIParticleAttractor.cs: 56646a28f8018ce8d626b6a0b28e5c77 -> 
  custom:scripting/monoscript/fileName/Color32Extensions.cs: 957a68f3e8b649a9394b51c6910ca65a -> 
  custom:scripting/monoscript/fileName/UIParticleRenderer.cs: e7d82b34b2b52af3ee36bf0e1f32e85d -> 
  custom:scripting/monoscript/fileName/UIParticleUpdater.cs: 64d938919628a112a7e9c9345f1ccb18 -> 
  custom:scripting/monoscript/fileName/NewTestScript.cs: 2eb4416447678e2004e156bd89cd8cbd -> 
  custom:scripting/monoscript/fileName/ParticleSystemExtensions.cs: a9d6841fd486ede512f2bde88014253e -> 
  custom:video-encoder-webm-vp8: eb34c28f22e8b96e1ab97ce403110664 -> 
  custom:audio-decoder-ogg-vorbis: bf7c407c2cedff20999df2af8eb42d56 -> 
  custom:scripting/monoscript/fileName/Misc.cs: 246d9d5aaf21070630ef885fe1125ea2 -> 7ed2e50827551a4e78c69f183dffa2c9
  custom:audio-encoder-webm-vorbis: bf7c407c2cedff20999df2af8eb42d56 -> 
  custom:scripting/monoscript/fileName/MaterialRepository.cs: 128c5f079d59296a900349dfa10fb5ae -> 
========================================================================
Received Prepare
Caller must complete domain reload
Begin MonoManager ReloadAssembly
- Loaded All Assemblies, in  0.451 seconds
Native extension for WindowsStandalone target not found
Mono: successfully reloaded assembly
- Finished resetting the current domain, in  1.098 seconds
Domain Reload Profiling: 1546ms
	BeginReloadAssembly (147ms)
		ExecutionOrderSort (0ms)
		DisableScriptedObjects (5ms)
		BackupInstance (0ms)
		ReleaseScriptingObjects (0ms)
		CreateAndSetChildDomain (28ms)
	RebuildCommonClasses (35ms)
	RebuildNativeTypeToScriptingClass (11ms)
	initialDomainReloadingComplete (28ms)
	LoadAllAssembliesAndSetupDomain (227ms)
		LoadAssemblies (295ms)
		RebuildTransferFunctionScriptingTraits (0ms)
		AnalyzeDomain (14ms)
			TypeCache.Refresh (6ms)
				TypeCache.ScanAssembly (0ms)
			ScanForSourceGeneratedMonoScriptInfo (0ms)
			ResolveRequiredComponents (6ms)
	FinalizeReload (1099ms)
		ReleaseScriptCaches (0ms)
		RebuildScriptCaches (0ms)
		SetupLoadedEditorAssemblies (508ms)
			LogAssemblyErrors (0ms)
			InitializePlatformSupportModulesInManaged (8ms)
			SetLoadedEditorAssemblies (6ms)
			RefreshPlugins (0ms)
			BeforeProcessingInitializeOnLoad (106ms)
			ProcessInitializeOnLoadAttributes (357ms)
			ProcessInitializeOnLoadMethodAttributes (23ms)
			AfterProcessingInitializeOnLoad (7ms)
			EditorAssembliesLoaded (0ms)
		ExecutionOrderSort2 (0ms)
		AwakeInstancesAfterBackupRestoration (7ms)
Refreshing native plugins compatible for Editor in 4.01 ms, found 3 plugins.
Preloading 0 native plugins for Editor in 0.00 ms.
Unloading 3134 Unused Serialized files (Serialized files now loaded: 0)
Unloading 14 unused Assets / (28.6 KB). Loaded Objects now: 3653.
Memory consumption went from 120.3 MB to 120.2 MB.
Total: 2.282200 ms (FindLiveObjects: 0.200000 ms CreateObjectMapping: 0.084800 ms MarkObjects: 1.962600 ms  DeleteObjects: 0.033800 ms)

Prepare: number of updated asset objects reloaded= 0
AssetImportParameters requested are different than current active one (requested -> active):
  custom:scripting/monoscript/fileName/CFX_Demo_With_UIParticle.cs: 226f2c5431a3281109d962f41860d8fa -> 
  custom:scripting/monoscript/fileName/SpriteExtensions.cs: d15fc44627372ae38565323b74d7ae12 -> 
  custom:container-demuxer-ogg: 62fdf1f143b41e24485cea50d1cbac27 -> 
  custom:scripting/monoscript/fileName/UIParticle_PerformanceDemo.cs: 4f06c4b31cfbc934f9c8a4cffb890ea0 -> 
  custom:scripting/monoscript/fileName/UIParticleProjectSettings.cs: e67134131661b9872564981966bfc127 -> 
  custom:scripting/monoscript/fileName/UIParticle.cs: 2325898c5f7e7032e1304a953772e3db -> 
  custom:scripting/monoscript/fileName/Vector3Extensions.cs: d2785b660e92dd53626ae8ab3f74eb90 -> 
  custom:video-codec-MediaFoundation-h265: 746d11721c4dcdbdad8f713fa42b33f4 -> 
  custom:scripting/monoscript/fileName/UIExtraCallbacks.cs: 3d3413dbcd53c71899d73ab53a15ba37 -> 
  custom:video-decoder-ogg-theora: a1e56fd34408186e4bbccfd4996cb3dc -> 
  custom:scripting/monoscript/fileName/AnimatableProperty.cs: f35dc87c3f2df1477c8a408b8fbe37b5 -> 
  custom:scripting/monoscript/fileName/AnimatablePropertyEditor.cs: 1d03953670d8e406357019b192662737 -> 
  custom:scripting/monoscript/fileName/UIParticleMenu.cs: a4859bf31ac3affa2499cb7d11d0a844 -> 
  custom:framework-win-MediaFoundation: 216162199b28c13a410421893ffa2e32 -> 
  custom:scripting/monoscript/fileName/CanvasExtensions.cs: dd125fe003e3c2c37c4a99dbb0078950 -> 
  custom:scripting/monoscript/fileName/ComponentExtensions.cs: fb5af0f40f5d66304cb9361270b05072 -> 
  custom:scripting/monoscript/fileName/Logging.cs: 5f2ed8485a56b4e9e53aa65cdef27b10 -> 
  custom:CustomObjectIndexerAttribute: 9a22284fe3817be447336de3de66b15e -> 
  custom:container-demuxer-webm: 4f35f7cbe854078d1ac9338744f61a02 -> 
  custom:scripting/monoscript/fileName/FastAction.cs: 60eb5b7e04daf339f61dca5fd934100f -> dfbe75b66b645b53472915ad2590af11
  custom:scripting/monoscript/fileName/FrameCache.cs: 3dcf885da94f12c1b606c497e398faf9 -> 
  custom:scripting/monoscript/fileName/UIParticleEditor.cs: b6bdab8e4a72b4216e3f0c8f8ed45e99 -> 
  custom:container-muxer-webm: aa71ff27fc2769a1b78a27578f13a17b -> 
  custom:scripting/monoscript/fileName/ObjectRepository.cs: 0cdf409b5aa8d4c25876d72b5c6a3b60 -> 
  custom:scripting/monoscript/fileName/ObjectPool.cs: 0cdf409b5aa8d4c25876d72b5c6a3b60 -> 
  custom:video-decoder-webm-vp8: 9c59270c3fd7afecdb556c50c9e8de78 -> 
  custom:SearchIndexIgnoredProperties: e643bd26f0fe6173181afceb89e7c659 -> 
  custom:AudioImporter_EditorPlatform: d09bf68614088b80899f8185d706f6e7 -> 
  custom:scripting/monoscript/fileName/UIParticleAttractor.cs: 56646a28f8018ce8d626b6a0b28e5c77 -> 
  custom:scripting/monoscript/fileName/Color32Extensions.cs: 957a68f3e8b649a9394b51c6910ca65a -> 
  custom:scripting/monoscript/fileName/UIParticleRenderer.cs: e7d82b34b2b52af3ee36bf0e1f32e85d -> 
  custom:scripting/monoscript/fileName/UIParticleUpdater.cs: 64d938919628a112a7e9c9345f1ccb18 -> 
  custom:scripting/monoscript/fileName/NewTestScript.cs: 2eb4416447678e2004e156bd89cd8cbd -> 
  custom:scripting/monoscript/fileName/ParticleSystemExtensions.cs: a9d6841fd486ede512f2bde88014253e -> 
  custom:video-encoder-webm-vp8: eb34c28f22e8b96e1ab97ce403110664 -> 
  custom:audio-decoder-ogg-vorbis: bf7c407c2cedff20999df2af8eb42d56 -> 
  custom:scripting/monoscript/fileName/Misc.cs: 246d9d5aaf21070630ef885fe1125ea2 -> 7ed2e50827551a4e78c69f183dffa2c9
  custom:audio-encoder-webm-vorbis: bf7c407c2cedff20999df2af8eb42d56 -> 
  custom:scripting/monoscript/fileName/MaterialRepository.cs: 128c5f079d59296a900349dfa10fb5ae -> 
========================================================================
Received Prepare
Caller must complete domain reload
Begin MonoManager ReloadAssembly
- Loaded All Assemblies, in  0.462 seconds
Native extension for WindowsStandalone target not found
Mono: successfully reloaded assembly
- Finished resetting the current domain, in  1.003 seconds
Domain Reload Profiling: 1462ms
	BeginReloadAssembly (150ms)
		ExecutionOrderSort (0ms)
		DisableScriptedObjects (6ms)
		BackupInstance (0ms)
		ReleaseScriptingObjects (0ms)
		CreateAndSetChildDomain (26ms)
	RebuildCommonClasses (33ms)
	RebuildNativeTypeToScriptingClass (11ms)
	initialDomainReloadingComplete (31ms)
	LoadAllAssembliesAndSetupDomain (233ms)
		LoadAssemblies (302ms)
		RebuildTransferFunctionScriptingTraits (0ms)
		AnalyzeDomain (13ms)
			TypeCache.Refresh (6ms)
				TypeCache.ScanAssembly (0ms)
			ScanForSourceGeneratedMonoScriptInfo (0ms)
			ResolveRequiredComponents (5ms)
	FinalizeReload (1004ms)
		ReleaseScriptCaches (0ms)
		RebuildScriptCaches (0ms)
		SetupLoadedEditorAssemblies (491ms)
			LogAssemblyErrors (0ms)
			InitializePlatformSupportModulesInManaged (8ms)
			SetLoadedEditorAssemblies (5ms)
			RefreshPlugins (0ms)
			BeforeProcessingInitializeOnLoad (97ms)
			ProcessInitializeOnLoadAttributes (351ms)
			ProcessInitializeOnLoadMethodAttributes (22ms)
			AfterProcessingInitializeOnLoad (8ms)
			EditorAssembliesLoaded (0ms)
		ExecutionOrderSort2 (0ms)
		AwakeInstancesAfterBackupRestoration (6ms)
Refreshing native plugins compatible for Editor in 4.95 ms, found 3 plugins.
Preloading 0 native plugins for Editor in 0.00 ms.
Unloading 3134 Unused Serialized files (Serialized files now loaded: 0)
Unloading 14 unused Assets / (28.6 KB). Loaded Objects now: 3656.
Memory consumption went from 120.3 MB to 120.2 MB.
Total: 3.758600 ms (FindLiveObjects: 0.228000 ms CreateObjectMapping: 0.120100 ms MarkObjects: 3.274400 ms  DeleteObjects: 0.134300 ms)

Prepare: number of updated asset objects reloaded= 0
AssetImportParameters requested are different than current active one (requested -> active):
  custom:scripting/monoscript/fileName/CFX_Demo_With_UIParticle.cs: 226f2c5431a3281109d962f41860d8fa -> 
  custom:scripting/monoscript/fileName/SpriteExtensions.cs: d15fc44627372ae38565323b74d7ae12 -> 
  custom:container-demuxer-ogg: 62fdf1f143b41e24485cea50d1cbac27 -> 
  custom:scripting/monoscript/fileName/UIParticle_PerformanceDemo.cs: 4f06c4b31cfbc934f9c8a4cffb890ea0 -> 
  custom:scripting/monoscript/fileName/UIParticleProjectSettings.cs: e67134131661b9872564981966bfc127 -> 
  custom:scripting/monoscript/fileName/UIParticle.cs: 2325898c5f7e7032e1304a953772e3db -> 
  custom:scripting/monoscript/fileName/Vector3Extensions.cs: d2785b660e92dd53626ae8ab3f74eb90 -> 
  custom:video-codec-MediaFoundation-h265: 746d11721c4dcdbdad8f713fa42b33f4 -> 
  custom:scripting/monoscript/fileName/UIExtraCallbacks.cs: 3d3413dbcd53c71899d73ab53a15ba37 -> 
  custom:video-decoder-ogg-theora: a1e56fd34408186e4bbccfd4996cb3dc -> 
  custom:scripting/monoscript/fileName/AnimatableProperty.cs: f35dc87c3f2df1477c8a408b8fbe37b5 -> 
  custom:scripting/monoscript/fileName/AnimatablePropertyEditor.cs: 1d03953670d8e406357019b192662737 -> 
  custom:scripting/monoscript/fileName/UIParticleMenu.cs: a4859bf31ac3affa2499cb7d11d0a844 -> 
  custom:framework-win-MediaFoundation: 216162199b28c13a410421893ffa2e32 -> 
  custom:scripting/monoscript/fileName/CanvasExtensions.cs: dd125fe003e3c2c37c4a99dbb0078950 -> 
  custom:scripting/monoscript/fileName/ComponentExtensions.cs: fb5af0f40f5d66304cb9361270b05072 -> 
  custom:scripting/monoscript/fileName/Logging.cs: 5f2ed8485a56b4e9e53aa65cdef27b10 -> 
  custom:CustomObjectIndexerAttribute: 9a22284fe3817be447336de3de66b15e -> 
  custom:container-demuxer-webm: 4f35f7cbe854078d1ac9338744f61a02 -> 
  custom:scripting/monoscript/fileName/FastAction.cs: 60eb5b7e04daf339f61dca5fd934100f -> dfbe75b66b645b53472915ad2590af11
  custom:scripting/monoscript/fileName/FrameCache.cs: 3dcf885da94f12c1b606c497e398faf9 -> 
  custom:scripting/monoscript/fileName/UIParticleEditor.cs: b6bdab8e4a72b4216e3f0c8f8ed45e99 -> 
  custom:container-muxer-webm: aa71ff27fc2769a1b78a27578f13a17b -> 
  custom:scripting/monoscript/fileName/ObjectRepository.cs: 0cdf409b5aa8d4c25876d72b5c6a3b60 -> 
  custom:scripting/monoscript/fileName/ObjectPool.cs: 0cdf409b5aa8d4c25876d72b5c6a3b60 -> 
  custom:video-decoder-webm-vp8: 9c59270c3fd7afecdb556c50c9e8de78 -> 
  custom:SearchIndexIgnoredProperties: e643bd26f0fe6173181afceb89e7c659 -> 
  custom:AudioImporter_EditorPlatform: d09bf68614088b80899f8185d706f6e7 -> 
  custom:scripting/monoscript/fileName/UIParticleAttractor.cs: 56646a28f8018ce8d626b6a0b28e5c77 -> 
  custom:scripting/monoscript/fileName/Color32Extensions.cs: 957a68f3e8b649a9394b51c6910ca65a -> 
  custom:scripting/monoscript/fileName/UIParticleRenderer.cs: e7d82b34b2b52af3ee36bf0e1f32e85d -> 
  custom:scripting/monoscript/fileName/UIParticleUpdater.cs: 64d938919628a112a7e9c9345f1ccb18 -> 
  custom:scripting/monoscript/fileName/NewTestScript.cs: 2eb4416447678e2004e156bd89cd8cbd -> 
  custom:scripting/monoscript/fileName/ParticleSystemExtensions.cs: a9d6841fd486ede512f2bde88014253e -> 
  custom:video-encoder-webm-vp8: eb34c28f22e8b96e1ab97ce403110664 -> 
  custom:audio-decoder-ogg-vorbis: bf7c407c2cedff20999df2af8eb42d56 -> 
  custom:scripting/monoscript/fileName/Misc.cs: 246d9d5aaf21070630ef885fe1125ea2 -> 7ed2e50827551a4e78c69f183dffa2c9
  custom:audio-encoder-webm-vorbis: bf7c407c2cedff20999df2af8eb42d56 -> 
  custom:scripting/monoscript/fileName/MaterialRepository.cs: 128c5f079d59296a900349dfa10fb5ae -> 
========================================================================
Received Prepare
Caller must complete domain reload
Begin MonoManager ReloadAssembly
- Loaded All Assemblies, in  0.548 seconds
Native extension for WindowsStandalone target not found
Mono: successfully reloaded assembly
- Finished resetting the current domain, in  1.485 seconds
Domain Reload Profiling: 2030ms
	BeginReloadAssembly (165ms)
		ExecutionOrderSort (0ms)
		DisableScriptedObjects (5ms)
		BackupInstance (0ms)
		ReleaseScriptingObjects (0ms)
		CreateAndSetChildDomain (31ms)
	RebuildCommonClasses (37ms)
	RebuildNativeTypeToScriptingClass (11ms)
	initialDomainReloadingComplete (29ms)
	LoadAllAssembliesAndSetupDomain (303ms)
		LoadAssemblies (377ms)
		RebuildTransferFunctionScriptingTraits (0ms)
		AnalyzeDomain (23ms)
			TypeCache.Refresh (8ms)
				TypeCache.ScanAssembly (1ms)
			ScanForSourceGeneratedMonoScriptInfo (6ms)
			ResolveRequiredComponents (6ms)
	FinalizeReload (1485ms)
		ReleaseScriptCaches (0ms)
		RebuildScriptCaches (0ms)
		SetupLoadedEditorAssemblies (471ms)
			LogAssemblyErrors (0ms)
			InitializePlatformSupportModulesInManaged (7ms)
			SetLoadedEditorAssemblies (6ms)
			RefreshPlugins (0ms)
			BeforeProcessingInitializeOnLoad (93ms)
			ProcessInitializeOnLoadAttributes (337ms)
			ProcessInitializeOnLoadMethodAttributes (21ms)
			AfterProcessingInitializeOnLoad (7ms)
			EditorAssembliesLoaded (0ms)
		ExecutionOrderSort2 (0ms)
		AwakeInstancesAfterBackupRestoration (6ms)
Refreshing native plugins compatible for Editor in 3.63 ms, found 3 plugins.
Preloading 0 native plugins for Editor in 0.00 ms.
Unloading 3134 Unused Serialized files (Serialized files now loaded: 0)
Unloading 14 unused Assets / (28.6 KB). Loaded Objects now: 3659.
Memory consumption went from 120.3 MB to 120.2 MB.
Total: 4.041200 ms (FindLiveObjects: 0.184900 ms CreateObjectMapping: 0.169300 ms MarkObjects: 3.653000 ms  DeleteObjects: 0.033200 ms)

Prepare: number of updated asset objects reloaded= 0
AssetImportParameters requested are different than current active one (requested -> active):
  custom:scripting/monoscript/fileName/CFX_Demo_With_UIParticle.cs: 226f2c5431a3281109d962f41860d8fa -> 
  custom:scripting/monoscript/fileName/SpriteExtensions.cs: d15fc44627372ae38565323b74d7ae12 -> 
  custom:container-demuxer-ogg: 62fdf1f143b41e24485cea50d1cbac27 -> 
  custom:scripting/monoscript/fileName/UIParticle_PerformanceDemo.cs: 4f06c4b31cfbc934f9c8a4cffb890ea0 -> 
  custom:scripting/monoscript/fileName/UIParticleProjectSettings.cs: e67134131661b9872564981966bfc127 -> 
  custom:scripting/monoscript/fileName/UIParticle.cs: 2325898c5f7e7032e1304a953772e3db -> 
  custom:scripting/monoscript/fileName/Vector3Extensions.cs: d2785b660e92dd53626ae8ab3f74eb90 -> 
  custom:video-codec-MediaFoundation-h265: 746d11721c4dcdbdad8f713fa42b33f4 -> 
  custom:scripting/monoscript/fileName/UIExtraCallbacks.cs: 3d3413dbcd53c71899d73ab53a15ba37 -> 
  custom:video-decoder-ogg-theora: a1e56fd34408186e4bbccfd4996cb3dc -> 
  custom:scripting/monoscript/fileName/AnimatableProperty.cs: f35dc87c3f2df1477c8a408b8fbe37b5 -> 
  custom:scripting/monoscript/fileName/AnimatablePropertyEditor.cs: 1d03953670d8e406357019b192662737 -> 
  custom:scripting/monoscript/fileName/UIParticleMenu.cs: a4859bf31ac3affa2499cb7d11d0a844 -> 
  custom:framework-win-MediaFoundation: 216162199b28c13a410421893ffa2e32 -> 
  custom:scripting/monoscript/fileName/CanvasExtensions.cs: dd125fe003e3c2c37c4a99dbb0078950 -> 
  custom:scripting/monoscript/fileName/ComponentExtensions.cs: fb5af0f40f5d66304cb9361270b05072 -> 
  custom:scripting/monoscript/fileName/Logging.cs: 5f2ed8485a56b4e9e53aa65cdef27b10 -> 
  custom:CustomObjectIndexerAttribute: 9a22284fe3817be447336de3de66b15e -> 
  custom:container-demuxer-webm: 4f35f7cbe854078d1ac9338744f61a02 -> 
  custom:scripting/monoscript/fileName/FastAction.cs: 60eb5b7e04daf339f61dca5fd934100f -> dfbe75b66b645b53472915ad2590af11
  custom:scripting/monoscript/fileName/FrameCache.cs: 3dcf885da94f12c1b606c497e398faf9 -> 
  custom:scripting/monoscript/fileName/UIParticleEditor.cs: b6bdab8e4a72b4216e3f0c8f8ed45e99 -> 
  custom:container-muxer-webm: aa71ff27fc2769a1b78a27578f13a17b -> 
  custom:scripting/monoscript/fileName/ObjectRepository.cs: 0cdf409b5aa8d4c25876d72b5c6a3b60 -> 
  custom:scripting/monoscript/fileName/ObjectPool.cs: 0cdf409b5aa8d4c25876d72b5c6a3b60 -> 
  custom:video-decoder-webm-vp8: 9c59270c3fd7afecdb556c50c9e8de78 -> 
  custom:SearchIndexIgnoredProperties: e643bd26f0fe6173181afceb89e7c659 -> 
  custom:AudioImporter_EditorPlatform: d09bf68614088b80899f8185d706f6e7 -> 
  custom:scripting/monoscript/fileName/UIParticleAttractor.cs: 56646a28f8018ce8d626b6a0b28e5c77 -> 
  custom:scripting/monoscript/fileName/Color32Extensions.cs: 957a68f3e8b649a9394b51c6910ca65a -> 
  custom:scripting/monoscript/fileName/UIParticleRenderer.cs: e7d82b34b2b52af3ee36bf0e1f32e85d -> 
  custom:scripting/monoscript/fileName/UIParticleUpdater.cs: 64d938919628a112a7e9c9345f1ccb18 -> 
  custom:scripting/monoscript/fileName/NewTestScript.cs: 2eb4416447678e2004e156bd89cd8cbd -> 
  custom:scripting/monoscript/fileName/ParticleSystemExtensions.cs: a9d6841fd486ede512f2bde88014253e -> 
  custom:video-encoder-webm-vp8: eb34c28f22e8b96e1ab97ce403110664 -> 
  custom:audio-decoder-ogg-vorbis: bf7c407c2cedff20999df2af8eb42d56 -> 
  custom:scripting/monoscript/fileName/Misc.cs: 246d9d5aaf21070630ef885fe1125ea2 -> 7ed2e50827551a4e78c69f183dffa2c9
  custom:audio-encoder-webm-vorbis: bf7c407c2cedff20999df2af8eb42d56 -> 
  custom:scripting/monoscript/fileName/MaterialRepository.cs: 128c5f079d59296a900349dfa10fb5ae -> 
========================================================================
Received Prepare
Caller must complete domain reload
Begin MonoManager ReloadAssembly
- Loaded All Assemblies, in  0.546 seconds
Native extension for WindowsStandalone target not found
Mono: successfully reloaded assembly
- Finished resetting the current domain, in  1.667 seconds
Domain Reload Profiling: 2210ms
	BeginReloadAssembly (153ms)
		ExecutionOrderSort (0ms)
		DisableScriptedObjects (5ms)
		BackupInstance (0ms)
		ReleaseScriptingObjects (0ms)
		CreateAndSetChildDomain (33ms)
	RebuildCommonClasses (40ms)
	RebuildNativeTypeToScriptingClass (11ms)
	initialDomainReloadingComplete (30ms)
	LoadAllAssembliesAndSetupDomain (308ms)
		LoadAssemblies (377ms)
		RebuildTransferFunctionScriptingTraits (0ms)
		AnalyzeDomain (14ms)
			TypeCache.Refresh (6ms)
				TypeCache.ScanAssembly (0ms)
			ScanForSourceGeneratedMonoScriptInfo (0ms)
			ResolveRequiredComponents (5ms)
	FinalizeReload (1668ms)
		ReleaseScriptCaches (0ms)
		RebuildScriptCaches (0ms)
		SetupLoadedEditorAssemblies (507ms)
			LogAssemblyErrors (0ms)
			InitializePlatformSupportModulesInManaged (9ms)
			SetLoadedEditorAssemblies (6ms)
			RefreshPlugins (0ms)
			BeforeProcessingInitializeOnLoad (103ms)
			ProcessInitializeOnLoadAttributes (360ms)
			ProcessInitializeOnLoadMethodAttributes (21ms)
			AfterProcessingInitializeOnLoad (9ms)
			EditorAssembliesLoaded (0ms)
		ExecutionOrderSort2 (0ms)
		AwakeInstancesAfterBackupRestoration (7ms)
Refreshing native plugins compatible for Editor in 4.28 ms, found 3 plugins.
Preloading 0 native plugins for Editor in 0.00 ms.
Unloading 3134 Unused Serialized files (Serialized files now loaded: 0)
Unloading 14 unused Assets / (28.6 KB). Loaded Objects now: 3662.
Memory consumption went from 120.3 MB to 120.2 MB.
Total: 2.323400 ms (FindLiveObjects: 0.211300 ms CreateObjectMapping: 0.097900 ms MarkObjects: 1.976000 ms  DeleteObjects: 0.037400 ms)

Prepare: number of updated asset objects reloaded= 0
AssetImportParameters requested are different than current active one (requested -> active):
  custom:scripting/monoscript/fileName/CFX_Demo_With_UIParticle.cs: 226f2c5431a3281109d962f41860d8fa -> 
  custom:scripting/monoscript/fileName/SpriteExtensions.cs: d15fc44627372ae38565323b74d7ae12 -> 
  custom:container-demuxer-ogg: 62fdf1f143b41e24485cea50d1cbac27 -> 
  custom:scripting/monoscript/fileName/UIParticle_PerformanceDemo.cs: 4f06c4b31cfbc934f9c8a4cffb890ea0 -> 
  custom:scripting/monoscript/fileName/UIParticleProjectSettings.cs: e67134131661b9872564981966bfc127 -> 
  custom:scripting/monoscript/fileName/UIParticle.cs: 2325898c5f7e7032e1304a953772e3db -> 
  custom:scripting/monoscript/fileName/Vector3Extensions.cs: d2785b660e92dd53626ae8ab3f74eb90 -> 
  custom:video-codec-MediaFoundation-h265: 746d11721c4dcdbdad8f713fa42b33f4 -> 
  custom:scripting/monoscript/fileName/UIExtraCallbacks.cs: 3d3413dbcd53c71899d73ab53a15ba37 -> 
  custom:video-decoder-ogg-theora: a1e56fd34408186e4bbccfd4996cb3dc -> 
  custom:scripting/monoscript/fileName/AnimatableProperty.cs: f35dc87c3f2df1477c8a408b8fbe37b5 -> 
  custom:scripting/monoscript/fileName/AnimatablePropertyEditor.cs: 1d03953670d8e406357019b192662737 -> 
  custom:scripting/monoscript/fileName/UIParticleMenu.cs: a4859bf31ac3affa2499cb7d11d0a844 -> 
  custom:framework-win-MediaFoundation: 216162199b28c13a410421893ffa2e32 -> 
  custom:scripting/monoscript/fileName/CanvasExtensions.cs: dd125fe003e3c2c37c4a99dbb0078950 -> 
  custom:scripting/monoscript/fileName/ComponentExtensions.cs: fb5af0f40f5d66304cb9361270b05072 -> 
  custom:scripting/monoscript/fileName/Logging.cs: 5f2ed8485a56b4e9e53aa65cdef27b10 -> 
  custom:CustomObjectIndexerAttribute: 9a22284fe3817be447336de3de66b15e -> 
  custom:container-demuxer-webm: 4f35f7cbe854078d1ac9338744f61a02 -> 
  custom:scripting/monoscript/fileName/FastAction.cs: 60eb5b7e04daf339f61dca5fd934100f -> dfbe75b66b645b53472915ad2590af11
  custom:scripting/monoscript/fileName/FrameCache.cs: 3dcf885da94f12c1b606c497e398faf9 -> 
  custom:scripting/monoscript/fileName/UIParticleEditor.cs: b6bdab8e4a72b4216e3f0c8f8ed45e99 -> 
  custom:container-muxer-webm: aa71ff27fc2769a1b78a27578f13a17b -> 
  custom:scripting/monoscript/fileName/ObjectRepository.cs: 0cdf409b5aa8d4c25876d72b5c6a3b60 -> 
  custom:scripting/monoscript/fileName/ObjectPool.cs: 0cdf409b5aa8d4c25876d72b5c6a3b60 -> 
  custom:video-decoder-webm-vp8: 9c59270c3fd7afecdb556c50c9e8de78 -> 
  custom:SearchIndexIgnoredProperties: e643bd26f0fe6173181afceb89e7c659 -> 
  custom:AudioImporter_EditorPlatform: d09bf68614088b80899f8185d706f6e7 -> 
  custom:scripting/monoscript/fileName/UIParticleAttractor.cs: 56646a28f8018ce8d626b6a0b28e5c77 -> 
  custom:scripting/monoscript/fileName/Color32Extensions.cs: 957a68f3e8b649a9394b51c6910ca65a -> 
  custom:scripting/monoscript/fileName/UIParticleRenderer.cs: e7d82b34b2b52af3ee36bf0e1f32e85d -> 
  custom:scripting/monoscript/fileName/UIParticleUpdater.cs: 64d938919628a112a7e9c9345f1ccb18 -> 
  custom:scripting/monoscript/fileName/NewTestScript.cs: 2eb4416447678e2004e156bd89cd8cbd -> 
  custom:scripting/monoscript/fileName/ParticleSystemExtensions.cs: a9d6841fd486ede512f2bde88014253e -> 
  custom:video-encoder-webm-vp8: eb34c28f22e8b96e1ab97ce403110664 -> 
  custom:audio-decoder-ogg-vorbis: bf7c407c2cedff20999df2af8eb42d56 -> 
  custom:scripting/monoscript/fileName/Misc.cs: 246d9d5aaf21070630ef885fe1125ea2 -> 7ed2e50827551a4e78c69f183dffa2c9
  custom:audio-encoder-webm-vorbis: bf7c407c2cedff20999df2af8eb42d56 -> 
  custom:scripting/monoscript/fileName/MaterialRepository.cs: 128c5f079d59296a900349dfa10fb5ae -> 
========================================================================
Received Prepare
Caller must complete domain reload
Begin MonoManager ReloadAssembly
- Loaded All Assemblies, in  0.475 seconds
Native extension for WindowsStandalone target not found
Mono: successfully reloaded assembly
- Finished resetting the current domain, in  1.087 seconds
Domain Reload Profiling: 1560ms
	BeginReloadAssembly (155ms)
		ExecutionOrderSort (0ms)
		DisableScriptedObjects (6ms)
		BackupInstance (0ms)
		ReleaseScriptingObjects (0ms)
		CreateAndSetChildDomain (30ms)
	RebuildCommonClasses (32ms)
	RebuildNativeTypeToScriptingClass (10ms)
	initialDomainReloadingComplete (29ms)
	LoadAllAssembliesAndSetupDomain (246ms)
		LoadAssemblies (312ms)
		RebuildTransferFunctionScriptingTraits (0ms)
		AnalyzeDomain (23ms)
			TypeCache.Refresh (8ms)
				TypeCache.ScanAssembly (1ms)
			ScanForSourceGeneratedMonoScriptInfo (6ms)
			ResolveRequiredComponents (6ms)
	FinalizeReload (1088ms)
		ReleaseScriptCaches (0ms)
		RebuildScriptCaches (0ms)
		SetupLoadedEditorAssemblies (571ms)
			LogAssemblyErrors (0ms)
			InitializePlatformSupportModulesInManaged (10ms)
			SetLoadedEditorAssemblies (13ms)
			RefreshPlugins (0ms)
			BeforeProcessingInitializeOnLoad (126ms)
			ProcessInitializeOnLoadAttributes (388ms)
			ProcessInitializeOnLoadMethodAttributes (24ms)
			AfterProcessingInitializeOnLoad (9ms)
			EditorAssembliesLoaded (0ms)
		ExecutionOrderSort2 (0ms)
		AwakeInstancesAfterBackupRestoration (8ms)
Refreshing native plugins compatible for Editor in 10.95 ms, found 3 plugins.
Preloading 0 native plugins for Editor in 0.00 ms.
Unloading 3134 Unused Serialized files (Serialized files now loaded: 0)
Unloading 14 unused Assets / (28.5 KB). Loaded Objects now: 3665.
Memory consumption went from 120.3 MB to 120.2 MB.
Total: 2.815100 ms (FindLiveObjects: 0.321800 ms CreateObjectMapping: 0.121900 ms MarkObjects: 2.330000 ms  DeleteObjects: 0.039700 ms)

Prepare: number of updated asset objects reloaded= 0
AssetImportParameters requested are different than current active one (requested -> active):
  custom:scripting/monoscript/fileName/CFX_Demo_With_UIParticle.cs: 226f2c5431a3281109d962f41860d8fa -> 
  custom:scripting/monoscript/fileName/SpriteExtensions.cs: d15fc44627372ae38565323b74d7ae12 -> 
  custom:container-demuxer-ogg: 62fdf1f143b41e24485cea50d1cbac27 -> 
  custom:scripting/monoscript/fileName/UIParticle_PerformanceDemo.cs: 4f06c4b31cfbc934f9c8a4cffb890ea0 -> 
  custom:scripting/monoscript/fileName/UIParticleProjectSettings.cs: e67134131661b9872564981966bfc127 -> 
  custom:scripting/monoscript/fileName/UIParticle.cs: 2325898c5f7e7032e1304a953772e3db -> 
  custom:scripting/monoscript/fileName/Vector3Extensions.cs: d2785b660e92dd53626ae8ab3f74eb90 -> 
  custom:video-codec-MediaFoundation-h265: 746d11721c4dcdbdad8f713fa42b33f4 -> 
  custom:scripting/monoscript/fileName/UIExtraCallbacks.cs: 3d3413dbcd53c71899d73ab53a15ba37 -> 
  custom:video-decoder-ogg-theora: a1e56fd34408186e4bbccfd4996cb3dc -> 
  custom:scripting/monoscript/fileName/AnimatableProperty.cs: f35dc87c3f2df1477c8a408b8fbe37b5 -> 
  custom:scripting/monoscript/fileName/AnimatablePropertyEditor.cs: 1d03953670d8e406357019b192662737 -> 
  custom:scripting/monoscript/fileName/UIParticleMenu.cs: a4859bf31ac3affa2499cb7d11d0a844 -> 
  custom:framework-win-MediaFoundation: 216162199b28c13a410421893ffa2e32 -> 
  custom:scripting/monoscript/fileName/CanvasExtensions.cs: dd125fe003e3c2c37c4a99dbb0078950 -> 
  custom:scripting/monoscript/fileName/ComponentExtensions.cs: fb5af0f40f5d66304cb9361270b05072 -> 
  custom:scripting/monoscript/fileName/Logging.cs: 5f2ed8485a56b4e9e53aa65cdef27b10 -> 
  custom:CustomObjectIndexerAttribute: 9a22284fe3817be447336de3de66b15e -> 
  custom:container-demuxer-webm: 4f35f7cbe854078d1ac9338744f61a02 -> 
  custom:scripting/monoscript/fileName/FastAction.cs: 60eb5b7e04daf339f61dca5fd934100f -> dfbe75b66b645b53472915ad2590af11
  custom:scripting/monoscript/fileName/FrameCache.cs: 3dcf885da94f12c1b606c497e398faf9 -> 
  custom:scripting/monoscript/fileName/UIParticleEditor.cs: b6bdab8e4a72b4216e3f0c8f8ed45e99 -> 
  custom:container-muxer-webm: aa71ff27fc2769a1b78a27578f13a17b -> 
  custom:scripting/monoscript/fileName/ObjectRepository.cs: 0cdf409b5aa8d4c25876d72b5c6a3b60 -> 
  custom:scripting/monoscript/fileName/ObjectPool.cs: 0cdf409b5aa8d4c25876d72b5c6a3b60 -> 
  custom:video-decoder-webm-vp8: 9c59270c3fd7afecdb556c50c9e8de78 -> 
  custom:SearchIndexIgnoredProperties: e643bd26f0fe6173181afceb89e7c659 -> 
  custom:AudioImporter_EditorPlatform: d09bf68614088b80899f8185d706f6e7 -> 
  custom:scripting/monoscript/fileName/UIParticleAttractor.cs: 56646a28f8018ce8d626b6a0b28e5c77 -> 
  custom:scripting/monoscript/fileName/Color32Extensions.cs: 957a68f3e8b649a9394b51c6910ca65a -> 
  custom:scripting/monoscript/fileName/UIParticleRenderer.cs: e7d82b34b2b52af3ee36bf0e1f32e85d -> 
  custom:scripting/monoscript/fileName/UIParticleUpdater.cs: 64d938919628a112a7e9c9345f1ccb18 -> 
  custom:scripting/monoscript/fileName/NewTestScript.cs: 2eb4416447678e2004e156bd89cd8cbd -> 
  custom:scripting/monoscript/fileName/ParticleSystemExtensions.cs: a9d6841fd486ede512f2bde88014253e -> 
  custom:video-encoder-webm-vp8: eb34c28f22e8b96e1ab97ce403110664 -> 
  custom:audio-decoder-ogg-vorbis: bf7c407c2cedff20999df2af8eb42d56 -> 
  custom:scripting/monoscript/fileName/Misc.cs: 246d9d5aaf21070630ef885fe1125ea2 -> 7ed2e50827551a4e78c69f183dffa2c9
  custom:audio-encoder-webm-vorbis: bf7c407c2cedff20999df2af8eb42d56 -> 
  custom:scripting/monoscript/fileName/MaterialRepository.cs: 128c5f079d59296a900349dfa10fb5ae -> 
  custom:scripting/precompiled-assembly-types:Assembly-CSharp: c88df4af88c4416a62f00ea26b04e390 -> 72abcff13cd1eb93c15151ed6ddf2d35
========================================================================
Received Prepare
Caller must complete domain reload
Begin MonoManager ReloadAssembly
- Loaded All Assemblies, in  0.491 seconds
Native extension for WindowsStandalone target not found
Mono: successfully reloaded assembly
- Finished resetting the current domain, in  0.971 seconds
Domain Reload Profiling: 1459ms
	BeginReloadAssembly (149ms)
		ExecutionOrderSort (0ms)
		DisableScriptedObjects (5ms)
		BackupInstance (0ms)
		ReleaseScriptingObjects (0ms)
		CreateAndSetChildDomain (27ms)
	RebuildCommonClasses (35ms)
	RebuildNativeTypeToScriptingClass (12ms)
	initialDomainReloadingComplete (30ms)
	LoadAllAssembliesAndSetupDomain (261ms)
		LoadAssemblies (323ms)
		RebuildTransferFunctionScriptingTraits (0ms)
		AnalyzeDomain (23ms)
			TypeCache.Refresh (8ms)
				TypeCache.ScanAssembly (1ms)
			ScanForSourceGeneratedMonoScriptInfo (7ms)
			ResolveRequiredComponents (5ms)
	FinalizeReload (971ms)
		ReleaseScriptCaches (0ms)
		RebuildScriptCaches (0ms)
		SetupLoadedEditorAssemblies (479ms)
			LogAssemblyErrors (0ms)
			InitializePlatformSupportModulesInManaged (7ms)
			SetLoadedEditorAssemblies (6ms)
			RefreshPlugins (0ms)
			BeforeProcessingInitializeOnLoad (96ms)
			ProcessInitializeOnLoadAttributes (342ms)
			ProcessInitializeOnLoadMethodAttributes (22ms)
			AfterProcessingInitializeOnLoad (7ms)
			EditorAssembliesLoaded (0ms)
		ExecutionOrderSort2 (0ms)
		AwakeInstancesAfterBackupRestoration (6ms)
Refreshing native plugins compatible for Editor in 4.20 ms, found 3 plugins.
Preloading 0 native plugins for Editor in 0.00 ms.
Unloading 3134 Unused Serialized files (Serialized files now loaded: 0)
Unloading 14 unused Assets / (28.6 KB). Loaded Objects now: 3668.
Memory consumption went from 120.3 MB to 120.2 MB.
Total: 2.690400 ms (FindLiveObjects: 0.164000 ms CreateObjectMapping: 0.076100 ms MarkObjects: 2.414700 ms  DeleteObjects: 0.034300 ms)

Prepare: number of updated asset objects reloaded= 0
AssetImportParameters requested are different than current active one (requested -> active):
  custom:scripting/monoscript/fileName/CFX_Demo_With_UIParticle.cs: 226f2c5431a3281109d962f41860d8fa -> 
  custom:scripting/monoscript/fileName/SpriteExtensions.cs: d15fc44627372ae38565323b74d7ae12 -> 
  custom:container-demuxer-ogg: 62fdf1f143b41e24485cea50d1cbac27 -> 
  custom:scripting/monoscript/fileName/UIParticle_PerformanceDemo.cs: 4f06c4b31cfbc934f9c8a4cffb890ea0 -> 
  custom:scripting/monoscript/fileName/UIParticleProjectSettings.cs: e67134131661b9872564981966bfc127 -> 
  custom:scripting/monoscript/fileName/UIParticle.cs: 2325898c5f7e7032e1304a953772e3db -> 
  custom:scripting/monoscript/fileName/Vector3Extensions.cs: d2785b660e92dd53626ae8ab3f74eb90 -> 
  custom:video-codec-MediaFoundation-h265: 746d11721c4dcdbdad8f713fa42b33f4 -> 
  custom:scripting/monoscript/fileName/UIExtraCallbacks.cs: 3d3413dbcd53c71899d73ab53a15ba37 -> 
  custom:video-decoder-ogg-theora: a1e56fd34408186e4bbccfd4996cb3dc -> 
  custom:scripting/monoscript/fileName/AnimatableProperty.cs: f35dc87c3f2df1477c8a408b8fbe37b5 -> 
  custom:scripting/monoscript/fileName/AnimatablePropertyEditor.cs: 1d03953670d8e406357019b192662737 -> 
  custom:scripting/monoscript/fileName/UIParticleMenu.cs: a4859bf31ac3affa2499cb7d11d0a844 -> 
  custom:framework-win-MediaFoundation: 216162199b28c13a410421893ffa2e32 -> 
  custom:scripting/monoscript/fileName/CanvasExtensions.cs: dd125fe003e3c2c37c4a99dbb0078950 -> 
  custom:scripting/monoscript/fileName/ComponentExtensions.cs: fb5af0f40f5d66304cb9361270b05072 -> 
  custom:scripting/monoscript/fileName/Logging.cs: 5f2ed8485a56b4e9e53aa65cdef27b10 -> 
  custom:CustomObjectIndexerAttribute: 9a22284fe3817be447336de3de66b15e -> 
  custom:container-demuxer-webm: 4f35f7cbe854078d1ac9338744f61a02 -> 
  custom:scripting/monoscript/fileName/FastAction.cs: 60eb5b7e04daf339f61dca5fd934100f -> dfbe75b66b645b53472915ad2590af11
  custom:scripting/monoscript/fileName/FrameCache.cs: 3dcf885da94f12c1b606c497e398faf9 -> 
  custom:scripting/monoscript/fileName/UIParticleEditor.cs: b6bdab8e4a72b4216e3f0c8f8ed45e99 -> 
  custom:container-muxer-webm: aa71ff27fc2769a1b78a27578f13a17b -> 
  custom:scripting/monoscript/fileName/ObjectRepository.cs: 0cdf409b5aa8d4c25876d72b5c6a3b60 -> 
  custom:scripting/monoscript/fileName/ObjectPool.cs: 0cdf409b5aa8d4c25876d72b5c6a3b60 -> 
  custom:video-decoder-webm-vp8: 9c59270c3fd7afecdb556c50c9e8de78 -> 
  custom:SearchIndexIgnoredProperties: e643bd26f0fe6173181afceb89e7c659 -> 
  custom:AudioImporter_EditorPlatform: d09bf68614088b80899f8185d706f6e7 -> 
  custom:scripting/monoscript/fileName/UIParticleAttractor.cs: 56646a28f8018ce8d626b6a0b28e5c77 -> 
  custom:scripting/monoscript/fileName/Color32Extensions.cs: 957a68f3e8b649a9394b51c6910ca65a -> 
  custom:scripting/monoscript/fileName/UIParticleRenderer.cs: e7d82b34b2b52af3ee36bf0e1f32e85d -> 
  custom:scripting/monoscript/fileName/UIParticleUpdater.cs: 64d938919628a112a7e9c9345f1ccb18 -> 
  custom:scripting/monoscript/fileName/NewTestScript.cs: 2eb4416447678e2004e156bd89cd8cbd -> 
  custom:scripting/monoscript/fileName/ParticleSystemExtensions.cs: a9d6841fd486ede512f2bde88014253e -> 
  custom:video-encoder-webm-vp8: eb34c28f22e8b96e1ab97ce403110664 -> 
  custom:audio-decoder-ogg-vorbis: bf7c407c2cedff20999df2af8eb42d56 -> 
  custom:scripting/monoscript/fileName/Misc.cs: 246d9d5aaf21070630ef885fe1125ea2 -> 7ed2e50827551a4e78c69f183dffa2c9
  custom:audio-encoder-webm-vorbis: bf7c407c2cedff20999df2af8eb42d56 -> 
  custom:scripting/monoscript/fileName/MaterialRepository.cs: 128c5f079d59296a900349dfa10fb5ae -> 
  custom:scripting/precompiled-assembly-types:Assembly-CSharp: c88df4af88c4416a62f00ea26b04e390 -> 72abcff13cd1eb93c15151ed6ddf2d35
========================================================================
Received Prepare
Caller must complete domain reload
Begin MonoManager ReloadAssembly
- Loaded All Assemblies, in  0.477 seconds
Native extension for WindowsStandalone target not found
Mono: successfully reloaded assembly
- Finished resetting the current domain, in  1.035 seconds
Domain Reload Profiling: 1508ms
	BeginReloadAssembly (156ms)
		ExecutionOrderSort (0ms)
		DisableScriptedObjects (5ms)
		BackupInstance (0ms)
		ReleaseScriptingObjects (0ms)
		CreateAndSetChildDomain (33ms)
	RebuildCommonClasses (39ms)
	RebuildNativeTypeToScriptingClass (12ms)
	initialDomainReloadingComplete (31ms)
	LoadAllAssembliesAndSetupDomain (235ms)
		LoadAssemblies (309ms)
		RebuildTransferFunctionScriptingTraits (0ms)
		AnalyzeDomain (14ms)
			TypeCache.Refresh (5ms)
				TypeCache.ScanAssembly (0ms)
			ScanForSourceGeneratedMonoScriptInfo (0ms)
			ResolveRequiredComponents (6ms)
	FinalizeReload (1035ms)
		ReleaseScriptCaches (0ms)
		RebuildScriptCaches (0ms)
		SetupLoadedEditorAssemblies (509ms)
			LogAssemblyErrors (0ms)
			InitializePlatformSupportModulesInManaged (7ms)
			SetLoadedEditorAssemblies (6ms)
			RefreshPlugins (0ms)
			BeforeProcessingInitializeOnLoad (107ms)
			ProcessInitializeOnLoadAttributes (356ms)
			ProcessInitializeOnLoadMethodAttributes (25ms)
			AfterProcessingInitializeOnLoad (7ms)
			EditorAssembliesLoaded (0ms)
		ExecutionOrderSort2 (0ms)
		AwakeInstancesAfterBackupRestoration (7ms)
Refreshing native plugins compatible for Editor in 4.74 ms, found 3 plugins.
Preloading 0 native plugins for Editor in 0.00 ms.
Unloading 3134 Unused Serialized files (Serialized files now loaded: 0)
Unloading 14 unused Assets / (28.6 KB). Loaded Objects now: 3671.
Memory consumption went from 120.3 MB to 120.2 MB.
Total: 2.309500 ms (FindLiveObjects: 0.184800 ms CreateObjectMapping: 0.099200 ms MarkObjects: 1.994300 ms  DeleteObjects: 0.030400 ms)

Prepare: number of updated asset objects reloaded= 0
AssetImportParameters requested are different than current active one (requested -> active):
  custom:scripting/monoscript/fileName/CFX_Demo_With_UIParticle.cs: 226f2c5431a3281109d962f41860d8fa -> 
  custom:scripting/monoscript/fileName/SpriteExtensions.cs: d15fc44627372ae38565323b74d7ae12 -> 
  custom:container-demuxer-ogg: 62fdf1f143b41e24485cea50d1cbac27 -> 
  custom:scripting/monoscript/fileName/UIParticle_PerformanceDemo.cs: 4f06c4b31cfbc934f9c8a4cffb890ea0 -> 
  custom:scripting/monoscript/fileName/UIParticleProjectSettings.cs: e67134131661b9872564981966bfc127 -> 
  custom:scripting/monoscript/fileName/UIParticle.cs: 2325898c5f7e7032e1304a953772e3db -> 
  custom:scripting/monoscript/fileName/Vector3Extensions.cs: d2785b660e92dd53626ae8ab3f74eb90 -> 
  custom:video-codec-MediaFoundation-h265: 746d11721c4dcdbdad8f713fa42b33f4 -> 
  custom:scripting/monoscript/fileName/UIExtraCallbacks.cs: 3d3413dbcd53c71899d73ab53a15ba37 -> 
  custom:video-decoder-ogg-theora: a1e56fd34408186e4bbccfd4996cb3dc -> 
  custom:scripting/monoscript/fileName/AnimatableProperty.cs: f35dc87c3f2df1477c8a408b8fbe37b5 -> 
  custom:scripting/monoscript/fileName/AnimatablePropertyEditor.cs: 1d03953670d8e406357019b192662737 -> 
  custom:scripting/monoscript/fileName/UIParticleMenu.cs: a4859bf31ac3affa2499cb7d11d0a844 -> 
  custom:framework-win-MediaFoundation: 216162199b28c13a410421893ffa2e32 -> 
  custom:scripting/monoscript/fileName/CanvasExtensions.cs: dd125fe003e3c2c37c4a99dbb0078950 -> 
  custom:scripting/monoscript/fileName/ComponentExtensions.cs: fb5af0f40f5d66304cb9361270b05072 -> 
  custom:scripting/monoscript/fileName/Logging.cs: 5f2ed8485a56b4e9e53aa65cdef27b10 -> 
  custom:CustomObjectIndexerAttribute: 9a22284fe3817be447336de3de66b15e -> 
  custom:container-demuxer-webm: 4f35f7cbe854078d1ac9338744f61a02 -> 
  custom:scripting/monoscript/fileName/FastAction.cs: 60eb5b7e04daf339f61dca5fd934100f -> dfbe75b66b645b53472915ad2590af11
  custom:scripting/monoscript/fileName/FrameCache.cs: 3dcf885da94f12c1b606c497e398faf9 -> 
  custom:scripting/monoscript/fileName/UIParticleEditor.cs: b6bdab8e4a72b4216e3f0c8f8ed45e99 -> 
  custom:container-muxer-webm: aa71ff27fc2769a1b78a27578f13a17b -> 
  custom:scripting/monoscript/fileName/ObjectRepository.cs: 0cdf409b5aa8d4c25876d72b5c6a3b60 -> 
  custom:scripting/monoscript/fileName/ObjectPool.cs: 0cdf409b5aa8d4c25876d72b5c6a3b60 -> 
  custom:video-decoder-webm-vp8: 9c59270c3fd7afecdb556c50c9e8de78 -> 
  custom:SearchIndexIgnoredProperties: e643bd26f0fe6173181afceb89e7c659 -> 
  custom:AudioImporter_EditorPlatform: d09bf68614088b80899f8185d706f6e7 -> 
  custom:scripting/monoscript/fileName/UIParticleAttractor.cs: 56646a28f8018ce8d626b6a0b28e5c77 -> 
  custom:scripting/monoscript/fileName/Color32Extensions.cs: 957a68f3e8b649a9394b51c6910ca65a -> 
  custom:scripting/monoscript/fileName/UIParticleRenderer.cs: e7d82b34b2b52af3ee36bf0e1f32e85d -> 
  custom:scripting/monoscript/fileName/UIParticleUpdater.cs: 64d938919628a112a7e9c9345f1ccb18 -> 
  custom:scripting/monoscript/fileName/NewTestScript.cs: 2eb4416447678e2004e156bd89cd8cbd -> 
  custom:scripting/monoscript/fileName/ParticleSystemExtensions.cs: a9d6841fd486ede512f2bde88014253e -> 
  custom:video-encoder-webm-vp8: eb34c28f22e8b96e1ab97ce403110664 -> 
  custom:audio-decoder-ogg-vorbis: bf7c407c2cedff20999df2af8eb42d56 -> 
  custom:scripting/monoscript/fileName/Misc.cs: 246d9d5aaf21070630ef885fe1125ea2 -> 7ed2e50827551a4e78c69f183dffa2c9
  custom:audio-encoder-webm-vorbis: bf7c407c2cedff20999df2af8eb42d56 -> 
  custom:scripting/monoscript/fileName/MaterialRepository.cs: 128c5f079d59296a900349dfa10fb5ae -> 
  custom:scripting/precompiled-assembly-types:Assembly-CSharp: c88df4af88c4416a62f00ea26b04e390 -> 72abcff13cd1eb93c15151ed6ddf2d35
========================================================================
Received Prepare
Caller must complete domain reload
Begin MonoManager ReloadAssembly
- Loaded All Assemblies, in  0.564 seconds
Native extension for WindowsStandalone target not found
Mono: successfully reloaded assembly
- Finished resetting the current domain, in  1.205 seconds
Domain Reload Profiling: 1765ms
	BeginReloadAssembly (149ms)
		ExecutionOrderSort (0ms)
		DisableScriptedObjects (5ms)
		BackupInstance (0ms)
		ReleaseScriptingObjects (0ms)
		CreateAndSetChildDomain (29ms)
	RebuildCommonClasses (42ms)
	RebuildNativeTypeToScriptingClass (14ms)
	initialDomainReloadingComplete (35ms)
	LoadAllAssembliesAndSetupDomain (320ms)
		LoadAssemblies (366ms)
		RebuildTransferFunctionScriptingTraits (0ms)
		AnalyzeDomain (35ms)
			TypeCache.Refresh (14ms)
				TypeCache.ScanAssembly (1ms)
			ScanForSourceGeneratedMonoScriptInfo (11ms)
			ResolveRequiredComponents (8ms)
	FinalizeReload (1206ms)
		ReleaseScriptCaches (0ms)
		RebuildScriptCaches (0ms)
		SetupLoadedEditorAssemblies (535ms)
			LogAssemblyErrors (0ms)
			InitializePlatformSupportModulesInManaged (9ms)
			SetLoadedEditorAssemblies (5ms)
			RefreshPlugins (0ms)
			BeforeProcessingInitializeOnLoad (108ms)
			ProcessInitializeOnLoadAttributes (378ms)
			ProcessInitializeOnLoadMethodAttributes (26ms)
			AfterProcessingInitializeOnLoad (9ms)
			EditorAssembliesLoaded (0ms)
		ExecutionOrderSort2 (0ms)
		AwakeInstancesAfterBackupRestoration (6ms)
Refreshing native plugins compatible for Editor in 3.81 ms, found 3 plugins.
Preloading 0 native plugins for Editor in 0.00 ms.
Unloading 3135 Unused Serialized files (Serialized files now loaded: 0)
Unloading 14 unused Assets / (28.5 KB). Loaded Objects now: 3675.
Memory consumption went from 120.3 MB to 120.3 MB.
Total: 2.425200 ms (FindLiveObjects: 0.204100 ms CreateObjectMapping: 0.109900 ms MarkObjects: 2.076700 ms  DeleteObjects: 0.033200 ms)

Prepare: number of updated asset objects reloaded= 0
AssetImportParameters requested are different than current active one (requested -> active):
  custom:scripting/monoscript/fileName/CFX_Demo_With_UIParticle.cs: 226f2c5431a3281109d962f41860d8fa -> 
  custom:scripting/monoscript/fileName/SpriteExtensions.cs: d15fc44627372ae38565323b74d7ae12 -> 
  custom:container-demuxer-ogg: 62fdf1f143b41e24485cea50d1cbac27 -> 
  custom:scripting/monoscript/fileName/UIParticle_PerformanceDemo.cs: 4f06c4b31cfbc934f9c8a4cffb890ea0 -> 
  custom:scripting/monoscript/fileName/UIParticleProjectSettings.cs: e67134131661b9872564981966bfc127 -> 
  custom:scripting/monoscript/fileName/UIParticle.cs: 2325898c5f7e7032e1304a953772e3db -> 
  custom:scripting/monoscript/fileName/Vector3Extensions.cs: d2785b660e92dd53626ae8ab3f74eb90 -> 
  custom:video-codec-MediaFoundation-h265: 746d11721c4dcdbdad8f713fa42b33f4 -> 
  custom:scripting/monoscript/fileName/UIExtraCallbacks.cs: 3d3413dbcd53c71899d73ab53a15ba37 -> 
  custom:video-decoder-ogg-theora: a1e56fd34408186e4bbccfd4996cb3dc -> 
  custom:scripting/monoscript/fileName/AnimatableProperty.cs: f35dc87c3f2df1477c8a408b8fbe37b5 -> 
  custom:scripting/monoscript/fileName/AnimatablePropertyEditor.cs: 1d03953670d8e406357019b192662737 -> 
  custom:scripting/monoscript/fileName/UIParticleMenu.cs: a4859bf31ac3affa2499cb7d11d0a844 -> 
  custom:framework-win-MediaFoundation: 216162199b28c13a410421893ffa2e32 -> 
  custom:scripting/monoscript/fileName/CanvasExtensions.cs: dd125fe003e3c2c37c4a99dbb0078950 -> 
  custom:scripting/monoscript/fileName/ComponentExtensions.cs: fb5af0f40f5d66304cb9361270b05072 -> 
  custom:scripting/monoscript/fileName/Logging.cs: 5f2ed8485a56b4e9e53aa65cdef27b10 -> 
  custom:CustomObjectIndexerAttribute: 9a22284fe3817be447336de3de66b15e -> 
  custom:container-demuxer-webm: 4f35f7cbe854078d1ac9338744f61a02 -> 
  custom:scripting/monoscript/fileName/FastAction.cs: 60eb5b7e04daf339f61dca5fd934100f -> dfbe75b66b645b53472915ad2590af11
  custom:scripting/monoscript/fileName/FrameCache.cs: 3dcf885da94f12c1b606c497e398faf9 -> 
  custom:scripting/monoscript/fileName/UIParticleEditor.cs: b6bdab8e4a72b4216e3f0c8f8ed45e99 -> 
  custom:container-muxer-webm: aa71ff27fc2769a1b78a27578f13a17b -> 
  custom:scripting/monoscript/fileName/ObjectRepository.cs: 0cdf409b5aa8d4c25876d72b5c6a3b60 -> 
  custom:scripting/monoscript/fileName/ObjectPool.cs: 0cdf409b5aa8d4c25876d72b5c6a3b60 -> 
  custom:video-decoder-webm-vp8: 9c59270c3fd7afecdb556c50c9e8de78 -> 
  custom:SearchIndexIgnoredProperties: e643bd26f0fe6173181afceb89e7c659 -> 
  custom:scripting/monoscript/fileName/CardPack.cs: c1b5d49f961e6852a391ca0d8a17b35b -> 
  custom:AudioImporter_EditorPlatform: d09bf68614088b80899f8185d706f6e7 -> 
  custom:scripting/monoscript/fileName/UIParticleAttractor.cs: 56646a28f8018ce8d626b6a0b28e5c77 -> 
  custom:scripting/monoscript/fileName/Color32Extensions.cs: 957a68f3e8b649a9394b51c6910ca65a -> 
  custom:scripting/monoscript/fileName/UIParticleRenderer.cs: e7d82b34b2b52af3ee36bf0e1f32e85d -> 
  custom:scripting/monoscript/fileName/UIParticleUpdater.cs: 64d938919628a112a7e9c9345f1ccb18 -> 
  custom:scripting/monoscript/fileName/NewTestScript.cs: 2eb4416447678e2004e156bd89cd8cbd -> 
  custom:scripting/monoscript/fileName/ParticleSystemExtensions.cs: a9d6841fd486ede512f2bde88014253e -> 
  custom:video-encoder-webm-vp8: eb34c28f22e8b96e1ab97ce403110664 -> 
  custom:audio-decoder-ogg-vorbis: bf7c407c2cedff20999df2af8eb42d56 -> 
  custom:scripting/monoscript/fileName/Misc.cs: 246d9d5aaf21070630ef885fe1125ea2 -> 7ed2e50827551a4e78c69f183dffa2c9
  custom:audio-encoder-webm-vorbis: bf7c407c2cedff20999df2af8eb42d56 -> 
  custom:scripting/monoscript/fileName/MaterialRepository.cs: 128c5f079d59296a900349dfa10fb5ae -> 
  custom:scripting/precompiled-assembly-types:Assembly-CSharp: 7a7db14e0dcc0373867c96156ef8a4f6 -> 72abcff13cd1eb93c15151ed6ddf2d35
========================================================================
Received Prepare
Caller must complete domain reload
Begin MonoManager ReloadAssembly
- Loaded All Assemblies, in  0.465 seconds
Native extension for WindowsStandalone target not found
Mono: successfully reloaded assembly
- Finished resetting the current domain, in  0.977 seconds
Domain Reload Profiling: 1438ms
	BeginReloadAssembly (147ms)
		ExecutionOrderSort (0ms)
		DisableScriptedObjects (6ms)
		BackupInstance (0ms)
		ReleaseScriptingObjects (0ms)
		CreateAndSetChildDomain (32ms)
	RebuildCommonClasses (36ms)
	RebuildNativeTypeToScriptingClass (12ms)
	initialDomainReloadingComplete (31ms)
	LoadAllAssembliesAndSetupDomain (235ms)
		LoadAssemblies (291ms)
		RebuildTransferFunctionScriptingTraits (0ms)
		AnalyzeDomain (23ms)
			TypeCache.Refresh (8ms)
				TypeCache.ScanAssembly (1ms)
			ScanForSourceGeneratedMonoScriptInfo (7ms)
			ResolveRequiredComponents (5ms)
	FinalizeReload (977ms)
		ReleaseScriptCaches (0ms)
		RebuildScriptCaches (0ms)
		SetupLoadedEditorAssemblies (476ms)
			LogAssemblyErrors (0ms)
			InitializePlatformSupportModulesInManaged (8ms)
			SetLoadedEditorAssemblies (6ms)
			RefreshPlugins (0ms)
			BeforeProcessingInitializeOnLoad (96ms)
			ProcessInitializeOnLoadAttributes (335ms)
			ProcessInitializeOnLoadMethodAttributes (23ms)
			AfterProcessingInitializeOnLoad (7ms)
			EditorAssembliesLoaded (0ms)
		ExecutionOrderSort2 (0ms)
		AwakeInstancesAfterBackupRestoration (6ms)
Refreshing native plugins compatible for Editor in 3.50 ms, found 3 plugins.
Preloading 0 native plugins for Editor in 0.00 ms.
Unloading 3135 Unused Serialized files (Serialized files now loaded: 0)
Unloading 14 unused Assets / (28.6 KB). Loaded Objects now: 3678.
Memory consumption went from 120.3 MB to 120.3 MB.
Total: 2.103900 ms (FindLiveObjects: 0.190100 ms CreateObjectMapping: 0.099500 ms MarkObjects: 1.785200 ms  DeleteObjects: 0.028400 ms)

Prepare: number of updated asset objects reloaded= 0
AssetImportParameters requested are different than current active one (requested -> active):
  custom:scripting/monoscript/fileName/CFX_Demo_With_UIParticle.cs: 226f2c5431a3281109d962f41860d8fa -> 
  custom:scripting/monoscript/fileName/SpriteExtensions.cs: d15fc44627372ae38565323b74d7ae12 -> 
  custom:container-demuxer-ogg: 62fdf1f143b41e24485cea50d1cbac27 -> 
  custom:scripting/monoscript/fileName/UIParticle_PerformanceDemo.cs: 4f06c4b31cfbc934f9c8a4cffb890ea0 -> 
  custom:scripting/monoscript/fileName/UIParticleProjectSettings.cs: e67134131661b9872564981966bfc127 -> 
  custom:scripting/monoscript/fileName/UIParticle.cs: 2325898c5f7e7032e1304a953772e3db -> 
  custom:scripting/monoscript/fileName/Vector3Extensions.cs: d2785b660e92dd53626ae8ab3f74eb90 -> 
  custom:video-codec-MediaFoundation-h265: 746d11721c4dcdbdad8f713fa42b33f4 -> 
  custom:scripting/monoscript/fileName/UIExtraCallbacks.cs: 3d3413dbcd53c71899d73ab53a15ba37 -> 
  custom:video-decoder-ogg-theora: a1e56fd34408186e4bbccfd4996cb3dc -> 
  custom:scripting/monoscript/fileName/AnimatableProperty.cs: f35dc87c3f2df1477c8a408b8fbe37b5 -> 
  custom:scripting/monoscript/fileName/AnimatablePropertyEditor.cs: 1d03953670d8e406357019b192662737 -> 
  custom:scripting/monoscript/fileName/UIParticleMenu.cs: a4859bf31ac3affa2499cb7d11d0a844 -> 
  custom:framework-win-MediaFoundation: 216162199b28c13a410421893ffa2e32 -> 
  custom:scripting/monoscript/fileName/CanvasExtensions.cs: dd125fe003e3c2c37c4a99dbb0078950 -> 
  custom:scripting/monoscript/fileName/ComponentExtensions.cs: fb5af0f40f5d66304cb9361270b05072 -> 
  custom:scripting/monoscript/fileName/Logging.cs: 5f2ed8485a56b4e9e53aa65cdef27b10 -> 
  custom:CustomObjectIndexerAttribute: 9a22284fe3817be447336de3de66b15e -> 
  custom:container-demuxer-webm: 4f35f7cbe854078d1ac9338744f61a02 -> 
  custom:scripting/monoscript/fileName/FastAction.cs: 60eb5b7e04daf339f61dca5fd934100f -> dfbe75b66b645b53472915ad2590af11
  custom:scripting/monoscript/fileName/FrameCache.cs: 3dcf885da94f12c1b606c497e398faf9 -> 
  custom:scripting/monoscript/fileName/UIParticleEditor.cs: b6bdab8e4a72b4216e3f0c8f8ed45e99 -> 
  custom:container-muxer-webm: aa71ff27fc2769a1b78a27578f13a17b -> 
  custom:scripting/monoscript/fileName/ObjectRepository.cs: 0cdf409b5aa8d4c25876d72b5c6a3b60 -> 
  custom:scripting/monoscript/fileName/ObjectPool.cs: 0cdf409b5aa8d4c25876d72b5c6a3b60 -> 
  custom:video-decoder-webm-vp8: 9c59270c3fd7afecdb556c50c9e8de78 -> 
  custom:SearchIndexIgnoredProperties: e643bd26f0fe6173181afceb89e7c659 -> 
  custom:scripting/monoscript/fileName/CardPack.cs: c1b5d49f961e6852a391ca0d8a17b35b -> 
  custom:AudioImporter_EditorPlatform: d09bf68614088b80899f8185d706f6e7 -> 
  custom:scripting/monoscript/fileName/UIParticleAttractor.cs: 56646a28f8018ce8d626b6a0b28e5c77 -> 
  custom:scripting/monoscript/fileName/Color32Extensions.cs: 957a68f3e8b649a9394b51c6910ca65a -> 
  custom:scripting/monoscript/fileName/UIParticleRenderer.cs: e7d82b34b2b52af3ee36bf0e1f32e85d -> 
  custom:scripting/monoscript/fileName/UIParticleUpdater.cs: 64d938919628a112a7e9c9345f1ccb18 -> 
  custom:scripting/monoscript/fileName/NewTestScript.cs: 2eb4416447678e2004e156bd89cd8cbd -> 
  custom:scripting/monoscript/fileName/ParticleSystemExtensions.cs: a9d6841fd486ede512f2bde88014253e -> 
  custom:video-encoder-webm-vp8: eb34c28f22e8b96e1ab97ce403110664 -> 
  custom:audio-decoder-ogg-vorbis: bf7c407c2cedff20999df2af8eb42d56 -> 
  custom:scripting/monoscript/fileName/Misc.cs: 246d9d5aaf21070630ef885fe1125ea2 -> 7ed2e50827551a4e78c69f183dffa2c9
  custom:audio-encoder-webm-vorbis: bf7c407c2cedff20999df2af8eb42d56 -> 
  custom:scripting/monoscript/fileName/MaterialRepository.cs: 128c5f079d59296a900349dfa10fb5ae -> 
  custom:scripting/precompiled-assembly-types:Assembly-CSharp: e39fd18ca0bed8fd7945fb9eec5095e0 -> 72abcff13cd1eb93c15151ed6ddf2d35
========================================================================
Received Import Request.
  Time since last request: 445504.346125 seconds.
  path: Assets/Resources/Prefabs/Card Animation.prefab
  artifactKey: Guid(92f6b47bb3ebb1641a3ba551ccd5d544) Importer(815301076,1909f56bfc062723c751e8b465ee728b)
Start importing Assets/Resources/Prefabs/Card Animation.prefab using Guid(92f6b47bb3ebb1641a3ba551ccd5d544) Importer(815301076,1909f56bfc062723c751e8b465ee728b) [PhysX] Initialized MultithreadedTaskDispatcher with 12 workers.
 -> (artifact id: 'da7847805423f0dd79431e483ed84267') in 0.209203 seconds
Number of updated asset objects reloaded before import = 0
Number of asset objects unloaded after import = 38
========================================================================
Received Import Request.
  Time since last request: 0.000031 seconds.
  path: Assets/Resources/Prefabs/Card Pack.prefab
  artifactKey: Guid(3ba66cc9855c27745ab902b5f7fd2208) Importer(815301076,1909f56bfc062723c751e8b465ee728b)
Start importing Assets/Resources/Prefabs/Card Pack.prefab using Guid(3ba66cc9855c27745ab902b5f7fd2208) Importer(815301076,1909f56bfc062723c751e8b465ee728b) [PhysX] Initialized MultithreadedTaskDispatcher with 12 workers.
 -> (artifact id: '0cd2e8a369940429d091966c1b75128a') in 0.025177 seconds
Number of updated asset objects reloaded before import = 0
Number of asset objects unloaded after import = 29
========================================================================
Received Prepare
Caller must complete domain reload
Begin MonoManager ReloadAssembly
- Loaded All Assemblies, in  0.485 seconds
Native extension for WindowsStandalone target not found
Mono: successfully reloaded assembly
- Finished resetting the current domain, in  1.049 seconds
Domain Reload Profiling: 1532ms
	BeginReloadAssembly (152ms)
		ExecutionOrderSort (0ms)
		DisableScriptedObjects (6ms)
		BackupInstance (0ms)
		ReleaseScriptingObjects (0ms)
		CreateAndSetChildDomain (30ms)
	RebuildCommonClasses (34ms)
	RebuildNativeTypeToScriptingClass (14ms)
	initialDomainReloadingComplete (31ms)
	LoadAllAssembliesAndSetupDomain (252ms)
		LoadAssemblies (319ms)
		RebuildTransferFunctionScriptingTraits (0ms)
		AnalyzeDomain (16ms)
			TypeCache.Refresh (6ms)
				TypeCache.ScanAssembly (0ms)
			ScanForSourceGeneratedMonoScriptInfo (0ms)
			ResolveRequiredComponents (6ms)
	FinalizeReload (1050ms)
		ReleaseScriptCaches (0ms)
		RebuildScriptCaches (0ms)
		SetupLoadedEditorAssemblies (522ms)
			LogAssemblyErrors (0ms)
			InitializePlatformSupportModulesInManaged (8ms)
			SetLoadedEditorAssemblies (5ms)
			RefreshPlugins (0ms)
			BeforeProcessingInitializeOnLoad (107ms)
			ProcessInitializeOnLoadAttributes (368ms)
			ProcessInitializeOnLoadMethodAttributes (25ms)
			AfterProcessingInitializeOnLoad (8ms)
			EditorAssembliesLoaded (0ms)
		ExecutionOrderSort2 (0ms)
		AwakeInstancesAfterBackupRestoration (8ms)
Refreshing native plugins compatible for Editor in 3.99 ms, found 3 plugins.
Preloading 0 native plugins for Editor in 0.00 ms.
Unloading 3134 Unused Serialized files (Serialized files now loaded: 0)
Unloading 14 unused Assets / (28.6 KB). Loaded Objects now: 3682.
Memory consumption went from 120.1 MB to 120.0 MB.
Total: 3.305700 ms (FindLiveObjects: 0.231700 ms CreateObjectMapping: 0.142600 ms MarkObjects: 2.865200 ms  DeleteObjects: 0.065200 ms)

Prepare: number of updated asset objects reloaded= 0
AssetImportParameters requested are different than current active one (requested -> active):
  custom:scripting/monoscript/fileName/CFX_Demo_With_UIParticle.cs: 226f2c5431a3281109d962f41860d8fa -> 
  custom:scripting/monoscript/fileName/SpriteExtensions.cs: d15fc44627372ae38565323b74d7ae12 -> 
  custom:container-demuxer-ogg: 62fdf1f143b41e24485cea50d1cbac27 -> 
  custom:scripting/monoscript/fileName/UIParticle_PerformanceDemo.cs: 4f06c4b31cfbc934f9c8a4cffb890ea0 -> 
  custom:scripting/monoscript/fileName/UIParticleProjectSettings.cs: e67134131661b9872564981966bfc127 -> 
  custom:scripting/monoscript/fileName/UIParticle.cs: 2325898c5f7e7032e1304a953772e3db -> 
  custom:scripting/monoscript/fileName/Vector3Extensions.cs: d2785b660e92dd53626ae8ab3f74eb90 -> 
  custom:video-codec-MediaFoundation-h265: 746d11721c4dcdbdad8f713fa42b33f4 -> 
  custom:scripting/monoscript/fileName/UIExtraCallbacks.cs: 3d3413dbcd53c71899d73ab53a15ba37 -> 
  custom:video-decoder-ogg-theora: a1e56fd34408186e4bbccfd4996cb3dc -> 
  custom:scripting/monoscript/fileName/AnimatableProperty.cs: f35dc87c3f2df1477c8a408b8fbe37b5 -> 
  custom:scripting/monoscript/fileName/AnimatablePropertyEditor.cs: 1d03953670d8e406357019b192662737 -> 
  custom:scripting/monoscript/fileName/UIParticleMenu.cs: a4859bf31ac3affa2499cb7d11d0a844 -> 
  custom:framework-win-MediaFoundation: 216162199b28c13a410421893ffa2e32 -> 
  custom:scripting/monoscript/fileName/CanvasExtensions.cs: dd125fe003e3c2c37c4a99dbb0078950 -> 
  custom:scripting/monoscript/fileName/ComponentExtensions.cs: fb5af0f40f5d66304cb9361270b05072 -> 
  custom:scripting/monoscript/fileName/Logging.cs: 5f2ed8485a56b4e9e53aa65cdef27b10 -> 
  custom:CustomObjectIndexerAttribute: 9a22284fe3817be447336de3de66b15e -> 
  custom:container-demuxer-webm: 4f35f7cbe854078d1ac9338744f61a02 -> 
  custom:scripting/monoscript/fileName/FastAction.cs: 60eb5b7e04daf339f61dca5fd934100f -> dfbe75b66b645b53472915ad2590af11
  custom:scripting/monoscript/fileName/FrameCache.cs: 3dcf885da94f12c1b606c497e398faf9 -> 
  custom:scripting/monoscript/fileName/UIParticleEditor.cs: b6bdab8e4a72b4216e3f0c8f8ed45e99 -> 
  custom:container-muxer-webm: aa71ff27fc2769a1b78a27578f13a17b -> 
  custom:scripting/monoscript/fileName/ObjectRepository.cs: 0cdf409b5aa8d4c25876d72b5c6a3b60 -> 
  custom:scripting/monoscript/fileName/ObjectPool.cs: 0cdf409b5aa8d4c25876d72b5c6a3b60 -> 
  custom:video-decoder-webm-vp8: 9c59270c3fd7afecdb556c50c9e8de78 -> 
  custom:SearchIndexIgnoredProperties: e643bd26f0fe6173181afceb89e7c659 -> 
  custom:scripting/monoscript/fileName/CardPack.cs: c1b5d49f961e6852a391ca0d8a17b35b -> 
  custom:AudioImporter_EditorPlatform: d09bf68614088b80899f8185d706f6e7 -> 
  custom:scripting/monoscript/fileName/UIParticleAttractor.cs: 56646a28f8018ce8d626b6a0b28e5c77 -> 
  custom:scripting/monoscript/fileName/Color32Extensions.cs: 957a68f3e8b649a9394b51c6910ca65a -> 
  custom:scripting/monoscript/fileName/UIParticleRenderer.cs: e7d82b34b2b52af3ee36bf0e1f32e85d -> 
  custom:scripting/monoscript/fileName/UIParticleUpdater.cs: 64d938919628a112a7e9c9345f1ccb18 -> 
  custom:scripting/monoscript/fileName/NewTestScript.cs: 2eb4416447678e2004e156bd89cd8cbd -> 
  custom:scripting/monoscript/fileName/ParticleSystemExtensions.cs: a9d6841fd486ede512f2bde88014253e -> 
  custom:video-encoder-webm-vp8: eb34c28f22e8b96e1ab97ce403110664 -> 
  custom:audio-decoder-ogg-vorbis: bf7c407c2cedff20999df2af8eb42d56 -> 
  custom:scripting/monoscript/fileName/Misc.cs: 246d9d5aaf21070630ef885fe1125ea2 -> 7ed2e50827551a4e78c69f183dffa2c9
  custom:audio-encoder-webm-vorbis: bf7c407c2cedff20999df2af8eb42d56 -> 
  custom:scripting/monoscript/fileName/MaterialRepository.cs: 128c5f079d59296a900349dfa10fb5ae -> 
  custom:scripting/precompiled-assembly-types:Assembly-CSharp: e39fd18ca0bed8fd7945fb9eec5095e0 -> 72abcff13cd1eb93c15151ed6ddf2d35
========================================================================
Received Prepare
Caller must complete domain reload
Begin MonoManager ReloadAssembly
- Loaded All Assemblies, in  0.455 seconds
Native extension for WindowsStandalone target not found
Mono: successfully reloaded assembly
- Finished resetting the current domain, in  0.987 seconds
Domain Reload Profiling: 1440ms
	BeginReloadAssembly (146ms)
		ExecutionOrderSort (0ms)
		DisableScriptedObjects (6ms)
		BackupInstance (0ms)
		ReleaseScriptingObjects (0ms)
		CreateAndSetChildDomain (28ms)
	RebuildCommonClasses (33ms)
	RebuildNativeTypeToScriptingClass (11ms)
	initialDomainReloadingComplete (31ms)
	LoadAllAssembliesAndSetupDomain (230ms)
		LoadAssemblies (298ms)
		RebuildTransferFunctionScriptingTraits (0ms)
		AnalyzeDomain (13ms)
			TypeCache.Refresh (6ms)
				TypeCache.ScanAssembly (0ms)
			ScanForSourceGeneratedMonoScriptInfo (0ms)
			ResolveRequiredComponents (6ms)
	FinalizeReload (987ms)
		ReleaseScriptCaches (0ms)
		RebuildScriptCaches (0ms)
		SetupLoadedEditorAssemblies (479ms)
			LogAssemblyErrors (0ms)
			InitializePlatformSupportModulesInManaged (7ms)
			SetLoadedEditorAssemblies (6ms)
			RefreshPlugins (0ms)
			BeforeProcessingInitializeOnLoad (97ms)
			ProcessInitializeOnLoadAttributes (338ms)
			ProcessInitializeOnLoadMethodAttributes (23ms)
			AfterProcessingInitializeOnLoad (7ms)
			EditorAssembliesLoaded (0ms)
		ExecutionOrderSort2 (0ms)
		AwakeInstancesAfterBackupRestoration (7ms)
Refreshing native plugins compatible for Editor in 3.93 ms, found 3 plugins.
Preloading 0 native plugins for Editor in 0.00 ms.
Unloading 3135 Unused Serialized files (Serialized files now loaded: 0)
Unloading 14 unused Assets / (28.6 KB). Loaded Objects now: 3685.
Memory consumption went from 120.3 MB to 120.3 MB.
Total: 3.156000 ms (FindLiveObjects: 0.195700 ms CreateObjectMapping: 0.230200 ms MarkObjects: 2.693600 ms  DeleteObjects: 0.035500 ms)

Prepare: number of updated asset objects reloaded= 0
AssetImportParameters requested are different than current active one (requested -> active):
  custom:scripting/monoscript/fileName/CFX_Demo_With_UIParticle.cs: 226f2c5431a3281109d962f41860d8fa -> 
  custom:scripting/monoscript/fileName/SpriteExtensions.cs: d15fc44627372ae38565323b74d7ae12 -> 
  custom:container-demuxer-ogg: 62fdf1f143b41e24485cea50d1cbac27 -> 
  custom:scripting/monoscript/fileName/UIParticle_PerformanceDemo.cs: 4f06c4b31cfbc934f9c8a4cffb890ea0 -> 
  custom:scripting/monoscript/fileName/UIParticleProjectSettings.cs: e67134131661b9872564981966bfc127 -> 
  custom:scripting/monoscript/fileName/UIParticle.cs: 2325898c5f7e7032e1304a953772e3db -> 
  custom:scripting/monoscript/fileName/Vector3Extensions.cs: d2785b660e92dd53626ae8ab3f74eb90 -> 
  custom:video-codec-MediaFoundation-h265: 746d11721c4dcdbdad8f713fa42b33f4 -> 
  custom:scripting/monoscript/fileName/UIExtraCallbacks.cs: 3d3413dbcd53c71899d73ab53a15ba37 -> 
  custom:video-decoder-ogg-theora: a1e56fd34408186e4bbccfd4996cb3dc -> 
  custom:scripting/monoscript/fileName/AnimatableProperty.cs: f35dc87c3f2df1477c8a408b8fbe37b5 -> 
  custom:scripting/monoscript/fileName/AnimatablePropertyEditor.cs: 1d03953670d8e406357019b192662737 -> 
  custom:scripting/monoscript/fileName/UIParticleMenu.cs: a4859bf31ac3affa2499cb7d11d0a844 -> 
  custom:framework-win-MediaFoundation: 216162199b28c13a410421893ffa2e32 -> 
  custom:scripting/monoscript/fileName/CanvasExtensions.cs: dd125fe003e3c2c37c4a99dbb0078950 -> 
  custom:scripting/monoscript/fileName/ComponentExtensions.cs: fb5af0f40f5d66304cb9361270b05072 -> 
  custom:scripting/monoscript/fileName/Logging.cs: 5f2ed8485a56b4e9e53aa65cdef27b10 -> 
  custom:CustomObjectIndexerAttribute: 9a22284fe3817be447336de3de66b15e -> 
  custom:container-demuxer-webm: 4f35f7cbe854078d1ac9338744f61a02 -> 
  custom:scripting/monoscript/fileName/FastAction.cs: 60eb5b7e04daf339f61dca5fd934100f -> dfbe75b66b645b53472915ad2590af11
  custom:scripting/monoscript/fileName/FrameCache.cs: 3dcf885da94f12c1b606c497e398faf9 -> 
  custom:scripting/monoscript/fileName/UIParticleEditor.cs: b6bdab8e4a72b4216e3f0c8f8ed45e99 -> 
  custom:container-muxer-webm: aa71ff27fc2769a1b78a27578f13a17b -> 
  custom:scripting/monoscript/fileName/ObjectRepository.cs: 0cdf409b5aa8d4c25876d72b5c6a3b60 -> 
  custom:scripting/monoscript/fileName/ObjectPool.cs: 0cdf409b5aa8d4c25876d72b5c6a3b60 -> 
  custom:video-decoder-webm-vp8: 9c59270c3fd7afecdb556c50c9e8de78 -> 
  custom:SearchIndexIgnoredProperties: e643bd26f0fe6173181afceb89e7c659 -> 
  custom:scripting/monoscript/fileName/CardPack.cs: c1b5d49f961e6852a391ca0d8a17b35b -> 
  custom:AudioImporter_EditorPlatform: d09bf68614088b80899f8185d706f6e7 -> 
  custom:scripting/monoscript/fileName/UIParticleAttractor.cs: 56646a28f8018ce8d626b6a0b28e5c77 -> 
  custom:scripting/monoscript/fileName/Color32Extensions.cs: 957a68f3e8b649a9394b51c6910ca65a -> 
  custom:scripting/monoscript/fileName/UIParticleRenderer.cs: e7d82b34b2b52af3ee36bf0e1f32e85d -> 
  custom:scripting/monoscript/fileName/UIParticleUpdater.cs: 64d938919628a112a7e9c9345f1ccb18 -> 
  custom:scripting/monoscript/fileName/NewTestScript.cs: 2eb4416447678e2004e156bd89cd8cbd -> 
  custom:scripting/monoscript/fileName/ParticleSystemExtensions.cs: a9d6841fd486ede512f2bde88014253e -> 
  custom:video-encoder-webm-vp8: eb34c28f22e8b96e1ab97ce403110664 -> 
  custom:audio-decoder-ogg-vorbis: bf7c407c2cedff20999df2af8eb42d56 -> 
  custom:scripting/monoscript/fileName/Misc.cs: 246d9d5aaf21070630ef885fe1125ea2 -> 7ed2e50827551a4e78c69f183dffa2c9
  custom:audio-encoder-webm-vorbis: bf7c407c2cedff20999df2af8eb42d56 -> 
  custom:scripting/monoscript/fileName/MaterialRepository.cs: 128c5f079d59296a900349dfa10fb5ae -> 
  custom:scripting/precompiled-assembly-types:Assembly-CSharp: e39fd18ca0bed8fd7945fb9eec5095e0 -> 72abcff13cd1eb93c15151ed6ddf2d35
========================================================================
Received Prepare
Caller must complete domain reload
Begin MonoManager ReloadAssembly
- Loaded All Assemblies, in  0.565 seconds
Native extension for WindowsStandalone target not found
Mono: successfully reloaded assembly
- Finished resetting the current domain, in  1.826 seconds
Domain Reload Profiling: 2389ms
	BeginReloadAssembly (159ms)
		ExecutionOrderSort (0ms)
		DisableScriptedObjects (5ms)
		BackupInstance (0ms)
		ReleaseScriptingObjects (0ms)
		CreateAndSetChildDomain (29ms)
	RebuildCommonClasses (38ms)
	RebuildNativeTypeToScriptingClass (12ms)
	initialDomainReloadingComplete (33ms)
	LoadAllAssembliesAndSetupDomain (321ms)
		LoadAssemblies (380ms)
		RebuildTransferFunctionScriptingTraits (0ms)
		AnalyzeDomain (33ms)
			TypeCache.Refresh (10ms)
				TypeCache.ScanAssembly (1ms)
			ScanForSourceGeneratedMonoScriptInfo (10ms)
			ResolveRequiredComponents (10ms)
	FinalizeReload (1826ms)
		ReleaseScriptCaches (0ms)
		RebuildScriptCaches (0ms)
		SetupLoadedEditorAssemblies (502ms)
			LogAssemblyErrors (0ms)
			InitializePlatformSupportModulesInManaged (7ms)
			SetLoadedEditorAssemblies (6ms)
			RefreshPlugins (0ms)
			BeforeProcessingInitializeOnLoad (106ms)
			ProcessInitializeOnLoadAttributes (356ms)
			ProcessInitializeOnLoadMethodAttributes (22ms)
			AfterProcessingInitializeOnLoad (6ms)
			EditorAssembliesLoaded (0ms)
		ExecutionOrderSort2 (0ms)
		AwakeInstancesAfterBackupRestoration (6ms)
Refreshing native plugins compatible for Editor in 3.36 ms, found 3 plugins.
Preloading 0 native plugins for Editor in 0.00 ms.
Unloading 3135 Unused Serialized files (Serialized files now loaded: 0)
Unloading 14 unused Assets / (28.5 KB). Loaded Objects now: 3688.
Memory consumption went from 120.3 MB to 120.3 MB.
Total: 2.345200 ms (FindLiveObjects: 0.170800 ms CreateObjectMapping: 0.077400 ms MarkObjects: 2.058000 ms  DeleteObjects: 0.038200 ms)

Prepare: number of updated asset objects reloaded= 0
AssetImportParameters requested are different than current active one (requested -> active):
  custom:scripting/monoscript/fileName/CFX_Demo_With_UIParticle.cs: 226f2c5431a3281109d962f41860d8fa -> 
  custom:scripting/monoscript/fileName/SpriteExtensions.cs: d15fc44627372ae38565323b74d7ae12 -> 
  custom:container-demuxer-ogg: 62fdf1f143b41e24485cea50d1cbac27 -> 
  custom:scripting/monoscript/fileName/UIParticle_PerformanceDemo.cs: 4f06c4b31cfbc934f9c8a4cffb890ea0 -> 
  custom:scripting/monoscript/fileName/UIParticleProjectSettings.cs: e67134131661b9872564981966bfc127 -> 
  custom:scripting/monoscript/fileName/UIParticle.cs: 2325898c5f7e7032e1304a953772e3db -> 
  custom:scripting/monoscript/fileName/Vector3Extensions.cs: d2785b660e92dd53626ae8ab3f74eb90 -> 
  custom:video-codec-MediaFoundation-h265: 746d11721c4dcdbdad8f713fa42b33f4 -> 
  custom:scripting/monoscript/fileName/UIExtraCallbacks.cs: 3d3413dbcd53c71899d73ab53a15ba37 -> 
  custom:video-decoder-ogg-theora: a1e56fd34408186e4bbccfd4996cb3dc -> 
  custom:scripting/monoscript/fileName/AnimatableProperty.cs: f35dc87c3f2df1477c8a408b8fbe37b5 -> 
  custom:scripting/monoscript/fileName/AnimatablePropertyEditor.cs: 1d03953670d8e406357019b192662737 -> 
  custom:scripting/monoscript/fileName/UIParticleMenu.cs: a4859bf31ac3affa2499cb7d11d0a844 -> 
  custom:framework-win-MediaFoundation: 216162199b28c13a410421893ffa2e32 -> 
  custom:scripting/monoscript/fileName/CanvasExtensions.cs: dd125fe003e3c2c37c4a99dbb0078950 -> 
  custom:scripting/monoscript/fileName/ComponentExtensions.cs: fb5af0f40f5d66304cb9361270b05072 -> 
  custom:scripting/monoscript/fileName/Logging.cs: 5f2ed8485a56b4e9e53aa65cdef27b10 -> 
  custom:CustomObjectIndexerAttribute: 9a22284fe3817be447336de3de66b15e -> 
  custom:container-demuxer-webm: 4f35f7cbe854078d1ac9338744f61a02 -> 
  custom:scripting/monoscript/fileName/FastAction.cs: 60eb5b7e04daf339f61dca5fd934100f -> dfbe75b66b645b53472915ad2590af11
  custom:scripting/monoscript/fileName/FrameCache.cs: 3dcf885da94f12c1b606c497e398faf9 -> 
  custom:scripting/monoscript/fileName/UIParticleEditor.cs: b6bdab8e4a72b4216e3f0c8f8ed45e99 -> 
  custom:container-muxer-webm: aa71ff27fc2769a1b78a27578f13a17b -> 
  custom:scripting/monoscript/fileName/ObjectRepository.cs: 0cdf409b5aa8d4c25876d72b5c6a3b60 -> 
  custom:scripting/monoscript/fileName/ObjectPool.cs: 0cdf409b5aa8d4c25876d72b5c6a3b60 -> 
  custom:video-decoder-webm-vp8: 9c59270c3fd7afecdb556c50c9e8de78 -> 
  custom:SearchIndexIgnoredProperties: e643bd26f0fe6173181afceb89e7c659 -> 
  custom:scripting/monoscript/fileName/CardPack.cs: c1b5d49f961e6852a391ca0d8a17b35b -> 
  custom:AudioImporter_EditorPlatform: d09bf68614088b80899f8185d706f6e7 -> 
  custom:scripting/monoscript/fileName/UIParticleAttractor.cs: 56646a28f8018ce8d626b6a0b28e5c77 -> 
  custom:scripting/monoscript/fileName/Color32Extensions.cs: 957a68f3e8b649a9394b51c6910ca65a -> 
  custom:scripting/monoscript/fileName/UIParticleRenderer.cs: e7d82b34b2b52af3ee36bf0e1f32e85d -> 
  custom:scripting/monoscript/fileName/UIParticleUpdater.cs: 64d938919628a112a7e9c9345f1ccb18 -> 
  custom:scripting/monoscript/fileName/NewTestScript.cs: 2eb4416447678e2004e156bd89cd8cbd -> 
  custom:scripting/monoscript/fileName/ParticleSystemExtensions.cs: a9d6841fd486ede512f2bde88014253e -> 
  custom:video-encoder-webm-vp8: eb34c28f22e8b96e1ab97ce403110664 -> 
  custom:audio-decoder-ogg-vorbis: bf7c407c2cedff20999df2af8eb42d56 -> 
  custom:scripting/monoscript/fileName/Misc.cs: 246d9d5aaf21070630ef885fe1125ea2 -> 7ed2e50827551a4e78c69f183dffa2c9
  custom:audio-encoder-webm-vorbis: bf7c407c2cedff20999df2af8eb42d56 -> 
  custom:scripting/monoscript/fileName/MaterialRepository.cs: 128c5f079d59296a900349dfa10fb5ae -> 
  custom:scripting/precompiled-assembly-types:Assembly-CSharp: 07e7dd28600559d92128d86ae33ef984 -> 72abcff13cd1eb93c15151ed6ddf2d35
========================================================================
Received Prepare
Caller must complete domain reload
Begin MonoManager ReloadAssembly
- Loaded All Assemblies, in  0.453 seconds
Native extension for WindowsStandalone target not found
Mono: successfully reloaded assembly
- Finished resetting the current domain, in  0.995 seconds
Domain Reload Profiling: 1445ms
	BeginReloadAssembly (145ms)
		ExecutionOrderSort (0ms)
		DisableScriptedObjects (6ms)
		BackupInstance (0ms)
		ReleaseScriptingObjects (0ms)
		CreateAndSetChildDomain (27ms)
	RebuildCommonClasses (37ms)
	RebuildNativeTypeToScriptingClass (11ms)
	initialDomainReloadingComplete (31ms)
	LoadAllAssembliesAndSetupDomain (225ms)
		LoadAssemblies (292ms)
		RebuildTransferFunctionScriptingTraits (0ms)
		AnalyzeDomain (15ms)
			TypeCache.Refresh (5ms)
				TypeCache.ScanAssembly (0ms)
			ScanForSourceGeneratedMonoScriptInfo (0ms)
			ResolveRequiredComponents (6ms)
	FinalizeReload (996ms)
		ReleaseScriptCaches (0ms)
		RebuildScriptCaches (0ms)
		SetupLoadedEditorAssemblies (491ms)
			LogAssemblyErrors (0ms)
			InitializePlatformSupportModulesInManaged (7ms)
			SetLoadedEditorAssemblies (5ms)
			RefreshPlugins (0ms)
			BeforeProcessingInitializeOnLoad (102ms)
			ProcessInitializeOnLoadAttributes (344ms)
			ProcessInitializeOnLoadMethodAttributes (24ms)
			AfterProcessingInitializeOnLoad (7ms)
			EditorAssembliesLoaded (0ms)
		ExecutionOrderSort2 (0ms)
		AwakeInstancesAfterBackupRestoration (7ms)
Refreshing native plugins compatible for Editor in 4.29 ms, found 3 plugins.
Preloading 0 native plugins for Editor in 0.00 ms.
Unloading 3135 Unused Serialized files (Serialized files now loaded: 0)
Unloading 14 unused Assets / (28.6 KB). Loaded Objects now: 3691.
Memory consumption went from 120.3 MB to 120.3 MB.
Total: 2.197900 ms (FindLiveObjects: 0.174600 ms CreateObjectMapping: 0.088600 ms MarkObjects: 1.902500 ms  DeleteObjects: 0.031200 ms)

Prepare: number of updated asset objects reloaded= 0
AssetImportParameters requested are different than current active one (requested -> active):
  custom:scripting/monoscript/fileName/CFX_Demo_With_UIParticle.cs: 226f2c5431a3281109d962f41860d8fa -> 
  custom:scripting/monoscript/fileName/SpriteExtensions.cs: d15fc44627372ae38565323b74d7ae12 -> 
  custom:container-demuxer-ogg: 62fdf1f143b41e24485cea50d1cbac27 -> 
  custom:scripting/monoscript/fileName/UIParticle_PerformanceDemo.cs: 4f06c4b31cfbc934f9c8a4cffb890ea0 -> 
  custom:scripting/monoscript/fileName/UIParticleProjectSettings.cs: e67134131661b9872564981966bfc127 -> 
  custom:scripting/monoscript/fileName/UIParticle.cs: 2325898c5f7e7032e1304a953772e3db -> 
  custom:scripting/monoscript/fileName/Vector3Extensions.cs: d2785b660e92dd53626ae8ab3f74eb90 -> 
  custom:video-codec-MediaFoundation-h265: 746d11721c4dcdbdad8f713fa42b33f4 -> 
  custom:scripting/monoscript/fileName/UIExtraCallbacks.cs: 3d3413dbcd53c71899d73ab53a15ba37 -> 
  custom:video-decoder-ogg-theora: a1e56fd34408186e4bbccfd4996cb3dc -> 
  custom:scripting/monoscript/fileName/AnimatableProperty.cs: f35dc87c3f2df1477c8a408b8fbe37b5 -> 
  custom:scripting/monoscript/fileName/AnimatablePropertyEditor.cs: 1d03953670d8e406357019b192662737 -> 
  custom:scripting/monoscript/fileName/UIParticleMenu.cs: a4859bf31ac3affa2499cb7d11d0a844 -> 
  custom:framework-win-MediaFoundation: 216162199b28c13a410421893ffa2e32 -> 
  custom:scripting/monoscript/fileName/CanvasExtensions.cs: dd125fe003e3c2c37c4a99dbb0078950 -> 
  custom:scripting/monoscript/fileName/ComponentExtensions.cs: fb5af0f40f5d66304cb9361270b05072 -> 
  custom:scripting/monoscript/fileName/Logging.cs: 5f2ed8485a56b4e9e53aa65cdef27b10 -> 
  custom:CustomObjectIndexerAttribute: 9a22284fe3817be447336de3de66b15e -> 
  custom:container-demuxer-webm: 4f35f7cbe854078d1ac9338744f61a02 -> 
  custom:scripting/monoscript/fileName/FastAction.cs: 60eb5b7e04daf339f61dca5fd934100f -> dfbe75b66b645b53472915ad2590af11
  custom:scripting/monoscript/fileName/FrameCache.cs: 3dcf885da94f12c1b606c497e398faf9 -> 
  custom:scripting/monoscript/fileName/UIParticleEditor.cs: b6bdab8e4a72b4216e3f0c8f8ed45e99 -> 
  custom:container-muxer-webm: aa71ff27fc2769a1b78a27578f13a17b -> 
  custom:scripting/monoscript/fileName/ObjectRepository.cs: 0cdf409b5aa8d4c25876d72b5c6a3b60 -> 
  custom:scripting/monoscript/fileName/ObjectPool.cs: 0cdf409b5aa8d4c25876d72b5c6a3b60 -> 
  custom:video-decoder-webm-vp8: 9c59270c3fd7afecdb556c50c9e8de78 -> 
  custom:SearchIndexIgnoredProperties: e643bd26f0fe6173181afceb89e7c659 -> 
  custom:scripting/monoscript/fileName/CardPack.cs: c1b5d49f961e6852a391ca0d8a17b35b -> 
  custom:AudioImporter_EditorPlatform: d09bf68614088b80899f8185d706f6e7 -> 
  custom:scripting/monoscript/fileName/UIParticleAttractor.cs: 56646a28f8018ce8d626b6a0b28e5c77 -> 
  custom:scripting/monoscript/fileName/Color32Extensions.cs: 957a68f3e8b649a9394b51c6910ca65a -> 
  custom:scripting/monoscript/fileName/UIParticleRenderer.cs: e7d82b34b2b52af3ee36bf0e1f32e85d -> 
  custom:scripting/monoscript/fileName/UIParticleUpdater.cs: 64d938919628a112a7e9c9345f1ccb18 -> 
  custom:scripting/monoscript/fileName/NewTestScript.cs: 2eb4416447678e2004e156bd89cd8cbd -> 
  custom:scripting/monoscript/fileName/ParticleSystemExtensions.cs: a9d6841fd486ede512f2bde88014253e -> 
  custom:video-encoder-webm-vp8: eb34c28f22e8b96e1ab97ce403110664 -> 
  custom:audio-decoder-ogg-vorbis: bf7c407c2cedff20999df2af8eb42d56 -> 
  custom:scripting/monoscript/fileName/Misc.cs: 246d9d5aaf21070630ef885fe1125ea2 -> 7ed2e50827551a4e78c69f183dffa2c9
  custom:audio-encoder-webm-vorbis: bf7c407c2cedff20999df2af8eb42d56 -> 
  custom:scripting/monoscript/fileName/MaterialRepository.cs: 128c5f079d59296a900349dfa10fb5ae -> 
  custom:scripting/precompiled-assembly-types:Assembly-CSharp: 07e7dd28600559d92128d86ae33ef984 -> 72abcff13cd1eb93c15151ed6ddf2d35
========================================================================
Received Prepare
Caller must complete domain reload
Begin MonoManager ReloadAssembly
- Loaded All Assemblies, in  0.482 seconds
Native extension for WindowsStandalone target not found
Mono: successfully reloaded assembly
- Finished resetting the current domain, in  1.007 seconds
Domain Reload Profiling: 1485ms
	BeginReloadAssembly (154ms)
		ExecutionOrderSort (0ms)
		DisableScriptedObjects (6ms)
		BackupInstance (0ms)
		ReleaseScriptingObjects (0ms)
		CreateAndSetChildDomain (31ms)
	RebuildCommonClasses (35ms)
	RebuildNativeTypeToScriptingClass (11ms)
	initialDomainReloadingComplete (31ms)
	LoadAllAssembliesAndSetupDomain (246ms)
		LoadAssemblies (312ms)
		RebuildTransferFunctionScriptingTraits (0ms)
		AnalyzeDomain (21ms)
			TypeCache.Refresh (8ms)
				TypeCache.ScanAssembly (1ms)
			ScanForSourceGeneratedMonoScriptInfo (7ms)
			ResolveRequiredComponents (5ms)
	FinalizeReload (1007ms)
		ReleaseScriptCaches (0ms)
		RebuildScriptCaches (0ms)
		SetupLoadedEditorAssemblies (513ms)
			LogAssemblyErrors (0ms)
			InitializePlatformSupportModulesInManaged (8ms)
			SetLoadedEditorAssemblies (6ms)
			RefreshPlugins (0ms)
			BeforeProcessingInitializeOnLoad (105ms)
			ProcessInitializeOnLoadAttributes (364ms)
			ProcessInitializeOnLoadMethodAttributes (23ms)
			AfterProcessingInitializeOnLoad (8ms)
			EditorAssembliesLoaded (0ms)
		ExecutionOrderSort2 (0ms)
		AwakeInstancesAfterBackupRestoration (7ms)
Refreshing native plugins compatible for Editor in 4.68 ms, found 3 plugins.
Preloading 0 native plugins for Editor in 0.00 ms.
Unloading 3135 Unused Serialized files (Serialized files now loaded: 0)
Unloading 14 unused Assets / (28.7 KB). Loaded Objects now: 3694.
Memory consumption went from 120.3 MB to 120.3 MB.
Total: 2.560700 ms (FindLiveObjects: 0.232500 ms CreateObjectMapping: 0.176400 ms MarkObjects: 2.113100 ms  DeleteObjects: 0.037700 ms)

Prepare: number of updated asset objects reloaded= 0
AssetImportParameters requested are different than current active one (requested -> active):
  custom:scripting/monoscript/fileName/CFX_Demo_With_UIParticle.cs: 226f2c5431a3281109d962f41860d8fa -> 
  custom:scripting/monoscript/fileName/SpriteExtensions.cs: d15fc44627372ae38565323b74d7ae12 -> 
  custom:container-demuxer-ogg: 62fdf1f143b41e24485cea50d1cbac27 -> 
  custom:scripting/monoscript/fileName/UIParticle_PerformanceDemo.cs: 4f06c4b31cfbc934f9c8a4cffb890ea0 -> 
  custom:scripting/monoscript/fileName/UIParticleProjectSettings.cs: e67134131661b9872564981966bfc127 -> 
  custom:scripting/monoscript/fileName/UIParticle.cs: 2325898c5f7e7032e1304a953772e3db -> 
  custom:scripting/monoscript/fileName/Vector3Extensions.cs: d2785b660e92dd53626ae8ab3f74eb90 -> 
  custom:video-codec-MediaFoundation-h265: 746d11721c4dcdbdad8f713fa42b33f4 -> 
  custom:scripting/monoscript/fileName/UIExtraCallbacks.cs: 3d3413dbcd53c71899d73ab53a15ba37 -> 
  custom:video-decoder-ogg-theora: a1e56fd34408186e4bbccfd4996cb3dc -> 
  custom:scripting/monoscript/fileName/AnimatableProperty.cs: f35dc87c3f2df1477c8a408b8fbe37b5 -> 
  custom:scripting/monoscript/fileName/AnimatablePropertyEditor.cs: 1d03953670d8e406357019b192662737 -> 
  custom:scripting/monoscript/fileName/UIParticleMenu.cs: a4859bf31ac3affa2499cb7d11d0a844 -> 
  custom:framework-win-MediaFoundation: 216162199b28c13a410421893ffa2e32 -> 
  custom:scripting/monoscript/fileName/CanvasExtensions.cs: dd125fe003e3c2c37c4a99dbb0078950 -> 
  custom:scripting/monoscript/fileName/ComponentExtensions.cs: fb5af0f40f5d66304cb9361270b05072 -> 
  custom:scripting/monoscript/fileName/Logging.cs: 5f2ed8485a56b4e9e53aa65cdef27b10 -> 
  custom:CustomObjectIndexerAttribute: 9a22284fe3817be447336de3de66b15e -> 
  custom:container-demuxer-webm: 4f35f7cbe854078d1ac9338744f61a02 -> 
  custom:scripting/monoscript/fileName/FastAction.cs: 60eb5b7e04daf339f61dca5fd934100f -> dfbe75b66b645b53472915ad2590af11
  custom:scripting/monoscript/fileName/FrameCache.cs: 3dcf885da94f12c1b606c497e398faf9 -> 
  custom:scripting/monoscript/fileName/UIParticleEditor.cs: b6bdab8e4a72b4216e3f0c8f8ed45e99 -> 
  custom:container-muxer-webm: aa71ff27fc2769a1b78a27578f13a17b -> 
  custom:scripting/monoscript/fileName/ObjectRepository.cs: 0cdf409b5aa8d4c25876d72b5c6a3b60 -> 
  custom:scripting/monoscript/fileName/ObjectPool.cs: 0cdf409b5aa8d4c25876d72b5c6a3b60 -> 
  custom:video-decoder-webm-vp8: 9c59270c3fd7afecdb556c50c9e8de78 -> 
  custom:SearchIndexIgnoredProperties: e643bd26f0fe6173181afceb89e7c659 -> 
  custom:scripting/monoscript/fileName/CardPack.cs: c1b5d49f961e6852a391ca0d8a17b35b -> 
  custom:AudioImporter_EditorPlatform: d09bf68614088b80899f8185d706f6e7 -> 
  custom:scripting/monoscript/fileName/UIParticleAttractor.cs: 56646a28f8018ce8d626b6a0b28e5c77 -> 
  custom:scripting/monoscript/fileName/Color32Extensions.cs: 957a68f3e8b649a9394b51c6910ca65a -> 
  custom:scripting/monoscript/fileName/UIParticleRenderer.cs: e7d82b34b2b52af3ee36bf0e1f32e85d -> 
  custom:scripting/monoscript/fileName/UIParticleUpdater.cs: 64d938919628a112a7e9c9345f1ccb18 -> 
  custom:scripting/monoscript/fileName/NewTestScript.cs: 2eb4416447678e2004e156bd89cd8cbd -> 
  custom:scripting/monoscript/fileName/ParticleSystemExtensions.cs: a9d6841fd486ede512f2bde88014253e -> 
  custom:video-encoder-webm-vp8: eb34c28f22e8b96e1ab97ce403110664 -> 
  custom:audio-decoder-ogg-vorbis: bf7c407c2cedff20999df2af8eb42d56 -> 
  custom:scripting/monoscript/fileName/Misc.cs: 246d9d5aaf21070630ef885fe1125ea2 -> 7ed2e50827551a4e78c69f183dffa2c9
  custom:audio-encoder-webm-vorbis: bf7c407c2cedff20999df2af8eb42d56 -> 
  custom:scripting/monoscript/fileName/MaterialRepository.cs: 128c5f079d59296a900349dfa10fb5ae -> 
  custom:scripting/precompiled-assembly-types:Assembly-CSharp: 07e7dd28600559d92128d86ae33ef984 -> 72abcff13cd1eb93c15151ed6ddf2d35
========================================================================
Received Prepare
Caller must complete domain reload
Begin MonoManager ReloadAssembly
- Loaded All Assemblies, in  0.469 seconds
Native extension for WindowsStandalone target not found
Mono: successfully reloaded assembly
- Finished resetting the current domain, in  1.037 seconds
Domain Reload Profiling: 1503ms
	BeginReloadAssembly (145ms)
		ExecutionOrderSort (0ms)
		DisableScriptedObjects (7ms)
		BackupInstance (0ms)
		ReleaseScriptingObjects (0ms)
		CreateAndSetChildDomain (30ms)
	RebuildCommonClasses (35ms)
	RebuildNativeTypeToScriptingClass (11ms)
	initialDomainReloadingComplete (31ms)
	LoadAllAssembliesAndSetupDomain (244ms)
		LoadAssemblies (308ms)
		RebuildTransferFunctionScriptingTraits (0ms)
		AnalyzeDomain (13ms)
			TypeCache.Refresh (6ms)
				TypeCache.ScanAssembly (0ms)
			ScanForSourceGeneratedMonoScriptInfo (0ms)
			ResolveRequiredComponents (5ms)
	FinalizeReload (1038ms)
		ReleaseScriptCaches (0ms)
		RebuildScriptCaches (0ms)
		SetupLoadedEditorAssemblies (506ms)
			LogAssemblyErrors (0ms)
			InitializePlatformSupportModulesInManaged (8ms)
			SetLoadedEditorAssemblies (6ms)
			RefreshPlugins (0ms)
			BeforeProcessingInitializeOnLoad (100ms)
			ProcessInitializeOnLoadAttributes (358ms)
			ProcessInitializeOnLoadMethodAttributes (25ms)
			AfterProcessingInitializeOnLoad (9ms)
			EditorAssembliesLoaded (0ms)
		ExecutionOrderSort2 (0ms)
		AwakeInstancesAfterBackupRestoration (6ms)
Refreshing native plugins compatible for Editor in 4.15 ms, found 3 plugins.
Preloading 0 native plugins for Editor in 0.00 ms.
Unloading 3135 Unused Serialized files (Serialized files now loaded: 0)
Unloading 14 unused Assets / (28.6 KB). Loaded Objects now: 3697.
Memory consumption went from 120.3 MB to 120.3 MB.
Total: 3.109400 ms (FindLiveObjects: 0.205100 ms CreateObjectMapping: 0.124300 ms MarkObjects: 2.721600 ms  DeleteObjects: 0.057600 ms)

Prepare: number of updated asset objects reloaded= 0
AssetImportParameters requested are different than current active one (requested -> active):
  custom:scripting/monoscript/fileName/CFX_Demo_With_UIParticle.cs: 226f2c5431a3281109d962f41860d8fa -> 
  custom:scripting/monoscript/fileName/SpriteExtensions.cs: d15fc44627372ae38565323b74d7ae12 -> 
  custom:container-demuxer-ogg: 62fdf1f143b41e24485cea50d1cbac27 -> 
  custom:scripting/monoscript/fileName/UIParticle_PerformanceDemo.cs: 4f06c4b31cfbc934f9c8a4cffb890ea0 -> 
  custom:scripting/monoscript/fileName/UIParticleProjectSettings.cs: e67134131661b9872564981966bfc127 -> 
  custom:scripting/monoscript/fileName/UIParticle.cs: 2325898c5f7e7032e1304a953772e3db -> 
  custom:scripting/monoscript/fileName/Vector3Extensions.cs: d2785b660e92dd53626ae8ab3f74eb90 -> 
  custom:video-codec-MediaFoundation-h265: 746d11721c4dcdbdad8f713fa42b33f4 -> 
  custom:scripting/monoscript/fileName/UIExtraCallbacks.cs: 3d3413dbcd53c71899d73ab53a15ba37 -> 
  custom:video-decoder-ogg-theora: a1e56fd34408186e4bbccfd4996cb3dc -> 
  custom:scripting/monoscript/fileName/AnimatableProperty.cs: f35dc87c3f2df1477c8a408b8fbe37b5 -> 
  custom:scripting/monoscript/fileName/AnimatablePropertyEditor.cs: 1d03953670d8e406357019b192662737 -> 
  custom:scripting/monoscript/fileName/UIParticleMenu.cs: a4859bf31ac3affa2499cb7d11d0a844 -> 
  custom:framework-win-MediaFoundation: 216162199b28c13a410421893ffa2e32 -> 
  custom:scripting/monoscript/fileName/CanvasExtensions.cs: dd125fe003e3c2c37c4a99dbb0078950 -> 
  custom:scripting/monoscript/fileName/ComponentExtensions.cs: fb5af0f40f5d66304cb9361270b05072 -> 
  custom:scripting/monoscript/fileName/Logging.cs: 5f2ed8485a56b4e9e53aa65cdef27b10 -> 
  custom:CustomObjectIndexerAttribute: 9a22284fe3817be447336de3de66b15e -> 
  custom:container-demuxer-webm: 4f35f7cbe854078d1ac9338744f61a02 -> 
  custom:scripting/monoscript/fileName/FastAction.cs: 60eb5b7e04daf339f61dca5fd934100f -> dfbe75b66b645b53472915ad2590af11
  custom:scripting/monoscript/fileName/FrameCache.cs: 3dcf885da94f12c1b606c497e398faf9 -> 
  custom:scripting/monoscript/fileName/UIParticleEditor.cs: b6bdab8e4a72b4216e3f0c8f8ed45e99 -> 
  custom:container-muxer-webm: aa71ff27fc2769a1b78a27578f13a17b -> 
  custom:scripting/monoscript/fileName/ObjectRepository.cs: 0cdf409b5aa8d4c25876d72b5c6a3b60 -> 
  custom:scripting/monoscript/fileName/ObjectPool.cs: 0cdf409b5aa8d4c25876d72b5c6a3b60 -> 
  custom:video-decoder-webm-vp8: 9c59270c3fd7afecdb556c50c9e8de78 -> 
  custom:SearchIndexIgnoredProperties: e643bd26f0fe6173181afceb89e7c659 -> 
  custom:scripting/monoscript/fileName/CardPack.cs: c1b5d49f961e6852a391ca0d8a17b35b -> 
  custom:AudioImporter_EditorPlatform: d09bf68614088b80899f8185d706f6e7 -> 
  custom:scripting/monoscript/fileName/UIParticleAttractor.cs: 56646a28f8018ce8d626b6a0b28e5c77 -> 
  custom:scripting/monoscript/fileName/Color32Extensions.cs: 957a68f3e8b649a9394b51c6910ca65a -> 
  custom:scripting/monoscript/fileName/UIParticleRenderer.cs: e7d82b34b2b52af3ee36bf0e1f32e85d -> 
  custom:scripting/monoscript/fileName/UIParticleUpdater.cs: 64d938919628a112a7e9c9345f1ccb18 -> 
  custom:scripting/monoscript/fileName/NewTestScript.cs: 2eb4416447678e2004e156bd89cd8cbd -> 
  custom:scripting/monoscript/fileName/ParticleSystemExtensions.cs: a9d6841fd486ede512f2bde88014253e -> 
  custom:video-encoder-webm-vp8: eb34c28f22e8b96e1ab97ce403110664 -> 
  custom:audio-decoder-ogg-vorbis: bf7c407c2cedff20999df2af8eb42d56 -> 
  custom:scripting/monoscript/fileName/Misc.cs: 246d9d5aaf21070630ef885fe1125ea2 -> 7ed2e50827551a4e78c69f183dffa2c9
  custom:audio-encoder-webm-vorbis: bf7c407c2cedff20999df2af8eb42d56 -> 
  custom:scripting/monoscript/fileName/MaterialRepository.cs: 128c5f079d59296a900349dfa10fb5ae -> 
  custom:scripting/precompiled-assembly-types:Assembly-CSharp: 07e7dd28600559d92128d86ae33ef984 -> 72abcff13cd1eb93c15151ed6ddf2d35
========================================================================
Received Prepare
Caller must complete domain reload
Begin MonoManager ReloadAssembly
- Loaded All Assemblies, in  0.499 seconds
Native extension for WindowsStandalone target not found
Mono: successfully reloaded assembly
- Finished resetting the current domain, in  1.496 seconds
Domain Reload Profiling: 1992ms
	BeginReloadAssembly (150ms)
		ExecutionOrderSort (0ms)
		DisableScriptedObjects (7ms)
		BackupInstance (0ms)
		ReleaseScriptingObjects (0ms)
		CreateAndSetChildDomain (30ms)
	RebuildCommonClasses (35ms)
	RebuildNativeTypeToScriptingClass (9ms)
	initialDomainReloadingComplete (30ms)
	LoadAllAssembliesAndSetupDomain (271ms)
		LoadAssemblies (339ms)
		RebuildTransferFunctionScriptingTraits (0ms)
		AnalyzeDomain (13ms)
			TypeCache.Refresh (5ms)
				TypeCache.ScanAssembly (0ms)
			ScanForSourceGeneratedMonoScriptInfo (0ms)
			ResolveRequiredComponents (6ms)
	FinalizeReload (1496ms)
		ReleaseScriptCaches (0ms)
		RebuildScriptCaches (0ms)
		SetupLoadedEditorAssemblies (488ms)
			LogAssemblyErrors (0ms)
			InitializePlatformSupportModulesInManaged (7ms)
			SetLoadedEditorAssemblies (6ms)
			RefreshPlugins (0ms)
			BeforeProcessingInitializeOnLoad (96ms)
			ProcessInitializeOnLoadAttributes (351ms)
			ProcessInitializeOnLoadMethodAttributes (22ms)
			AfterProcessingInitializeOnLoad (7ms)
			EditorAssembliesLoaded (0ms)
		ExecutionOrderSort2 (0ms)
		AwakeInstancesAfterBackupRestoration (6ms)
Refreshing native plugins compatible for Editor in 3.95 ms, found 3 plugins.
Preloading 0 native plugins for Editor in 0.00 ms.
Unloading 3135 Unused Serialized files (Serialized files now loaded: 0)
Unloading 14 unused Assets / (28.5 KB). Loaded Objects now: 3700.
Memory consumption went from 120.3 MB to 120.3 MB.
Total: 2.370200 ms (FindLiveObjects: 0.186900 ms CreateObjectMapping: 0.087000 ms MarkObjects: 2.062300 ms  DeleteObjects: 0.032500 ms)

Prepare: number of updated asset objects reloaded= 0
AssetImportParameters requested are different than current active one (requested -> active):
  custom:scripting/monoscript/fileName/CFX_Demo_With_UIParticle.cs: 226f2c5431a3281109d962f41860d8fa -> 
  custom:scripting/monoscript/fileName/SpriteExtensions.cs: d15fc44627372ae38565323b74d7ae12 -> 
  custom:container-demuxer-ogg: 62fdf1f143b41e24485cea50d1cbac27 -> 
  custom:scripting/monoscript/fileName/UIParticle_PerformanceDemo.cs: 4f06c4b31cfbc934f9c8a4cffb890ea0 -> 
  custom:scripting/monoscript/fileName/UIParticleProjectSettings.cs: e67134131661b9872564981966bfc127 -> 
  custom:scripting/monoscript/fileName/UIParticle.cs: 2325898c5f7e7032e1304a953772e3db -> 
  custom:scripting/monoscript/fileName/Vector3Extensions.cs: d2785b660e92dd53626ae8ab3f74eb90 -> 
  custom:video-codec-MediaFoundation-h265: 746d11721c4dcdbdad8f713fa42b33f4 -> 
  custom:scripting/monoscript/fileName/UIExtraCallbacks.cs: 3d3413dbcd53c71899d73ab53a15ba37 -> 
  custom:video-decoder-ogg-theora: a1e56fd34408186e4bbccfd4996cb3dc -> 
  custom:scripting/monoscript/fileName/AnimatableProperty.cs: f35dc87c3f2df1477c8a408b8fbe37b5 -> 
  custom:scripting/monoscript/fileName/AnimatablePropertyEditor.cs: 1d03953670d8e406357019b192662737 -> 
  custom:scripting/monoscript/fileName/UIParticleMenu.cs: a4859bf31ac3affa2499cb7d11d0a844 -> 
  custom:framework-win-MediaFoundation: 216162199b28c13a410421893ffa2e32 -> 
  custom:scripting/monoscript/fileName/CanvasExtensions.cs: dd125fe003e3c2c37c4a99dbb0078950 -> 
  custom:scripting/monoscript/fileName/ComponentExtensions.cs: fb5af0f40f5d66304cb9361270b05072 -> 
  custom:scripting/monoscript/fileName/Logging.cs: 5f2ed8485a56b4e9e53aa65cdef27b10 -> 
  custom:CustomObjectIndexerAttribute: 9a22284fe3817be447336de3de66b15e -> 
  custom:container-demuxer-webm: 4f35f7cbe854078d1ac9338744f61a02 -> 
  custom:scripting/monoscript/fileName/FastAction.cs: 60eb5b7e04daf339f61dca5fd934100f -> dfbe75b66b645b53472915ad2590af11
  custom:scripting/monoscript/fileName/FrameCache.cs: 3dcf885da94f12c1b606c497e398faf9 -> 
  custom:scripting/monoscript/fileName/UIParticleEditor.cs: b6bdab8e4a72b4216e3f0c8f8ed45e99 -> 
  custom:container-muxer-webm: aa71ff27fc2769a1b78a27578f13a17b -> 
  custom:scripting/monoscript/fileName/ObjectRepository.cs: 0cdf409b5aa8d4c25876d72b5c6a3b60 -> 
  custom:scripting/monoscript/fileName/ObjectPool.cs: 0cdf409b5aa8d4c25876d72b5c6a3b60 -> 
  custom:video-decoder-webm-vp8: 9c59270c3fd7afecdb556c50c9e8de78 -> 
  custom:SearchIndexIgnoredProperties: e643bd26f0fe6173181afceb89e7c659 -> 
  custom:scripting/monoscript/fileName/CardPack.cs: c1b5d49f961e6852a391ca0d8a17b35b -> 
  custom:AudioImporter_EditorPlatform: d09bf68614088b80899f8185d706f6e7 -> 
  custom:scripting/monoscript/fileName/UIParticleAttractor.cs: 56646a28f8018ce8d626b6a0b28e5c77 -> 
  custom:scripting/monoscript/fileName/Color32Extensions.cs: 957a68f3e8b649a9394b51c6910ca65a -> 
  custom:scripting/monoscript/fileName/UIParticleRenderer.cs: e7d82b34b2b52af3ee36bf0e1f32e85d -> 
  custom:scripting/monoscript/fileName/UIParticleUpdater.cs: 64d938919628a112a7e9c9345f1ccb18 -> 
  custom:scripting/monoscript/fileName/NewTestScript.cs: 2eb4416447678e2004e156bd89cd8cbd -> 
  custom:scripting/monoscript/fileName/ParticleSystemExtensions.cs: a9d6841fd486ede512f2bde88014253e -> 
  custom:video-encoder-webm-vp8: eb34c28f22e8b96e1ab97ce403110664 -> 
  custom:audio-decoder-ogg-vorbis: bf7c407c2cedff20999df2af8eb42d56 -> 
  custom:scripting/monoscript/fileName/Misc.cs: 246d9d5aaf21070630ef885fe1125ea2 -> 7ed2e50827551a4e78c69f183dffa2c9
  custom:audio-encoder-webm-vorbis: bf7c407c2cedff20999df2af8eb42d56 -> 
  custom:scripting/monoscript/fileName/MaterialRepository.cs: 128c5f079d59296a900349dfa10fb5ae -> 
  custom:scripting/precompiled-assembly-types:Assembly-CSharp: 07e7dd28600559d92128d86ae33ef984 -> 72abcff13cd1eb93c15151ed6ddf2d35
========================================================================
Received Prepare
Caller must complete domain reload
Begin MonoManager ReloadAssembly
- Loaded All Assemblies, in  0.444 seconds
Native extension for WindowsStandalone target not found
Mono: successfully reloaded assembly
- Finished resetting the current domain, in  1.001 seconds
Domain Reload Profiling: 1442ms
	BeginReloadAssembly (139ms)
		ExecutionOrderSort (0ms)
		DisableScriptedObjects (5ms)
		BackupInstance (0ms)
		ReleaseScriptingObjects (0ms)
		CreateAndSetChildDomain (29ms)
	RebuildCommonClasses (33ms)
	RebuildNativeTypeToScriptingClass (9ms)
	initialDomainReloadingComplete (34ms)
	LoadAllAssembliesAndSetupDomain (226ms)
		LoadAssemblies (285ms)
		RebuildTransferFunctionScriptingTraits (0ms)
		AnalyzeDomain (16ms)
			TypeCache.Refresh (5ms)
				TypeCache.ScanAssembly (0ms)
			ScanForSourceGeneratedMonoScriptInfo (0ms)
			ResolveRequiredComponents (10ms)
	FinalizeReload (1001ms)
		ReleaseScriptCaches (0ms)
		RebuildScriptCaches (0ms)
		SetupLoadedEditorAssemblies (496ms)
			LogAssemblyErrors (0ms)
			InitializePlatformSupportModulesInManaged (7ms)
			SetLoadedEditorAssemblies (5ms)
			RefreshPlugins (0ms)
			BeforeProcessingInitializeOnLoad (96ms)
			ProcessInitializeOnLoadAttributes (354ms)
			ProcessInitializeOnLoadMethodAttributes (24ms)
			AfterProcessingInitializeOnLoad (8ms)
			EditorAssembliesLoaded (0ms)
		ExecutionOrderSort2 (0ms)
		AwakeInstancesAfterBackupRestoration (6ms)
Refreshing native plugins compatible for Editor in 3.80 ms, found 3 plugins.
Preloading 0 native plugins for Editor in 0.00 ms.
Unloading 3135 Unused Serialized files (Serialized files now loaded: 0)
Unloading 14 unused Assets / (28.6 KB). Loaded Objects now: 3703.
Memory consumption went from 120.3 MB to 120.3 MB.
Total: 2.583500 ms (FindLiveObjects: 0.202000 ms CreateObjectMapping: 0.155600 ms MarkObjects: 2.155800 ms  DeleteObjects: 0.069200 ms)

Prepare: number of updated asset objects reloaded= 0
AssetImportParameters requested are different than current active one (requested -> active):
  custom:scripting/monoscript/fileName/CFX_Demo_With_UIParticle.cs: 226f2c5431a3281109d962f41860d8fa -> 
  custom:scripting/monoscript/fileName/SpriteExtensions.cs: d15fc44627372ae38565323b74d7ae12 -> 
  custom:container-demuxer-ogg: 62fdf1f143b41e24485cea50d1cbac27 -> 
  custom:scripting/monoscript/fileName/UIParticle_PerformanceDemo.cs: 4f06c4b31cfbc934f9c8a4cffb890ea0 -> 
  custom:scripting/monoscript/fileName/UIParticleProjectSettings.cs: e67134131661b9872564981966bfc127 -> 
  custom:scripting/monoscript/fileName/UIParticle.cs: 2325898c5f7e7032e1304a953772e3db -> 
  custom:scripting/monoscript/fileName/Vector3Extensions.cs: d2785b660e92dd53626ae8ab3f74eb90 -> 
  custom:video-codec-MediaFoundation-h265: 746d11721c4dcdbdad8f713fa42b33f4 -> 
  custom:scripting/monoscript/fileName/UIExtraCallbacks.cs: 3d3413dbcd53c71899d73ab53a15ba37 -> 
  custom:video-decoder-ogg-theora: a1e56fd34408186e4bbccfd4996cb3dc -> 
  custom:scripting/monoscript/fileName/AnimatableProperty.cs: f35dc87c3f2df1477c8a408b8fbe37b5 -> 
  custom:scripting/monoscript/fileName/AnimatablePropertyEditor.cs: 1d03953670d8e406357019b192662737 -> 
  custom:scripting/monoscript/fileName/UIParticleMenu.cs: a4859bf31ac3affa2499cb7d11d0a844 -> 
  custom:framework-win-MediaFoundation: 216162199b28c13a410421893ffa2e32 -> 
  custom:scripting/monoscript/fileName/CanvasExtensions.cs: dd125fe003e3c2c37c4a99dbb0078950 -> 
  custom:scripting/monoscript/fileName/ComponentExtensions.cs: fb5af0f40f5d66304cb9361270b05072 -> 
  custom:scripting/monoscript/fileName/Logging.cs: 5f2ed8485a56b4e9e53aa65cdef27b10 -> 
  custom:CustomObjectIndexerAttribute: 9a22284fe3817be447336de3de66b15e -> 
  custom:container-demuxer-webm: 4f35f7cbe854078d1ac9338744f61a02 -> 
  custom:scripting/monoscript/fileName/FastAction.cs: 60eb5b7e04daf339f61dca5fd934100f -> dfbe75b66b645b53472915ad2590af11
  custom:scripting/monoscript/fileName/FrameCache.cs: 3dcf885da94f12c1b606c497e398faf9 -> 
  custom:scripting/monoscript/fileName/UIParticleEditor.cs: b6bdab8e4a72b4216e3f0c8f8ed45e99 -> 
  custom:container-muxer-webm: aa71ff27fc2769a1b78a27578f13a17b -> 
  custom:scripting/monoscript/fileName/ObjectRepository.cs: 0cdf409b5aa8d4c25876d72b5c6a3b60 -> 
  custom:scripting/monoscript/fileName/ObjectPool.cs: 0cdf409b5aa8d4c25876d72b5c6a3b60 -> 
  custom:video-decoder-webm-vp8: 9c59270c3fd7afecdb556c50c9e8de78 -> 
  custom:SearchIndexIgnoredProperties: e643bd26f0fe6173181afceb89e7c659 -> 
  custom:scripting/monoscript/fileName/CardPack.cs: c1b5d49f961e6852a391ca0d8a17b35b -> 
  custom:AudioImporter_EditorPlatform: d09bf68614088b80899f8185d706f6e7 -> 
  custom:scripting/monoscript/fileName/UIParticleAttractor.cs: 56646a28f8018ce8d626b6a0b28e5c77 -> 
  custom:scripting/monoscript/fileName/Color32Extensions.cs: 957a68f3e8b649a9394b51c6910ca65a -> 
  custom:scripting/monoscript/fileName/UIParticleRenderer.cs: e7d82b34b2b52af3ee36bf0e1f32e85d -> 
  custom:scripting/monoscript/fileName/UIParticleUpdater.cs: 64d938919628a112a7e9c9345f1ccb18 -> 
  custom:scripting/monoscript/fileName/NewTestScript.cs: 2eb4416447678e2004e156bd89cd8cbd -> 
  custom:scripting/monoscript/fileName/ParticleSystemExtensions.cs: a9d6841fd486ede512f2bde88014253e -> 
  custom:video-encoder-webm-vp8: eb34c28f22e8b96e1ab97ce403110664 -> 
  custom:audio-decoder-ogg-vorbis: bf7c407c2cedff20999df2af8eb42d56 -> 
  custom:scripting/monoscript/fileName/Misc.cs: 246d9d5aaf21070630ef885fe1125ea2 -> 7ed2e50827551a4e78c69f183dffa2c9
  custom:audio-encoder-webm-vorbis: bf7c407c2cedff20999df2af8eb42d56 -> 
  custom:scripting/monoscript/fileName/MaterialRepository.cs: 128c5f079d59296a900349dfa10fb5ae -> 
  custom:scripting/precompiled-assembly-types:Assembly-CSharp: 07e7dd28600559d92128d86ae33ef984 -> 72abcff13cd1eb93c15151ed6ddf2d35
========================================================================
Received Prepare
Caller must complete domain reload
Begin MonoManager ReloadAssembly
- Loaded All Assemblies, in  0.445 seconds
Native extension for WindowsStandalone target not found
Mono: successfully reloaded assembly
- Finished resetting the current domain, in  0.989 seconds
Domain Reload Profiling: 1430ms
	BeginReloadAssembly (146ms)
		ExecutionOrderSort (0ms)
		DisableScriptedObjects (6ms)
		BackupInstance (0ms)
		ReleaseScriptingObjects (0ms)
		CreateAndSetChildDomain (28ms)
	RebuildCommonClasses (34ms)
	RebuildNativeTypeToScriptingClass (11ms)
	initialDomainReloadingComplete (29ms)
	LoadAllAssembliesAndSetupDomain (219ms)
		LoadAssemblies (288ms)
		RebuildTransferFunctionScriptingTraits (0ms)
		AnalyzeDomain (13ms)
			TypeCache.Refresh (5ms)
				TypeCache.ScanAssembly (0ms)
			ScanForSourceGeneratedMonoScriptInfo (0ms)
			ResolveRequiredComponents (5ms)
	FinalizeReload (990ms)
		ReleaseScriptCaches (0ms)
		RebuildScriptCaches (0ms)
		SetupLoadedEditorAssemblies (489ms)
			LogAssemblyErrors (0ms)
			InitializePlatformSupportModulesInManaged (7ms)
			SetLoadedEditorAssemblies (5ms)
			RefreshPlugins (0ms)
			BeforeProcessingInitializeOnLoad (99ms)
			ProcessInitializeOnLoadAttributes (346ms)
			ProcessInitializeOnLoadMethodAttributes (25ms)
			AfterProcessingInitializeOnLoad (7ms)
			EditorAssembliesLoaded (0ms)
		ExecutionOrderSort2 (0ms)
		AwakeInstancesAfterBackupRestoration (6ms)
Refreshing native plugins compatible for Editor in 4.52 ms, found 3 plugins.
Preloading 0 native plugins for Editor in 0.00 ms.
Unloading 3135 Unused Serialized files (Serialized files now loaded: 0)
Unloading 14 unused Assets / (28.5 KB). Loaded Objects now: 3706.
Memory consumption went from 120.3 MB to 120.3 MB.
Total: 2.393500 ms (FindLiveObjects: 0.191800 ms CreateObjectMapping: 0.104400 ms MarkObjects: 2.058900 ms  DeleteObjects: 0.037500 ms)

Prepare: number of updated asset objects reloaded= 0
AssetImportParameters requested are different than current active one (requested -> active):
  custom:scripting/monoscript/fileName/CFX_Demo_With_UIParticle.cs: 226f2c5431a3281109d962f41860d8fa -> 
  custom:scripting/monoscript/fileName/SpriteExtensions.cs: d15fc44627372ae38565323b74d7ae12 -> 
  custom:container-demuxer-ogg: 62fdf1f143b41e24485cea50d1cbac27 -> 
  custom:scripting/monoscript/fileName/UIParticle_PerformanceDemo.cs: 4f06c4b31cfbc934f9c8a4cffb890ea0 -> 
  custom:scripting/monoscript/fileName/UIParticleProjectSettings.cs: e67134131661b9872564981966bfc127 -> 
  custom:scripting/monoscript/fileName/UIParticle.cs: 2325898c5f7e7032e1304a953772e3db -> 
  custom:scripting/monoscript/fileName/Vector3Extensions.cs: d2785b660e92dd53626ae8ab3f74eb90 -> 
  custom:video-codec-MediaFoundation-h265: 746d11721c4dcdbdad8f713fa42b33f4 -> 
  custom:scripting/monoscript/fileName/UIExtraCallbacks.cs: 3d3413dbcd53c71899d73ab53a15ba37 -> 
  custom:video-decoder-ogg-theora: a1e56fd34408186e4bbccfd4996cb3dc -> 
  custom:scripting/monoscript/fileName/AnimatableProperty.cs: f35dc87c3f2df1477c8a408b8fbe37b5 -> 
  custom:scripting/monoscript/fileName/AnimatablePropertyEditor.cs: 1d03953670d8e406357019b192662737 -> 
  custom:scripting/monoscript/fileName/UIParticleMenu.cs: a4859bf31ac3affa2499cb7d11d0a844 -> 
  custom:framework-win-MediaFoundation: 216162199b28c13a410421893ffa2e32 -> 
  custom:scripting/monoscript/fileName/CanvasExtensions.cs: dd125fe003e3c2c37c4a99dbb0078950 -> 
  custom:scripting/monoscript/fileName/ComponentExtensions.cs: fb5af0f40f5d66304cb9361270b05072 -> 
  custom:scripting/monoscript/fileName/Logging.cs: 5f2ed8485a56b4e9e53aa65cdef27b10 -> 
  custom:CustomObjectIndexerAttribute: 9a22284fe3817be447336de3de66b15e -> 
  custom:container-demuxer-webm: 4f35f7cbe854078d1ac9338744f61a02 -> 
  custom:scripting/monoscript/fileName/FastAction.cs: 60eb5b7e04daf339f61dca5fd934100f -> dfbe75b66b645b53472915ad2590af11
  custom:scripting/monoscript/fileName/FrameCache.cs: 3dcf885da94f12c1b606c497e398faf9 -> 
  custom:scripting/monoscript/fileName/UIParticleEditor.cs: b6bdab8e4a72b4216e3f0c8f8ed45e99 -> 
  custom:container-muxer-webm: aa71ff27fc2769a1b78a27578f13a17b -> 
  custom:scripting/monoscript/fileName/ObjectRepository.cs: 0cdf409b5aa8d4c25876d72b5c6a3b60 -> 
  custom:scripting/monoscript/fileName/ObjectPool.cs: 0cdf409b5aa8d4c25876d72b5c6a3b60 -> 
  custom:video-decoder-webm-vp8: 9c59270c3fd7afecdb556c50c9e8de78 -> 
  custom:SearchIndexIgnoredProperties: e643bd26f0fe6173181afceb89e7c659 -> 
  custom:scripting/monoscript/fileName/CardPack.cs: c1b5d49f961e6852a391ca0d8a17b35b -> 
  custom:AudioImporter_EditorPlatform: d09bf68614088b80899f8185d706f6e7 -> 
  custom:scripting/monoscript/fileName/UIParticleAttractor.cs: 56646a28f8018ce8d626b6a0b28e5c77 -> 
  custom:scripting/monoscript/fileName/Color32Extensions.cs: 957a68f3e8b649a9394b51c6910ca65a -> 
  custom:scripting/monoscript/fileName/UIParticleRenderer.cs: e7d82b34b2b52af3ee36bf0e1f32e85d -> 
  custom:scripting/monoscript/fileName/UIParticleUpdater.cs: 64d938919628a112a7e9c9345f1ccb18 -> 
  custom:scripting/monoscript/fileName/NewTestScript.cs: 2eb4416447678e2004e156bd89cd8cbd -> 
  custom:scripting/monoscript/fileName/ParticleSystemExtensions.cs: a9d6841fd486ede512f2bde88014253e -> 
  custom:video-encoder-webm-vp8: eb34c28f22e8b96e1ab97ce403110664 -> 
  custom:audio-decoder-ogg-vorbis: bf7c407c2cedff20999df2af8eb42d56 -> 
  custom:scripting/monoscript/fileName/Misc.cs: 246d9d5aaf21070630ef885fe1125ea2 -> 7ed2e50827551a4e78c69f183dffa2c9
  custom:audio-encoder-webm-vorbis: bf7c407c2cedff20999df2af8eb42d56 -> 
  custom:scripting/monoscript/fileName/MaterialRepository.cs: 128c5f079d59296a900349dfa10fb5ae -> 
  custom:scripting/precompiled-assembly-types:Assembly-CSharp: 07e7dd28600559d92128d86ae33ef984 -> 72abcff13cd1eb93c15151ed6ddf2d35
========================================================================
Received Prepare
Caller must complete domain reload
Begin MonoManager ReloadAssembly
- Loaded All Assemblies, in  0.506 seconds
Native extension for WindowsStandalone target not found
Mono: successfully reloaded assembly
- Finished resetting the current domain, in  0.913 seconds
Domain Reload Profiling: 1416ms
	BeginReloadAssembly (197ms)
		ExecutionOrderSort (0ms)
		DisableScriptedObjects (6ms)
		BackupInstance (0ms)
		ReleaseScriptingObjects (0ms)
		CreateAndSetChildDomain (60ms)
	RebuildCommonClasses (30ms)
	RebuildNativeTypeToScriptingClass (12ms)
	initialDomainReloadingComplete (33ms)
	LoadAllAssembliesAndSetupDomain (231ms)
		LoadAssemblies (287ms)
		RebuildTransferFunctionScriptingTraits (0ms)
		AnalyzeDomain (21ms)
			TypeCache.Refresh (8ms)
				TypeCache.ScanAssembly (1ms)
			ScanForSourceGeneratedMonoScriptInfo (7ms)
			ResolveRequiredComponents (5ms)
	FinalizeReload (913ms)
		ReleaseScriptCaches (0ms)
		RebuildScriptCaches (0ms)
		SetupLoadedEditorAssemblies (451ms)
			LogAssemblyErrors (0ms)
			InitializePlatformSupportModulesInManaged (6ms)
			SetLoadedEditorAssemblies (5ms)
			RefreshPlugins (0ms)
			BeforeProcessingInitializeOnLoad (86ms)
			ProcessInitializeOnLoadAttributes (324ms)
			ProcessInitializeOnLoadMethodAttributes (22ms)
			AfterProcessingInitializeOnLoad (7ms)
			EditorAssembliesLoaded (0ms)
		ExecutionOrderSort2 (0ms)
		AwakeInstancesAfterBackupRestoration (7ms)
Refreshing native plugins compatible for Editor in 3.57 ms, found 3 plugins.
Preloading 0 native plugins for Editor in 0.00 ms.
Unloading 3135 Unused Serialized files (Serialized files now loaded: 0)
Unloading 14 unused Assets / (28.6 KB). Loaded Objects now: 3709.
Memory consumption went from 120.3 MB to 120.3 MB.
Total: 2.207300 ms (FindLiveObjects: 0.205400 ms CreateObjectMapping: 0.130100 ms MarkObjects: 1.831500 ms  DeleteObjects: 0.039400 ms)

Prepare: number of updated asset objects reloaded= 0
AssetImportParameters requested are different than current active one (requested -> active):
  custom:scripting/monoscript/fileName/CFX_Demo_With_UIParticle.cs: 226f2c5431a3281109d962f41860d8fa -> 
  custom:scripting/monoscript/fileName/SpriteExtensions.cs: d15fc44627372ae38565323b74d7ae12 -> 
  custom:container-demuxer-ogg: 62fdf1f143b41e24485cea50d1cbac27 -> 
  custom:scripting/monoscript/fileName/UIParticle_PerformanceDemo.cs: 4f06c4b31cfbc934f9c8a4cffb890ea0 -> 
  custom:scripting/monoscript/fileName/UIParticleProjectSettings.cs: e67134131661b9872564981966bfc127 -> 
  custom:scripting/monoscript/fileName/UIParticle.cs: 2325898c5f7e7032e1304a953772e3db -> 
  custom:scripting/monoscript/fileName/Vector3Extensions.cs: d2785b660e92dd53626ae8ab3f74eb90 -> 
  custom:video-codec-MediaFoundation-h265: 746d11721c4dcdbdad8f713fa42b33f4 -> 
  custom:scripting/monoscript/fileName/UIExtraCallbacks.cs: 3d3413dbcd53c71899d73ab53a15ba37 -> 
  custom:video-decoder-ogg-theora: a1e56fd34408186e4bbccfd4996cb3dc -> 
  custom:scripting/monoscript/fileName/AnimatableProperty.cs: f35dc87c3f2df1477c8a408b8fbe37b5 -> 
  custom:scripting/monoscript/fileName/AnimatablePropertyEditor.cs: 1d03953670d8e406357019b192662737 -> 
  custom:scripting/monoscript/fileName/UIParticleMenu.cs: a4859bf31ac3affa2499cb7d11d0a844 -> 
  custom:framework-win-MediaFoundation: 216162199b28c13a410421893ffa2e32 -> 
  custom:scripting/monoscript/fileName/CanvasExtensions.cs: dd125fe003e3c2c37c4a99dbb0078950 -> 
  custom:scripting/monoscript/fileName/ComponentExtensions.cs: fb5af0f40f5d66304cb9361270b05072 -> 
  custom:scripting/monoscript/fileName/Logging.cs: 5f2ed8485a56b4e9e53aa65cdef27b10 -> 
  custom:CustomObjectIndexerAttribute: 9a22284fe3817be447336de3de66b15e -> 
  custom:container-demuxer-webm: 4f35f7cbe854078d1ac9338744f61a02 -> 
  custom:scripting/monoscript/fileName/FastAction.cs: 60eb5b7e04daf339f61dca5fd934100f -> dfbe75b66b645b53472915ad2590af11
  custom:scripting/monoscript/fileName/FrameCache.cs: 3dcf885da94f12c1b606c497e398faf9 -> 
  custom:scripting/monoscript/fileName/UIParticleEditor.cs: b6bdab8e4a72b4216e3f0c8f8ed45e99 -> 
  custom:container-muxer-webm: aa71ff27fc2769a1b78a27578f13a17b -> 
  custom:scripting/monoscript/fileName/ObjectRepository.cs: 0cdf409b5aa8d4c25876d72b5c6a3b60 -> 
  custom:scripting/monoscript/fileName/ObjectPool.cs: 0cdf409b5aa8d4c25876d72b5c6a3b60 -> 
  custom:video-decoder-webm-vp8: 9c59270c3fd7afecdb556c50c9e8de78 -> 
  custom:SearchIndexIgnoredProperties: e643bd26f0fe6173181afceb89e7c659 -> 
  custom:scripting/monoscript/fileName/CardPack.cs: c1b5d49f961e6852a391ca0d8a17b35b -> 
  custom:AudioImporter_EditorPlatform: d09bf68614088b80899f8185d706f6e7 -> 
  custom:scripting/monoscript/fileName/UIParticleAttractor.cs: 56646a28f8018ce8d626b6a0b28e5c77 -> 
  custom:scripting/monoscript/fileName/Color32Extensions.cs: 957a68f3e8b649a9394b51c6910ca65a -> 
  custom:scripting/monoscript/fileName/UIParticleRenderer.cs: e7d82b34b2b52af3ee36bf0e1f32e85d -> 
  custom:scripting/monoscript/fileName/UIParticleUpdater.cs: 64d938919628a112a7e9c9345f1ccb18 -> 
  custom:scripting/monoscript/fileName/NewTestScript.cs: 2eb4416447678e2004e156bd89cd8cbd -> 
  custom:scripting/monoscript/fileName/ParticleSystemExtensions.cs: a9d6841fd486ede512f2bde88014253e -> 
  custom:video-encoder-webm-vp8: eb34c28f22e8b96e1ab97ce403110664 -> 
  custom:audio-decoder-ogg-vorbis: bf7c407c2cedff20999df2af8eb42d56 -> 
  custom:scripting/monoscript/fileName/Misc.cs: 246d9d5aaf21070630ef885fe1125ea2 -> 7ed2e50827551a4e78c69f183dffa2c9
  custom:audio-encoder-webm-vorbis: bf7c407c2cedff20999df2af8eb42d56 -> 
  custom:scripting/monoscript/fileName/MaterialRepository.cs: 128c5f079d59296a900349dfa10fb5ae -> 
  custom:scripting/precompiled-assembly-types:Assembly-CSharp: 07e7dd28600559d92128d86ae33ef984 -> 72abcff13cd1eb93c15151ed6ddf2d35
========================================================================
Received Prepare
Caller must complete domain reload
Begin MonoManager ReloadAssembly
- Loaded All Assemblies, in  0.475 seconds
Native extension for WindowsStandalone target not found
Mono: successfully reloaded assembly
- Finished resetting the current domain, in  0.930 seconds
Domain Reload Profiling: 1402ms
	BeginReloadAssembly (153ms)
		ExecutionOrderSort (0ms)
		DisableScriptedObjects (7ms)
		BackupInstance (0ms)
		ReleaseScriptingObjects (0ms)
		CreateAndSetChildDomain (30ms)
	RebuildCommonClasses (36ms)
	RebuildNativeTypeToScriptingClass (11ms)
	initialDomainReloadingComplete (30ms)
	LoadAllAssembliesAndSetupDomain (241ms)
		LoadAssemblies (302ms)
		RebuildTransferFunctionScriptingTraits (0ms)
		AnalyzeDomain (24ms)
			TypeCache.Refresh (9ms)
				TypeCache.ScanAssembly (1ms)
			ScanForSourceGeneratedMonoScriptInfo (7ms)
			ResolveRequiredComponents (7ms)
	FinalizeReload (930ms)
		ReleaseScriptCaches (0ms)
		RebuildScriptCaches (0ms)
		SetupLoadedEditorAssemblies (471ms)
			LogAssemblyErrors (0ms)
			InitializePlatformSupportModulesInManaged (7ms)
			SetLoadedEditorAssemblies (6ms)
			RefreshPlugins (0ms)
			BeforeProcessingInitializeOnLoad (94ms)
			ProcessInitializeOnLoadAttributes (338ms)
			ProcessInitializeOnLoadMethodAttributes (21ms)
			AfterProcessingInitializeOnLoad (6ms)
			EditorAssembliesLoaded (0ms)
		ExecutionOrderSort2 (0ms)
		AwakeInstancesAfterBackupRestoration (6ms)
Refreshing native plugins compatible for Editor in 3.78 ms, found 3 plugins.
Preloading 0 native plugins for Editor in 0.00 ms.
Unloading 3135 Unused Serialized files (Serialized files now loaded: 0)
Unloading 14 unused Assets / (28.6 KB). Loaded Objects now: 3712.
Memory consumption went from 120.3 MB to 120.3 MB.
Total: 2.117900 ms (FindLiveObjects: 0.176100 ms CreateObjectMapping: 0.080500 ms MarkObjects: 1.827400 ms  DeleteObjects: 0.032500 ms)

Prepare: number of updated asset objects reloaded= 0
AssetImportParameters requested are different than current active one (requested -> active):
  custom:scripting/monoscript/fileName/CFX_Demo_With_UIParticle.cs: 226f2c5431a3281109d962f41860d8fa -> 
  custom:scripting/monoscript/fileName/SpriteExtensions.cs: d15fc44627372ae38565323b74d7ae12 -> 
  custom:container-demuxer-ogg: 62fdf1f143b41e24485cea50d1cbac27 -> 
  custom:scripting/monoscript/fileName/UIParticle_PerformanceDemo.cs: 4f06c4b31cfbc934f9c8a4cffb890ea0 -> 
  custom:scripting/monoscript/fileName/UIParticleProjectSettings.cs: e67134131661b9872564981966bfc127 -> 
  custom:scripting/monoscript/fileName/UIParticle.cs: 2325898c5f7e7032e1304a953772e3db -> 
  custom:scripting/monoscript/fileName/Vector3Extensions.cs: d2785b660e92dd53626ae8ab3f74eb90 -> 
  custom:video-codec-MediaFoundation-h265: 746d11721c4dcdbdad8f713fa42b33f4 -> 
  custom:scripting/monoscript/fileName/UIExtraCallbacks.cs: 3d3413dbcd53c71899d73ab53a15ba37 -> 
  custom:video-decoder-ogg-theora: a1e56fd34408186e4bbccfd4996cb3dc -> 
  custom:scripting/monoscript/fileName/AnimatableProperty.cs: f35dc87c3f2df1477c8a408b8fbe37b5 -> 
  custom:scripting/monoscript/fileName/AnimatablePropertyEditor.cs: 1d03953670d8e406357019b192662737 -> 
  custom:scripting/monoscript/fileName/UIParticleMenu.cs: a4859bf31ac3affa2499cb7d11d0a844 -> 
  custom:framework-win-MediaFoundation: 216162199b28c13a410421893ffa2e32 -> 
  custom:scripting/monoscript/fileName/CanvasExtensions.cs: dd125fe003e3c2c37c4a99dbb0078950 -> 
  custom:scripting/monoscript/fileName/ComponentExtensions.cs: fb5af0f40f5d66304cb9361270b05072 -> 
  custom:scripting/monoscript/fileName/Logging.cs: 5f2ed8485a56b4e9e53aa65cdef27b10 -> 
  custom:CustomObjectIndexerAttribute: 9a22284fe3817be447336de3de66b15e -> 
  custom:container-demuxer-webm: 4f35f7cbe854078d1ac9338744f61a02 -> 
  custom:scripting/monoscript/fileName/FastAction.cs: 60eb5b7e04daf339f61dca5fd934100f -> dfbe75b66b645b53472915ad2590af11
  custom:scripting/monoscript/fileName/FrameCache.cs: 3dcf885da94f12c1b606c497e398faf9 -> 
  custom:scripting/monoscript/fileName/UIParticleEditor.cs: b6bdab8e4a72b4216e3f0c8f8ed45e99 -> 
  custom:container-muxer-webm: aa71ff27fc2769a1b78a27578f13a17b -> 
  custom:scripting/monoscript/fileName/ObjectRepository.cs: 0cdf409b5aa8d4c25876d72b5c6a3b60 -> 
  custom:scripting/monoscript/fileName/ObjectPool.cs: 0cdf409b5aa8d4c25876d72b5c6a3b60 -> 
  custom:video-decoder-webm-vp8: 9c59270c3fd7afecdb556c50c9e8de78 -> 
  custom:SearchIndexIgnoredProperties: e643bd26f0fe6173181afceb89e7c659 -> 
  custom:scripting/monoscript/fileName/CardPack.cs: c1b5d49f961e6852a391ca0d8a17b35b -> 
  custom:AudioImporter_EditorPlatform: d09bf68614088b80899f8185d706f6e7 -> 
  custom:scripting/monoscript/fileName/UIParticleAttractor.cs: 56646a28f8018ce8d626b6a0b28e5c77 -> 
  custom:scripting/monoscript/fileName/Color32Extensions.cs: 957a68f3e8b649a9394b51c6910ca65a -> 
  custom:scripting/monoscript/fileName/UIParticleRenderer.cs: e7d82b34b2b52af3ee36bf0e1f32e85d -> 
  custom:scripting/monoscript/fileName/UIParticleUpdater.cs: 64d938919628a112a7e9c9345f1ccb18 -> 
  custom:scripting/monoscript/fileName/NewTestScript.cs: 2eb4416447678e2004e156bd89cd8cbd -> 
  custom:scripting/monoscript/fileName/ParticleSystemExtensions.cs: a9d6841fd486ede512f2bde88014253e -> 
  custom:video-encoder-webm-vp8: eb34c28f22e8b96e1ab97ce403110664 -> 
  custom:audio-decoder-ogg-vorbis: bf7c407c2cedff20999df2af8eb42d56 -> 
  custom:scripting/monoscript/fileName/Misc.cs: 246d9d5aaf21070630ef885fe1125ea2 -> 7ed2e50827551a4e78c69f183dffa2c9
  custom:audio-encoder-webm-vorbis: bf7c407c2cedff20999df2af8eb42d56 -> 
  custom:scripting/monoscript/fileName/MaterialRepository.cs: 128c5f079d59296a900349dfa10fb5ae -> 
  custom:scripting/precompiled-assembly-types:Assembly-CSharp: 07e7dd28600559d92128d86ae33ef984 -> 72abcff13cd1eb93c15151ed6ddf2d35
========================================================================
Received Prepare
Caller must complete domain reload
Begin MonoManager ReloadAssembly
- Loaded All Assemblies, in  0.453 seconds
Native extension for WindowsStandalone target not found
Mono: successfully reloaded assembly
- Finished resetting the current domain, in  0.999 seconds
Domain Reload Profiling: 1448ms
	BeginReloadAssembly (144ms)
		ExecutionOrderSort (0ms)
		DisableScriptedObjects (6ms)
		BackupInstance (0ms)
		ReleaseScriptingObjects (0ms)
		CreateAndSetChildDomain (27ms)
	RebuildCommonClasses (33ms)
	RebuildNativeTypeToScriptingClass (10ms)
	initialDomainReloadingComplete (34ms)
	LoadAllAssembliesAndSetupDomain (228ms)
		LoadAssemblies (291ms)
		RebuildTransferFunctionScriptingTraits (0ms)
		AnalyzeDomain (14ms)
			TypeCache.Refresh (5ms)
				TypeCache.ScanAssembly (0ms)
			ScanForSourceGeneratedMonoScriptInfo (0ms)
			ResolveRequiredComponents (7ms)
	FinalizeReload (1000ms)
		ReleaseScriptCaches (0ms)
		RebuildScriptCaches (0ms)
		SetupLoadedEditorAssemblies (488ms)
			LogAssemblyErrors (0ms)
			InitializePlatformSupportModulesInManaged (7ms)
			SetLoadedEditorAssemblies (6ms)
			RefreshPlugins (0ms)
			BeforeProcessingInitializeOnLoad (95ms)
			ProcessInitializeOnLoadAttributes (351ms)
			ProcessInitializeOnLoadMethodAttributes (22ms)
			AfterProcessingInitializeOnLoad (7ms)
			EditorAssembliesLoaded (0ms)
		ExecutionOrderSort2 (0ms)
		AwakeInstancesAfterBackupRestoration (6ms)
Refreshing native plugins compatible for Editor in 4.21 ms, found 3 plugins.
Preloading 0 native plugins for Editor in 0.00 ms.
Unloading 3135 Unused Serialized files (Serialized files now loaded: 0)
Unloading 14 unused Assets / (28.5 KB). Loaded Objects now: 3715.
Memory consumption went from 120.4 MB to 120.3 MB.
Total: 2.294000 ms (FindLiveObjects: 0.189800 ms CreateObjectMapping: 0.089100 ms MarkObjects: 1.963700 ms  DeleteObjects: 0.050300 ms)

Prepare: number of updated asset objects reloaded= 0
AssetImportParameters requested are different than current active one (requested -> active):
  custom:scripting/monoscript/fileName/CFX_Demo_With_UIParticle.cs: 226f2c5431a3281109d962f41860d8fa -> 
  custom:scripting/monoscript/fileName/SpriteExtensions.cs: d15fc44627372ae38565323b74d7ae12 -> 
  custom:container-demuxer-ogg: 62fdf1f143b41e24485cea50d1cbac27 -> 
  custom:scripting/monoscript/fileName/UIParticle_PerformanceDemo.cs: 4f06c4b31cfbc934f9c8a4cffb890ea0 -> 
  custom:scripting/monoscript/fileName/UIParticleProjectSettings.cs: e67134131661b9872564981966bfc127 -> 
  custom:scripting/monoscript/fileName/UIParticle.cs: 2325898c5f7e7032e1304a953772e3db -> 
  custom:scripting/monoscript/fileName/Vector3Extensions.cs: d2785b660e92dd53626ae8ab3f74eb90 -> 
  custom:video-codec-MediaFoundation-h265: 746d11721c4dcdbdad8f713fa42b33f4 -> 
  custom:scripting/monoscript/fileName/UIExtraCallbacks.cs: 3d3413dbcd53c71899d73ab53a15ba37 -> 
  custom:video-decoder-ogg-theora: a1e56fd34408186e4bbccfd4996cb3dc -> 
  custom:scripting/monoscript/fileName/AnimatableProperty.cs: f35dc87c3f2df1477c8a408b8fbe37b5 -> 
  custom:scripting/monoscript/fileName/AnimatablePropertyEditor.cs: 1d03953670d8e406357019b192662737 -> 
  custom:scripting/monoscript/fileName/UIParticleMenu.cs: a4859bf31ac3affa2499cb7d11d0a844 -> 
  custom:framework-win-MediaFoundation: 216162199b28c13a410421893ffa2e32 -> 
  custom:scripting/monoscript/fileName/CanvasExtensions.cs: dd125fe003e3c2c37c4a99dbb0078950 -> 
  custom:scripting/monoscript/fileName/ComponentExtensions.cs: fb5af0f40f5d66304cb9361270b05072 -> 
  custom:scripting/monoscript/fileName/Logging.cs: 5f2ed8485a56b4e9e53aa65cdef27b10 -> 
  custom:CustomObjectIndexerAttribute: 9a22284fe3817be447336de3de66b15e -> 
  custom:container-demuxer-webm: 4f35f7cbe854078d1ac9338744f61a02 -> 
  custom:scripting/monoscript/fileName/FastAction.cs: 60eb5b7e04daf339f61dca5fd934100f -> dfbe75b66b645b53472915ad2590af11
  custom:scripting/monoscript/fileName/FrameCache.cs: 3dcf885da94f12c1b606c497e398faf9 -> 
  custom:scripting/monoscript/fileName/UIParticleEditor.cs: b6bdab8e4a72b4216e3f0c8f8ed45e99 -> 
  custom:container-muxer-webm: aa71ff27fc2769a1b78a27578f13a17b -> 
  custom:scripting/monoscript/fileName/ObjectRepository.cs: 0cdf409b5aa8d4c25876d72b5c6a3b60 -> 
  custom:scripting/monoscript/fileName/ObjectPool.cs: 0cdf409b5aa8d4c25876d72b5c6a3b60 -> 
  custom:video-decoder-webm-vp8: 9c59270c3fd7afecdb556c50c9e8de78 -> 
  custom:SearchIndexIgnoredProperties: e643bd26f0fe6173181afceb89e7c659 -> 
  custom:scripting/monoscript/fileName/CardPack.cs: c1b5d49f961e6852a391ca0d8a17b35b -> 
  custom:AudioImporter_EditorPlatform: d09bf68614088b80899f8185d706f6e7 -> 
  custom:scripting/monoscript/fileName/UIParticleAttractor.cs: 56646a28f8018ce8d626b6a0b28e5c77 -> 
  custom:scripting/monoscript/fileName/Color32Extensions.cs: 957a68f3e8b649a9394b51c6910ca65a -> 
  custom:scripting/monoscript/fileName/UIParticleRenderer.cs: e7d82b34b2b52af3ee36bf0e1f32e85d -> 
  custom:scripting/monoscript/fileName/UIParticleUpdater.cs: 64d938919628a112a7e9c9345f1ccb18 -> 
  custom:scripting/monoscript/fileName/NewTestScript.cs: 2eb4416447678e2004e156bd89cd8cbd -> 
  custom:scripting/monoscript/fileName/ParticleSystemExtensions.cs: a9d6841fd486ede512f2bde88014253e -> 
  custom:video-encoder-webm-vp8: eb34c28f22e8b96e1ab97ce403110664 -> 
  custom:audio-decoder-ogg-vorbis: bf7c407c2cedff20999df2af8eb42d56 -> 
  custom:scripting/monoscript/fileName/Misc.cs: 246d9d5aaf21070630ef885fe1125ea2 -> 7ed2e50827551a4e78c69f183dffa2c9
  custom:audio-encoder-webm-vorbis: bf7c407c2cedff20999df2af8eb42d56 -> 
  custom:scripting/monoscript/fileName/MaterialRepository.cs: 128c5f079d59296a900349dfa10fb5ae -> 
  custom:scripting/precompiled-assembly-types:Assembly-CSharp: 07e7dd28600559d92128d86ae33ef984 -> 72abcff13cd1eb93c15151ed6ddf2d35
========================================================================
Received Prepare
Caller must complete domain reload
Begin MonoManager ReloadAssembly
- Loaded All Assemblies, in  0.459 seconds
Native extension for WindowsStandalone target not found
Mono: successfully reloaded assembly
- Finished resetting the current domain, in  0.936 seconds
Domain Reload Profiling: 1393ms
	BeginReloadAssembly (146ms)
		ExecutionOrderSort (0ms)
		DisableScriptedObjects (5ms)
		BackupInstance (0ms)
		ReleaseScriptingObjects (0ms)
		CreateAndSetChildDomain (26ms)
	RebuildCommonClasses (36ms)
	RebuildNativeTypeToScriptingClass (10ms)
	initialDomainReloadingComplete (29ms)
	LoadAllAssembliesAndSetupDomain (235ms)
		LoadAssemblies (294ms)
		RebuildTransferFunctionScriptingTraits (0ms)
		AnalyzeDomain (23ms)
			TypeCache.Refresh (8ms)
				TypeCache.ScanAssembly (1ms)
			ScanForSourceGeneratedMonoScriptInfo (7ms)
			ResolveRequiredComponents (5ms)
	FinalizeReload (937ms)
		ReleaseScriptCaches (0ms)
		RebuildScriptCaches (0ms)
		SetupLoadedEditorAssemblies (471ms)
			LogAssemblyErrors (0ms)
			InitializePlatformSupportModulesInManaged (6ms)
			SetLoadedEditorAssemblies (6ms)
			RefreshPlugins (0ms)
			BeforeProcessingInitializeOnLoad (94ms)
			ProcessInitializeOnLoadAttributes (337ms)
			ProcessInitializeOnLoadMethodAttributes (20ms)
			AfterProcessingInitializeOnLoad (7ms)
			EditorAssembliesLoaded (0ms)
		ExecutionOrderSort2 (0ms)
		AwakeInstancesAfterBackupRestoration (9ms)
Refreshing native plugins compatible for Editor in 5.55 ms, found 3 plugins.
Preloading 0 native plugins for Editor in 0.00 ms.
Unloading 3135 Unused Serialized files (Serialized files now loaded: 0)
Unloading 14 unused Assets / (28.5 KB). Loaded Objects now: 3718.
Memory consumption went from 120.4 MB to 120.3 MB.
Total: 2.241000 ms (FindLiveObjects: 0.193600 ms CreateObjectMapping: 0.098500 ms MarkObjects: 1.913400 ms  DeleteObjects: 0.034300 ms)

Prepare: number of updated asset objects reloaded= 0
AssetImportParameters requested are different than current active one (requested -> active):
  custom:scripting/monoscript/fileName/CFX_Demo_With_UIParticle.cs: 226f2c5431a3281109d962f41860d8fa -> 
  custom:scripting/monoscript/fileName/SpriteExtensions.cs: d15fc44627372ae38565323b74d7ae12 -> 
  custom:container-demuxer-ogg: 62fdf1f143b41e24485cea50d1cbac27 -> 
  custom:scripting/monoscript/fileName/UIParticle_PerformanceDemo.cs: 4f06c4b31cfbc934f9c8a4cffb890ea0 -> 
  custom:scripting/monoscript/fileName/UIParticleProjectSettings.cs: e67134131661b9872564981966bfc127 -> 
  custom:scripting/monoscript/fileName/UIParticle.cs: 2325898c5f7e7032e1304a953772e3db -> 
  custom:scripting/monoscript/fileName/Vector3Extensions.cs: d2785b660e92dd53626ae8ab3f74eb90 -> 
  custom:video-codec-MediaFoundation-h265: 746d11721c4dcdbdad8f713fa42b33f4 -> 
  custom:scripting/monoscript/fileName/UIExtraCallbacks.cs: 3d3413dbcd53c71899d73ab53a15ba37 -> 
  custom:video-decoder-ogg-theora: a1e56fd34408186e4bbccfd4996cb3dc -> 
  custom:scripting/monoscript/fileName/AnimatableProperty.cs: f35dc87c3f2df1477c8a408b8fbe37b5 -> 
  custom:scripting/monoscript/fileName/AnimatablePropertyEditor.cs: 1d03953670d8e406357019b192662737 -> 
  custom:scripting/monoscript/fileName/UIParticleMenu.cs: a4859bf31ac3affa2499cb7d11d0a844 -> 
  custom:framework-win-MediaFoundation: 216162199b28c13a410421893ffa2e32 -> 
  custom:scripting/monoscript/fileName/CanvasExtensions.cs: dd125fe003e3c2c37c4a99dbb0078950 -> 
  custom:scripting/monoscript/fileName/ComponentExtensions.cs: fb5af0f40f5d66304cb9361270b05072 -> 
  custom:scripting/monoscript/fileName/Logging.cs: 5f2ed8485a56b4e9e53aa65cdef27b10 -> 
  custom:CustomObjectIndexerAttribute: 9a22284fe3817be447336de3de66b15e -> 
  custom:container-demuxer-webm: 4f35f7cbe854078d1ac9338744f61a02 -> 
  custom:scripting/monoscript/fileName/FastAction.cs: 60eb5b7e04daf339f61dca5fd934100f -> dfbe75b66b645b53472915ad2590af11
  custom:scripting/monoscript/fileName/FrameCache.cs: 3dcf885da94f12c1b606c497e398faf9 -> 
  custom:scripting/monoscript/fileName/UIParticleEditor.cs: b6bdab8e4a72b4216e3f0c8f8ed45e99 -> 
  custom:container-muxer-webm: aa71ff27fc2769a1b78a27578f13a17b -> 
  custom:scripting/monoscript/fileName/ObjectRepository.cs: 0cdf409b5aa8d4c25876d72b5c6a3b60 -> 
  custom:scripting/monoscript/fileName/ObjectPool.cs: 0cdf409b5aa8d4c25876d72b5c6a3b60 -> 
  custom:video-decoder-webm-vp8: 9c59270c3fd7afecdb556c50c9e8de78 -> 
  custom:SearchIndexIgnoredProperties: e643bd26f0fe6173181afceb89e7c659 -> 
  custom:scripting/monoscript/fileName/CardPack.cs: c1b5d49f961e6852a391ca0d8a17b35b -> 
  custom:AudioImporter_EditorPlatform: d09bf68614088b80899f8185d706f6e7 -> 
  custom:scripting/monoscript/fileName/UIParticleAttractor.cs: 56646a28f8018ce8d626b6a0b28e5c77 -> 
  custom:scripting/monoscript/fileName/Color32Extensions.cs: 957a68f3e8b649a9394b51c6910ca65a -> 
  custom:scripting/monoscript/fileName/UIParticleRenderer.cs: e7d82b34b2b52af3ee36bf0e1f32e85d -> 
  custom:scripting/monoscript/fileName/UIParticleUpdater.cs: 64d938919628a112a7e9c9345f1ccb18 -> 
  custom:scripting/monoscript/fileName/NewTestScript.cs: 2eb4416447678e2004e156bd89cd8cbd -> 
  custom:scripting/monoscript/fileName/ParticleSystemExtensions.cs: a9d6841fd486ede512f2bde88014253e -> 
  custom:video-encoder-webm-vp8: eb34c28f22e8b96e1ab97ce403110664 -> 
  custom:audio-decoder-ogg-vorbis: bf7c407c2cedff20999df2af8eb42d56 -> 
  custom:scripting/monoscript/fileName/Misc.cs: 246d9d5aaf21070630ef885fe1125ea2 -> 7ed2e50827551a4e78c69f183dffa2c9
  custom:audio-encoder-webm-vorbis: bf7c407c2cedff20999df2af8eb42d56 -> 
  custom:scripting/monoscript/fileName/MaterialRepository.cs: 128c5f079d59296a900349dfa10fb5ae -> 
  custom:scripting/precompiled-assembly-types:Assembly-CSharp: 07e7dd28600559d92128d86ae33ef984 -> 72abcff13cd1eb93c15151ed6ddf2d35
========================================================================
Received Prepare
Caller must complete domain reload
Begin MonoManager ReloadAssembly
- Loaded All Assemblies, in  0.447 seconds
Native extension for WindowsStandalone target not found
Mono: successfully reloaded assembly
- Finished resetting the current domain, in  1.001 seconds
Domain Reload Profiling: 1445ms
	BeginReloadAssembly (142ms)
		ExecutionOrderSort (0ms)
		DisableScriptedObjects (5ms)
		BackupInstance (0ms)
		ReleaseScriptingObjects (0ms)
		CreateAndSetChildDomain (26ms)
	RebuildCommonClasses (37ms)
	RebuildNativeTypeToScriptingClass (11ms)
	initialDomainReloadingComplete (28ms)
	LoadAllAssembliesAndSetupDomain (225ms)
		LoadAssemblies (296ms)
		RebuildTransferFunctionScriptingTraits (0ms)
		AnalyzeDomain (12ms)
			TypeCache.Refresh (5ms)
				TypeCache.ScanAssembly (0ms)
			ScanForSourceGeneratedMonoScriptInfo (0ms)
			ResolveRequiredComponents (5ms)
	FinalizeReload (1001ms)
		ReleaseScriptCaches (0ms)
		RebuildScriptCaches (0ms)
		SetupLoadedEditorAssemblies (492ms)
			LogAssemblyErrors (0ms)
			InitializePlatformSupportModulesInManaged (7ms)
			SetLoadedEditorAssemblies (6ms)
			RefreshPlugins (0ms)
			BeforeProcessingInitializeOnLoad (96ms)
			ProcessInitializeOnLoadAttributes (351ms)
			ProcessInitializeOnLoadMethodAttributes (24ms)
			AfterProcessingInitializeOnLoad (8ms)
			EditorAssembliesLoaded (0ms)
		ExecutionOrderSort2 (0ms)
		AwakeInstancesAfterBackupRestoration (7ms)
Refreshing native plugins compatible for Editor in 3.87 ms, found 3 plugins.
Preloading 0 native plugins for Editor in 0.00 ms.
Unloading 3135 Unused Serialized files (Serialized files now loaded: 0)
Unloading 14 unused Assets / (28.6 KB). Loaded Objects now: 3721.
Memory consumption went from 120.4 MB to 120.3 MB.
Total: 2.900200 ms (FindLiveObjects: 0.391700 ms CreateObjectMapping: 0.188500 ms MarkObjects: 2.286300 ms  DeleteObjects: 0.032800 ms)

Prepare: number of updated asset objects reloaded= 0
AssetImportParameters requested are different than current active one (requested -> active):
  custom:scripting/monoscript/fileName/CFX_Demo_With_UIParticle.cs: 226f2c5431a3281109d962f41860d8fa -> 
  custom:scripting/monoscript/fileName/SpriteExtensions.cs: d15fc44627372ae38565323b74d7ae12 -> 
  custom:container-demuxer-ogg: 62fdf1f143b41e24485cea50d1cbac27 -> 
  custom:scripting/monoscript/fileName/UIParticle_PerformanceDemo.cs: 4f06c4b31cfbc934f9c8a4cffb890ea0 -> 
  custom:scripting/monoscript/fileName/UIParticleProjectSettings.cs: e67134131661b9872564981966bfc127 -> 
  custom:scripting/monoscript/fileName/UIParticle.cs: 2325898c5f7e7032e1304a953772e3db -> 
  custom:scripting/monoscript/fileName/Vector3Extensions.cs: d2785b660e92dd53626ae8ab3f74eb90 -> 
  custom:video-codec-MediaFoundation-h265: 746d11721c4dcdbdad8f713fa42b33f4 -> 
  custom:scripting/monoscript/fileName/UIExtraCallbacks.cs: 3d3413dbcd53c71899d73ab53a15ba37 -> 
  custom:video-decoder-ogg-theora: a1e56fd34408186e4bbccfd4996cb3dc -> 
  custom:scripting/monoscript/fileName/AnimatableProperty.cs: f35dc87c3f2df1477c8a408b8fbe37b5 -> 
  custom:scripting/monoscript/fileName/AnimatablePropertyEditor.cs: 1d03953670d8e406357019b192662737 -> 
  custom:scripting/monoscript/fileName/UIParticleMenu.cs: a4859bf31ac3affa2499cb7d11d0a844 -> 
  custom:framework-win-MediaFoundation: 216162199b28c13a410421893ffa2e32 -> 
  custom:scripting/monoscript/fileName/CanvasExtensions.cs: dd125fe003e3c2c37c4a99dbb0078950 -> 
  custom:scripting/monoscript/fileName/ComponentExtensions.cs: fb5af0f40f5d66304cb9361270b05072 -> 
  custom:scripting/monoscript/fileName/Logging.cs: 5f2ed8485a56b4e9e53aa65cdef27b10 -> 
  custom:CustomObjectIndexerAttribute: 9a22284fe3817be447336de3de66b15e -> 
  custom:container-demuxer-webm: 4f35f7cbe854078d1ac9338744f61a02 -> 
  custom:scripting/monoscript/fileName/FastAction.cs: 60eb5b7e04daf339f61dca5fd934100f -> dfbe75b66b645b53472915ad2590af11
  custom:scripting/monoscript/fileName/FrameCache.cs: 3dcf885da94f12c1b606c497e398faf9 -> 
  custom:scripting/monoscript/fileName/UIParticleEditor.cs: b6bdab8e4a72b4216e3f0c8f8ed45e99 -> 
  custom:container-muxer-webm: aa71ff27fc2769a1b78a27578f13a17b -> 
  custom:scripting/monoscript/fileName/ObjectRepository.cs: 0cdf409b5aa8d4c25876d72b5c6a3b60 -> 
  custom:scripting/monoscript/fileName/ObjectPool.cs: 0cdf409b5aa8d4c25876d72b5c6a3b60 -> 
  custom:video-decoder-webm-vp8: 9c59270c3fd7afecdb556c50c9e8de78 -> 
  custom:SearchIndexIgnoredProperties: e643bd26f0fe6173181afceb89e7c659 -> 
  custom:scripting/monoscript/fileName/CardPack.cs: c1b5d49f961e6852a391ca0d8a17b35b -> 
  custom:AudioImporter_EditorPlatform: d09bf68614088b80899f8185d706f6e7 -> 
  custom:scripting/monoscript/fileName/UIParticleAttractor.cs: 56646a28f8018ce8d626b6a0b28e5c77 -> 
  custom:scripting/monoscript/fileName/Color32Extensions.cs: 957a68f3e8b649a9394b51c6910ca65a -> 
  custom:scripting/monoscript/fileName/UIParticleRenderer.cs: e7d82b34b2b52af3ee36bf0e1f32e85d -> 
  custom:scripting/monoscript/fileName/UIParticleUpdater.cs: 64d938919628a112a7e9c9345f1ccb18 -> 
  custom:scripting/monoscript/fileName/NewTestScript.cs: 2eb4416447678e2004e156bd89cd8cbd -> 
  custom:scripting/monoscript/fileName/ParticleSystemExtensions.cs: a9d6841fd486ede512f2bde88014253e -> 
  custom:video-encoder-webm-vp8: eb34c28f22e8b96e1ab97ce403110664 -> 
  custom:audio-decoder-ogg-vorbis: bf7c407c2cedff20999df2af8eb42d56 -> 
  custom:scripting/monoscript/fileName/Misc.cs: 246d9d5aaf21070630ef885fe1125ea2 -> 7ed2e50827551a4e78c69f183dffa2c9
  custom:audio-encoder-webm-vorbis: bf7c407c2cedff20999df2af8eb42d56 -> 
  custom:scripting/monoscript/fileName/MaterialRepository.cs: 128c5f079d59296a900349dfa10fb5ae -> 
  custom:scripting/precompiled-assembly-types:Assembly-CSharp: 07e7dd28600559d92128d86ae33ef984 -> 72abcff13cd1eb93c15151ed6ddf2d35
========================================================================
Received Prepare
Caller must complete domain reload
Begin MonoManager ReloadAssembly
- Loaded All Assemblies, in  0.469 seconds
Native extension for WindowsStandalone target not found
Mono: successfully reloaded assembly
- Finished resetting the current domain, in  0.999 seconds
Domain Reload Profiling: 1465ms
	BeginReloadAssembly (146ms)
		ExecutionOrderSort (0ms)
		DisableScriptedObjects (5ms)
		BackupInstance (0ms)
		ReleaseScriptingObjects (0ms)
		CreateAndSetChildDomain (31ms)
	RebuildCommonClasses (37ms)
	RebuildNativeTypeToScriptingClass (12ms)
	initialDomainReloadingComplete (34ms)
	LoadAllAssembliesAndSetupDomain (236ms)
		LoadAssemblies (304ms)
		RebuildTransferFunctionScriptingTraits (0ms)
		AnalyzeDomain (13ms)
			TypeCache.Refresh (5ms)
				TypeCache.ScanAssembly (0ms)
			ScanForSourceGeneratedMonoScriptInfo (0ms)
			ResolveRequiredComponents (5ms)
	FinalizeReload (999ms)
		ReleaseScriptCaches (0ms)
		RebuildScriptCaches (0ms)
		SetupLoadedEditorAssemblies (493ms)
			LogAssemblyErrors (0ms)
			InitializePlatformSupportModulesInManaged (8ms)
			SetLoadedEditorAssemblies (6ms)
			RefreshPlugins (0ms)
			BeforeProcessingInitializeOnLoad (96ms)
			ProcessInitializeOnLoadAttributes (354ms)
			ProcessInitializeOnLoadMethodAttributes (21ms)
			AfterProcessingInitializeOnLoad (7ms)
			EditorAssembliesLoaded (0ms)
		ExecutionOrderSort2 (0ms)
		AwakeInstancesAfterBackupRestoration (6ms)
Refreshing native plugins compatible for Editor in 3.82 ms, found 3 plugins.
Preloading 0 native plugins for Editor in 0.00 ms.
Unloading 3135 Unused Serialized files (Serialized files now loaded: 0)
Unloading 14 unused Assets / (28.6 KB). Loaded Objects now: 3724.
Memory consumption went from 120.4 MB to 120.3 MB.
Total: 2.523900 ms (FindLiveObjects: 0.268400 ms CreateObjectMapping: 0.122500 ms MarkObjects: 2.099200 ms  DeleteObjects: 0.032900 ms)

Prepare: number of updated asset objects reloaded= 0
AssetImportParameters requested are different than current active one (requested -> active):
  custom:scripting/monoscript/fileName/CFX_Demo_With_UIParticle.cs: 226f2c5431a3281109d962f41860d8fa -> 
  custom:scripting/monoscript/fileName/SpriteExtensions.cs: d15fc44627372ae38565323b74d7ae12 -> 
  custom:container-demuxer-ogg: 62fdf1f143b41e24485cea50d1cbac27 -> 
  custom:scripting/monoscript/fileName/UIParticle_PerformanceDemo.cs: 4f06c4b31cfbc934f9c8a4cffb890ea0 -> 
  custom:scripting/monoscript/fileName/UIParticleProjectSettings.cs: e67134131661b9872564981966bfc127 -> 
  custom:scripting/monoscript/fileName/UIParticle.cs: 2325898c5f7e7032e1304a953772e3db -> 
  custom:scripting/monoscript/fileName/Vector3Extensions.cs: d2785b660e92dd53626ae8ab3f74eb90 -> 
  custom:video-codec-MediaFoundation-h265: 746d11721c4dcdbdad8f713fa42b33f4 -> 
  custom:scripting/monoscript/fileName/UIExtraCallbacks.cs: 3d3413dbcd53c71899d73ab53a15ba37 -> 
  custom:video-decoder-ogg-theora: a1e56fd34408186e4bbccfd4996cb3dc -> 
  custom:scripting/monoscript/fileName/AnimatableProperty.cs: f35dc87c3f2df1477c8a408b8fbe37b5 -> 
  custom:scripting/monoscript/fileName/AnimatablePropertyEditor.cs: 1d03953670d8e406357019b192662737 -> 
  custom:scripting/monoscript/fileName/UIParticleMenu.cs: a4859bf31ac3affa2499cb7d11d0a844 -> 
  custom:framework-win-MediaFoundation: 216162199b28c13a410421893ffa2e32 -> 
  custom:scripting/monoscript/fileName/CanvasExtensions.cs: dd125fe003e3c2c37c4a99dbb0078950 -> 
  custom:scripting/monoscript/fileName/ComponentExtensions.cs: fb5af0f40f5d66304cb9361270b05072 -> 
  custom:scripting/monoscript/fileName/Logging.cs: 5f2ed8485a56b4e9e53aa65cdef27b10 -> 
  custom:CustomObjectIndexerAttribute: 9a22284fe3817be447336de3de66b15e -> 
  custom:container-demuxer-webm: 4f35f7cbe854078d1ac9338744f61a02 -> 
  custom:scripting/monoscript/fileName/FastAction.cs: 60eb5b7e04daf339f61dca5fd934100f -> dfbe75b66b645b53472915ad2590af11
  custom:scripting/monoscript/fileName/FrameCache.cs: 3dcf885da94f12c1b606c497e398faf9 -> 
  custom:scripting/monoscript/fileName/UIParticleEditor.cs: b6bdab8e4a72b4216e3f0c8f8ed45e99 -> 
  custom:container-muxer-webm: aa71ff27fc2769a1b78a27578f13a17b -> 
  custom:scripting/monoscript/fileName/ObjectRepository.cs: 0cdf409b5aa8d4c25876d72b5c6a3b60 -> 
  custom:scripting/monoscript/fileName/ObjectPool.cs: 0cdf409b5aa8d4c25876d72b5c6a3b60 -> 
  custom:video-decoder-webm-vp8: 9c59270c3fd7afecdb556c50c9e8de78 -> 
  custom:SearchIndexIgnoredProperties: e643bd26f0fe6173181afceb89e7c659 -> 
  custom:scripting/monoscript/fileName/CardPack.cs: c1b5d49f961e6852a391ca0d8a17b35b -> 
  custom:AudioImporter_EditorPlatform: d09bf68614088b80899f8185d706f6e7 -> 
  custom:scripting/monoscript/fileName/UIParticleAttractor.cs: 56646a28f8018ce8d626b6a0b28e5c77 -> 
  custom:scripting/monoscript/fileName/Color32Extensions.cs: 957a68f3e8b649a9394b51c6910ca65a -> 
  custom:scripting/monoscript/fileName/UIParticleRenderer.cs: e7d82b34b2b52af3ee36bf0e1f32e85d -> 
  custom:scripting/monoscript/fileName/UIParticleUpdater.cs: 64d938919628a112a7e9c9345f1ccb18 -> 
  custom:scripting/monoscript/fileName/NewTestScript.cs: 2eb4416447678e2004e156bd89cd8cbd -> 
  custom:scripting/monoscript/fileName/ParticleSystemExtensions.cs: a9d6841fd486ede512f2bde88014253e -> 
  custom:video-encoder-webm-vp8: eb34c28f22e8b96e1ab97ce403110664 -> 
  custom:audio-decoder-ogg-vorbis: bf7c407c2cedff20999df2af8eb42d56 -> 
  custom:scripting/monoscript/fileName/Misc.cs: 246d9d5aaf21070630ef885fe1125ea2 -> 7ed2e50827551a4e78c69f183dffa2c9
  custom:audio-encoder-webm-vorbis: bf7c407c2cedff20999df2af8eb42d56 -> 
  custom:scripting/monoscript/fileName/MaterialRepository.cs: 128c5f079d59296a900349dfa10fb5ae -> 
  custom:scripting/precompiled-assembly-types:Assembly-CSharp: 07e7dd28600559d92128d86ae33ef984 -> 72abcff13cd1eb93c15151ed6ddf2d35
========================================================================
Received Prepare
Caller must complete domain reload
Begin MonoManager ReloadAssembly
- Loaded All Assemblies, in  0.456 seconds
Native extension for WindowsStandalone target not found
Mono: successfully reloaded assembly
- Finished resetting the current domain, in  1.038 seconds
Domain Reload Profiling: 1491ms
	BeginReloadAssembly (150ms)
		ExecutionOrderSort (0ms)
		DisableScriptedObjects (6ms)
		BackupInstance (0ms)
		ReleaseScriptingObjects (0ms)
		CreateAndSetChildDomain (29ms)
	RebuildCommonClasses (33ms)
	RebuildNativeTypeToScriptingClass (9ms)
	initialDomainReloadingComplete (34ms)
	LoadAllAssembliesAndSetupDomain (227ms)
		LoadAssemblies (291ms)
		RebuildTransferFunctionScriptingTraits (0ms)
		AnalyzeDomain (21ms)
			TypeCache.Refresh (8ms)
				TypeCache.ScanAssembly (1ms)
			ScanForSourceGeneratedMonoScriptInfo (6ms)
			ResolveRequiredComponents (5ms)
	FinalizeReload (1038ms)
		ReleaseScriptCaches (0ms)
		RebuildScriptCaches (0ms)
		SetupLoadedEditorAssemblies (596ms)
			LogAssemblyErrors (0ms)
			InitializePlatformSupportModulesInManaged (6ms)
			SetLoadedEditorAssemblies (6ms)
			RefreshPlugins (0ms)
			BeforeProcessingInitializeOnLoad (173ms)
			ProcessInitializeOnLoadAttributes (385ms)
			ProcessInitializeOnLoadMethodAttributes (20ms)
			AfterProcessingInitializeOnLoad (7ms)
			EditorAssembliesLoaded (0ms)
		ExecutionOrderSort2 (0ms)
		AwakeInstancesAfterBackupRestoration (7ms)
Refreshing native plugins compatible for Editor in 3.46 ms, found 3 plugins.
Preloading 0 native plugins for Editor in 0.00 ms.
Unloading 3135 Unused Serialized files (Serialized files now loaded: 0)
Unloading 14 unused Assets / (28.6 KB). Loaded Objects now: 3727.
Memory consumption went from 120.4 MB to 120.3 MB.
Total: 2.283700 ms (FindLiveObjects: 0.177200 ms CreateObjectMapping: 0.083300 ms MarkObjects: 1.991100 ms  DeleteObjects: 0.031200 ms)

Prepare: number of updated asset objects reloaded= 0
AssetImportParameters requested are different than current active one (requested -> active):
  custom:scripting/monoscript/fileName/CFX_Demo_With_UIParticle.cs: 226f2c5431a3281109d962f41860d8fa -> 
  custom:scripting/monoscript/fileName/SpriteExtensions.cs: d15fc44627372ae38565323b74d7ae12 -> 
  custom:container-demuxer-ogg: 62fdf1f143b41e24485cea50d1cbac27 -> 
  custom:scripting/monoscript/fileName/UIParticle_PerformanceDemo.cs: 4f06c4b31cfbc934f9c8a4cffb890ea0 -> 
  custom:scripting/monoscript/fileName/UIParticleProjectSettings.cs: e67134131661b9872564981966bfc127 -> 
  custom:scripting/monoscript/fileName/UIParticle.cs: 2325898c5f7e7032e1304a953772e3db -> 
  custom:scripting/monoscript/fileName/Vector3Extensions.cs: d2785b660e92dd53626ae8ab3f74eb90 -> 
  custom:video-codec-MediaFoundation-h265: 746d11721c4dcdbdad8f713fa42b33f4 -> 
  custom:scripting/monoscript/fileName/UIExtraCallbacks.cs: 3d3413dbcd53c71899d73ab53a15ba37 -> 
  custom:video-decoder-ogg-theora: a1e56fd34408186e4bbccfd4996cb3dc -> 
  custom:scripting/monoscript/fileName/AnimatableProperty.cs: f35dc87c3f2df1477c8a408b8fbe37b5 -> 
  custom:scripting/monoscript/fileName/AnimatablePropertyEditor.cs: 1d03953670d8e406357019b192662737 -> 
  custom:scripting/monoscript/fileName/UIParticleMenu.cs: a4859bf31ac3affa2499cb7d11d0a844 -> 
  custom:framework-win-MediaFoundation: 216162199b28c13a410421893ffa2e32 -> 
  custom:scripting/monoscript/fileName/CanvasExtensions.cs: dd125fe003e3c2c37c4a99dbb0078950 -> 
  custom:scripting/monoscript/fileName/ComponentExtensions.cs: fb5af0f40f5d66304cb9361270b05072 -> 
  custom:scripting/monoscript/fileName/Logging.cs: 5f2ed8485a56b4e9e53aa65cdef27b10 -> 
  custom:CustomObjectIndexerAttribute: 9a22284fe3817be447336de3de66b15e -> 
  custom:container-demuxer-webm: 4f35f7cbe854078d1ac9338744f61a02 -> 
  custom:scripting/monoscript/fileName/FastAction.cs: 60eb5b7e04daf339f61dca5fd934100f -> dfbe75b66b645b53472915ad2590af11
  custom:scripting/monoscript/fileName/FrameCache.cs: 3dcf885da94f12c1b606c497e398faf9 -> 
  custom:scripting/monoscript/fileName/UIParticleEditor.cs: b6bdab8e4a72b4216e3f0c8f8ed45e99 -> 
  custom:container-muxer-webm: aa71ff27fc2769a1b78a27578f13a17b -> 
  custom:scripting/monoscript/fileName/ObjectRepository.cs: 0cdf409b5aa8d4c25876d72b5c6a3b60 -> 
  custom:scripting/monoscript/fileName/ObjectPool.cs: 0cdf409b5aa8d4c25876d72b5c6a3b60 -> 
  custom:video-decoder-webm-vp8: 9c59270c3fd7afecdb556c50c9e8de78 -> 
  custom:SearchIndexIgnoredProperties: e643bd26f0fe6173181afceb89e7c659 -> 
  custom:scripting/monoscript/fileName/CardPack.cs: c1b5d49f961e6852a391ca0d8a17b35b -> 
  custom:AudioImporter_EditorPlatform: d09bf68614088b80899f8185d706f6e7 -> 
  custom:scripting/monoscript/fileName/UIParticleAttractor.cs: 56646a28f8018ce8d626b6a0b28e5c77 -> 
  custom:scripting/monoscript/fileName/Color32Extensions.cs: 957a68f3e8b649a9394b51c6910ca65a -> 
  custom:scripting/monoscript/fileName/UIParticleRenderer.cs: e7d82b34b2b52af3ee36bf0e1f32e85d -> 
  custom:scripting/monoscript/fileName/UIParticleUpdater.cs: 64d938919628a112a7e9c9345f1ccb18 -> 
  custom:scripting/monoscript/fileName/NewTestScript.cs: 2eb4416447678e2004e156bd89cd8cbd -> 
  custom:scripting/monoscript/fileName/ParticleSystemExtensions.cs: a9d6841fd486ede512f2bde88014253e -> 
  custom:video-encoder-webm-vp8: eb34c28f22e8b96e1ab97ce403110664 -> 
  custom:audio-decoder-ogg-vorbis: bf7c407c2cedff20999df2af8eb42d56 -> 
  custom:scripting/monoscript/fileName/Misc.cs: 246d9d5aaf21070630ef885fe1125ea2 -> 7ed2e50827551a4e78c69f183dffa2c9
  custom:audio-encoder-webm-vorbis: bf7c407c2cedff20999df2af8eb42d56 -> 
  custom:scripting/monoscript/fileName/MaterialRepository.cs: 128c5f079d59296a900349dfa10fb5ae -> 
  custom:scripting/precompiled-assembly-types:Assembly-CSharp: 07e7dd28600559d92128d86ae33ef984 -> 72abcff13cd1eb93c15151ed6ddf2d35
========================================================================
Received Prepare
Caller must complete domain reload
Begin MonoManager ReloadAssembly
- Loaded All Assemblies, in  0.467 seconds
Native extension for WindowsStandalone target not found
Mono: successfully reloaded assembly
- Finished resetting the current domain, in  0.942 seconds
Domain Reload Profiling: 1407ms
	BeginReloadAssembly (151ms)
		ExecutionOrderSort (0ms)
		DisableScriptedObjects (6ms)
		BackupInstance (0ms)
		ReleaseScriptingObjects (0ms)
		CreateAndSetChildDomain (31ms)
	RebuildCommonClasses (37ms)
	RebuildNativeTypeToScriptingClass (11ms)
	initialDomainReloadingComplete (31ms)
	LoadAllAssembliesAndSetupDomain (235ms)
		LoadAssemblies (295ms)
		RebuildTransferFunctionScriptingTraits (0ms)
		AnalyzeDomain (24ms)
			TypeCache.Refresh (8ms)
				TypeCache.ScanAssembly (1ms)
			ScanForSourceGeneratedMonoScriptInfo (8ms)
			ResolveRequiredComponents (5ms)
	FinalizeReload (943ms)
		ReleaseScriptCaches (0ms)
		RebuildScriptCaches (0ms)
		SetupLoadedEditorAssemblies (465ms)
			LogAssemblyErrors (0ms)
			InitializePlatformSupportModulesInManaged (7ms)
			SetLoadedEditorAssemblies (6ms)
			RefreshPlugins (0ms)
			BeforeProcessingInitializeOnLoad (98ms)
			ProcessInitializeOnLoadAttributes (325ms)
			ProcessInitializeOnLoadMethodAttributes (22ms)
			AfterProcessingInitializeOnLoad (7ms)
			EditorAssembliesLoaded (0ms)
		ExecutionOrderSort2 (0ms)
		AwakeInstancesAfterBackupRestoration (6ms)
Refreshing native plugins compatible for Editor in 3.42 ms, found 3 plugins.
Preloading 0 native plugins for Editor in 0.00 ms.
Unloading 3135 Unused Serialized files (Serialized files now loaded: 0)
Unloading 14 unused Assets / (28.5 KB). Loaded Objects now: 3730.
Memory consumption went from 120.4 MB to 120.3 MB.
Total: 2.397000 ms (FindLiveObjects: 0.182300 ms CreateObjectMapping: 0.091700 ms MarkObjects: 2.091800 ms  DeleteObjects: 0.029900 ms)

Prepare: number of updated asset objects reloaded= 0
AssetImportParameters requested are different than current active one (requested -> active):
  custom:scripting/monoscript/fileName/CFX_Demo_With_UIParticle.cs: 226f2c5431a3281109d962f41860d8fa -> 
  custom:scripting/monoscript/fileName/SpriteExtensions.cs: d15fc44627372ae38565323b74d7ae12 -> 
  custom:container-demuxer-ogg: 62fdf1f143b41e24485cea50d1cbac27 -> 
  custom:scripting/monoscript/fileName/UIParticle_PerformanceDemo.cs: 4f06c4b31cfbc934f9c8a4cffb890ea0 -> 
  custom:scripting/monoscript/fileName/UIParticleProjectSettings.cs: e67134131661b9872564981966bfc127 -> 
  custom:scripting/monoscript/fileName/UIParticle.cs: 2325898c5f7e7032e1304a953772e3db -> 
  custom:scripting/monoscript/fileName/Vector3Extensions.cs: d2785b660e92dd53626ae8ab3f74eb90 -> 
  custom:video-codec-MediaFoundation-h265: 746d11721c4dcdbdad8f713fa42b33f4 -> 
  custom:scripting/monoscript/fileName/UIExtraCallbacks.cs: 3d3413dbcd53c71899d73ab53a15ba37 -> 
  custom:video-decoder-ogg-theora: a1e56fd34408186e4bbccfd4996cb3dc -> 
  custom:scripting/monoscript/fileName/AnimatableProperty.cs: f35dc87c3f2df1477c8a408b8fbe37b5 -> 
  custom:scripting/monoscript/fileName/AnimatablePropertyEditor.cs: 1d03953670d8e406357019b192662737 -> 
  custom:scripting/monoscript/fileName/UIParticleMenu.cs: a4859bf31ac3affa2499cb7d11d0a844 -> 
  custom:framework-win-MediaFoundation: 216162199b28c13a410421893ffa2e32 -> 
  custom:scripting/monoscript/fileName/CanvasExtensions.cs: dd125fe003e3c2c37c4a99dbb0078950 -> 
  custom:scripting/monoscript/fileName/ComponentExtensions.cs: fb5af0f40f5d66304cb9361270b05072 -> 
  custom:scripting/monoscript/fileName/Logging.cs: 5f2ed8485a56b4e9e53aa65cdef27b10 -> 
  custom:CustomObjectIndexerAttribute: 9a22284fe3817be447336de3de66b15e -> 
  custom:container-demuxer-webm: 4f35f7cbe854078d1ac9338744f61a02 -> 
  custom:scripting/monoscript/fileName/FastAction.cs: 60eb5b7e04daf339f61dca5fd934100f -> dfbe75b66b645b53472915ad2590af11
  custom:scripting/monoscript/fileName/FrameCache.cs: 3dcf885da94f12c1b606c497e398faf9 -> 
  custom:scripting/monoscript/fileName/UIParticleEditor.cs: b6bdab8e4a72b4216e3f0c8f8ed45e99 -> 
  custom:container-muxer-webm: aa71ff27fc2769a1b78a27578f13a17b -> 
  custom:scripting/monoscript/fileName/ObjectRepository.cs: 0cdf409b5aa8d4c25876d72b5c6a3b60 -> 
  custom:scripting/monoscript/fileName/ObjectPool.cs: 0cdf409b5aa8d4c25876d72b5c6a3b60 -> 
  custom:video-decoder-webm-vp8: 9c59270c3fd7afecdb556c50c9e8de78 -> 
  custom:SearchIndexIgnoredProperties: e643bd26f0fe6173181afceb89e7c659 -> 
  custom:scripting/monoscript/fileName/CardPack.cs: c1b5d49f961e6852a391ca0d8a17b35b -> 
  custom:AudioImporter_EditorPlatform: d09bf68614088b80899f8185d706f6e7 -> 
  custom:scripting/monoscript/fileName/UIParticleAttractor.cs: 56646a28f8018ce8d626b6a0b28e5c77 -> 
  custom:scripting/monoscript/fileName/Color32Extensions.cs: 957a68f3e8b649a9394b51c6910ca65a -> 
  custom:scripting/monoscript/fileName/UIParticleRenderer.cs: e7d82b34b2b52af3ee36bf0e1f32e85d -> 
  custom:scripting/monoscript/fileName/UIParticleUpdater.cs: 64d938919628a112a7e9c9345f1ccb18 -> 
  custom:scripting/monoscript/fileName/NewTestScript.cs: 2eb4416447678e2004e156bd89cd8cbd -> 
  custom:scripting/monoscript/fileName/ParticleSystemExtensions.cs: a9d6841fd486ede512f2bde88014253e -> 
  custom:video-encoder-webm-vp8: eb34c28f22e8b96e1ab97ce403110664 -> 
  custom:audio-decoder-ogg-vorbis: bf7c407c2cedff20999df2af8eb42d56 -> 
  custom:scripting/monoscript/fileName/Misc.cs: 246d9d5aaf21070630ef885fe1125ea2 -> 7ed2e50827551a4e78c69f183dffa2c9
  custom:audio-encoder-webm-vorbis: bf7c407c2cedff20999df2af8eb42d56 -> 
  custom:scripting/monoscript/fileName/MaterialRepository.cs: 128c5f079d59296a900349dfa10fb5ae -> 
  custom:scripting/precompiled-assembly-types:Assembly-CSharp: 07e7dd28600559d92128d86ae33ef984 -> 72abcff13cd1eb93c15151ed6ddf2d35
========================================================================
Received Prepare
Caller must complete domain reload
Begin MonoManager ReloadAssembly
- Loaded All Assemblies, in  0.464 seconds
Native extension for WindowsStandalone target not found
Mono: successfully reloaded assembly
- Finished resetting the current domain, in  1.008 seconds
Domain Reload Profiling: 1468ms
	BeginReloadAssembly (150ms)
		ExecutionOrderSort (0ms)
		DisableScriptedObjects (9ms)
		BackupInstance (0ms)
		ReleaseScriptingObjects (0ms)
		CreateAndSetChildDomain (26ms)
	RebuildCommonClasses (36ms)
	RebuildNativeTypeToScriptingClass (13ms)
	initialDomainReloadingComplete (30ms)
	LoadAllAssembliesAndSetupDomain (230ms)
		LoadAssemblies (299ms)
		RebuildTransferFunctionScriptingTraits (0ms)
		AnalyzeDomain (14ms)
			TypeCache.Refresh (5ms)
				TypeCache.ScanAssembly (0ms)
			ScanForSourceGeneratedMonoScriptInfo (0ms)
			ResolveRequiredComponents (6ms)
	FinalizeReload (1009ms)
		ReleaseScriptCaches (0ms)
		RebuildScriptCaches (0ms)
		SetupLoadedEditorAssemblies (498ms)
			LogAssemblyErrors (0ms)
			InitializePlatformSupportModulesInManaged (7ms)
			SetLoadedEditorAssemblies (6ms)
			RefreshPlugins (0ms)
			BeforeProcessingInitializeOnLoad (98ms)
			ProcessInitializeOnLoadAttributes (357ms)
			ProcessInitializeOnLoadMethodAttributes (23ms)
			AfterProcessingInitializeOnLoad (8ms)
			EditorAssembliesLoaded (0ms)
		ExecutionOrderSort2 (0ms)
		AwakeInstancesAfterBackupRestoration (6ms)
Refreshing native plugins compatible for Editor in 4.74 ms, found 3 plugins.
Preloading 0 native plugins for Editor in 0.00 ms.
Unloading 3135 Unused Serialized files (Serialized files now loaded: 0)
Unloading 14 unused Assets / (28.6 KB). Loaded Objects now: 3733.
Memory consumption went from 120.4 MB to 120.3 MB.
Total: 2.268100 ms (FindLiveObjects: 0.180000 ms CreateObjectMapping: 0.087200 ms MarkObjects: 1.969000 ms  DeleteObjects: 0.031100 ms)

Prepare: number of updated asset objects reloaded= 0
AssetImportParameters requested are different than current active one (requested -> active):
  custom:scripting/monoscript/fileName/CFX_Demo_With_UIParticle.cs: 226f2c5431a3281109d962f41860d8fa -> 
  custom:scripting/monoscript/fileName/SpriteExtensions.cs: d15fc44627372ae38565323b74d7ae12 -> 
  custom:container-demuxer-ogg: 62fdf1f143b41e24485cea50d1cbac27 -> 
  custom:scripting/monoscript/fileName/UIParticle_PerformanceDemo.cs: 4f06c4b31cfbc934f9c8a4cffb890ea0 -> 
  custom:scripting/monoscript/fileName/UIParticleProjectSettings.cs: e67134131661b9872564981966bfc127 -> 
  custom:scripting/monoscript/fileName/UIParticle.cs: 2325898c5f7e7032e1304a953772e3db -> 
  custom:scripting/monoscript/fileName/Vector3Extensions.cs: d2785b660e92dd53626ae8ab3f74eb90 -> 
  custom:video-codec-MediaFoundation-h265: 746d11721c4dcdbdad8f713fa42b33f4 -> 
  custom:scripting/monoscript/fileName/UIExtraCallbacks.cs: 3d3413dbcd53c71899d73ab53a15ba37 -> 
  custom:video-decoder-ogg-theora: a1e56fd34408186e4bbccfd4996cb3dc -> 
  custom:scripting/monoscript/fileName/AnimatableProperty.cs: f35dc87c3f2df1477c8a408b8fbe37b5 -> 
  custom:scripting/monoscript/fileName/AnimatablePropertyEditor.cs: 1d03953670d8e406357019b192662737 -> 
  custom:scripting/monoscript/fileName/UIParticleMenu.cs: a4859bf31ac3affa2499cb7d11d0a844 -> 
  custom:framework-win-MediaFoundation: 216162199b28c13a410421893ffa2e32 -> 
  custom:scripting/monoscript/fileName/CanvasExtensions.cs: dd125fe003e3c2c37c4a99dbb0078950 -> 
  custom:scripting/monoscript/fileName/ComponentExtensions.cs: fb5af0f40f5d66304cb9361270b05072 -> 
  custom:scripting/monoscript/fileName/Logging.cs: 5f2ed8485a56b4e9e53aa65cdef27b10 -> 
  custom:CustomObjectIndexerAttribute: 9a22284fe3817be447336de3de66b15e -> 
  custom:container-demuxer-webm: 4f35f7cbe854078d1ac9338744f61a02 -> 
  custom:scripting/monoscript/fileName/FastAction.cs: 60eb5b7e04daf339f61dca5fd934100f -> dfbe75b66b645b53472915ad2590af11
  custom:scripting/monoscript/fileName/FrameCache.cs: 3dcf885da94f12c1b606c497e398faf9 -> 
  custom:scripting/monoscript/fileName/UIParticleEditor.cs: b6bdab8e4a72b4216e3f0c8f8ed45e99 -> 
  custom:container-muxer-webm: aa71ff27fc2769a1b78a27578f13a17b -> 
  custom:scripting/monoscript/fileName/ObjectRepository.cs: 0cdf409b5aa8d4c25876d72b5c6a3b60 -> 
  custom:scripting/monoscript/fileName/ObjectPool.cs: 0cdf409b5aa8d4c25876d72b5c6a3b60 -> 
  custom:video-decoder-webm-vp8: 9c59270c3fd7afecdb556c50c9e8de78 -> 
  custom:SearchIndexIgnoredProperties: e643bd26f0fe6173181afceb89e7c659 -> 
  custom:scripting/monoscript/fileName/CardPack.cs: c1b5d49f961e6852a391ca0d8a17b35b -> 
  custom:AudioImporter_EditorPlatform: d09bf68614088b80899f8185d706f6e7 -> 
  custom:scripting/monoscript/fileName/UIParticleAttractor.cs: 56646a28f8018ce8d626b6a0b28e5c77 -> 
  custom:scripting/monoscript/fileName/Color32Extensions.cs: 957a68f3e8b649a9394b51c6910ca65a -> 
  custom:scripting/monoscript/fileName/UIParticleRenderer.cs: e7d82b34b2b52af3ee36bf0e1f32e85d -> 
  custom:scripting/monoscript/fileName/UIParticleUpdater.cs: 64d938919628a112a7e9c9345f1ccb18 -> 
  custom:scripting/monoscript/fileName/NewTestScript.cs: 2eb4416447678e2004e156bd89cd8cbd -> 
  custom:scripting/monoscript/fileName/ParticleSystemExtensions.cs: a9d6841fd486ede512f2bde88014253e -> 
  custom:video-encoder-webm-vp8: eb34c28f22e8b96e1ab97ce403110664 -> 
  custom:audio-decoder-ogg-vorbis: bf7c407c2cedff20999df2af8eb42d56 -> 
  custom:scripting/monoscript/fileName/Misc.cs: 246d9d5aaf21070630ef885fe1125ea2 -> 7ed2e50827551a4e78c69f183dffa2c9
  custom:audio-encoder-webm-vorbis: bf7c407c2cedff20999df2af8eb42d56 -> 
  custom:scripting/monoscript/fileName/MaterialRepository.cs: 128c5f079d59296a900349dfa10fb5ae -> 
  custom:scripting/precompiled-assembly-types:Assembly-CSharp: 07e7dd28600559d92128d86ae33ef984 -> 72abcff13cd1eb93c15151ed6ddf2d35
========================================================================
Received Prepare
Caller must complete domain reload
Begin MonoManager ReloadAssembly
- Loaded All Assemblies, in  0.465 seconds
Native extension for WindowsStandalone target not found
Mono: successfully reloaded assembly
- Finished resetting the current domain, in  0.898 seconds
Domain Reload Profiling: 1360ms
	BeginReloadAssembly (156ms)
		ExecutionOrderSort (0ms)
		DisableScriptedObjects (6ms)
		BackupInstance (0ms)
		ReleaseScriptingObjects (0ms)
		CreateAndSetChildDomain (34ms)
	RebuildCommonClasses (36ms)
	RebuildNativeTypeToScriptingClass (11ms)
	initialDomainReloadingComplete (32ms)
	LoadAllAssembliesAndSetupDomain (226ms)
		LoadAssemblies (290ms)
		RebuildTransferFunctionScriptingTraits (0ms)
		AnalyzeDomain (22ms)
			TypeCache.Refresh (9ms)
				TypeCache.ScanAssembly (1ms)
			ScanForSourceGeneratedMonoScriptInfo (7ms)
			ResolveRequiredComponents (5ms)
	FinalizeReload (898ms)
		ReleaseScriptCaches (0ms)
		RebuildScriptCaches (0ms)
		SetupLoadedEditorAssemblies (454ms)
			LogAssemblyErrors (0ms)
			InitializePlatformSupportModulesInManaged (7ms)
			SetLoadedEditorAssemblies (5ms)
			RefreshPlugins (0ms)
			BeforeProcessingInitializeOnLoad (93ms)
			ProcessInitializeOnLoadAttributes (320ms)
			ProcessInitializeOnLoadMethodAttributes (22ms)
			AfterProcessingInitializeOnLoad (7ms)
			EditorAssembliesLoaded (0ms)
		ExecutionOrderSort2 (0ms)
		AwakeInstancesAfterBackupRestoration (5ms)
Refreshing native plugins compatible for Editor in 3.40 ms, found 3 plugins.
Preloading 0 native plugins for Editor in 0.00 ms.
Unloading 3135 Unused Serialized files (Serialized files now loaded: 0)
Unloading 14 unused Assets / (28.6 KB). Loaded Objects now: 3736.
Memory consumption went from 120.4 MB to 120.3 MB.
Total: 3.600700 ms (FindLiveObjects: 0.230400 ms CreateObjectMapping: 0.126100 ms MarkObjects: 3.181000 ms  DeleteObjects: 0.062000 ms)

Prepare: number of updated asset objects reloaded= 0
AssetImportParameters requested are different than current active one (requested -> active):
  custom:scripting/monoscript/fileName/CFX_Demo_With_UIParticle.cs: 226f2c5431a3281109d962f41860d8fa -> 
  custom:scripting/monoscript/fileName/SpriteExtensions.cs: d15fc44627372ae38565323b74d7ae12 -> 
  custom:container-demuxer-ogg: 62fdf1f143b41e24485cea50d1cbac27 -> 
  custom:scripting/monoscript/fileName/UIParticle_PerformanceDemo.cs: 4f06c4b31cfbc934f9c8a4cffb890ea0 -> 
  custom:scripting/monoscript/fileName/UIParticleProjectSettings.cs: e67134131661b9872564981966bfc127 -> 
  custom:scripting/monoscript/fileName/UIParticle.cs: 2325898c5f7e7032e1304a953772e3db -> 
  custom:scripting/monoscript/fileName/Vector3Extensions.cs: d2785b660e92dd53626ae8ab3f74eb90 -> 
  custom:video-codec-MediaFoundation-h265: 746d11721c4dcdbdad8f713fa42b33f4 -> 
  custom:scripting/monoscript/fileName/UIExtraCallbacks.cs: 3d3413dbcd53c71899d73ab53a15ba37 -> 
  custom:video-decoder-ogg-theora: a1e56fd34408186e4bbccfd4996cb3dc -> 
  custom:scripting/monoscript/fileName/AnimatableProperty.cs: f35dc87c3f2df1477c8a408b8fbe37b5 -> 
  custom:scripting/monoscript/fileName/AnimatablePropertyEditor.cs: 1d03953670d8e406357019b192662737 -> 
  custom:scripting/monoscript/fileName/UIParticleMenu.cs: a4859bf31ac3affa2499cb7d11d0a844 -> 
  custom:framework-win-MediaFoundation: 216162199b28c13a410421893ffa2e32 -> 
  custom:scripting/monoscript/fileName/CanvasExtensions.cs: dd125fe003e3c2c37c4a99dbb0078950 -> 
  custom:scripting/monoscript/fileName/ComponentExtensions.cs: fb5af0f40f5d66304cb9361270b05072 -> 
  custom:scripting/monoscript/fileName/Logging.cs: 5f2ed8485a56b4e9e53aa65cdef27b10 -> 
  custom:CustomObjectIndexerAttribute: 9a22284fe3817be447336de3de66b15e -> 
  custom:container-demuxer-webm: 4f35f7cbe854078d1ac9338744f61a02 -> 
  custom:scripting/monoscript/fileName/FastAction.cs: 60eb5b7e04daf339f61dca5fd934100f -> dfbe75b66b645b53472915ad2590af11
  custom:scripting/monoscript/fileName/FrameCache.cs: 3dcf885da94f12c1b606c497e398faf9 -> 
  custom:scripting/monoscript/fileName/UIParticleEditor.cs: b6bdab8e4a72b4216e3f0c8f8ed45e99 -> 
  custom:container-muxer-webm: aa71ff27fc2769a1b78a27578f13a17b -> 
  custom:scripting/monoscript/fileName/ObjectRepository.cs: 0cdf409b5aa8d4c25876d72b5c6a3b60 -> 
  custom:scripting/monoscript/fileName/ObjectPool.cs: 0cdf409b5aa8d4c25876d72b5c6a3b60 -> 
  custom:video-decoder-webm-vp8: 9c59270c3fd7afecdb556c50c9e8de78 -> 
  custom:SearchIndexIgnoredProperties: e643bd26f0fe6173181afceb89e7c659 -> 
  custom:scripting/monoscript/fileName/CardPack.cs: c1b5d49f961e6852a391ca0d8a17b35b -> 
  custom:AudioImporter_EditorPlatform: d09bf68614088b80899f8185d706f6e7 -> 
  custom:scripting/monoscript/fileName/UIParticleAttractor.cs: 56646a28f8018ce8d626b6a0b28e5c77 -> 
  custom:scripting/monoscript/fileName/Color32Extensions.cs: 957a68f3e8b649a9394b51c6910ca65a -> 
  custom:scripting/monoscript/fileName/UIParticleRenderer.cs: e7d82b34b2b52af3ee36bf0e1f32e85d -> 
  custom:scripting/monoscript/fileName/UIParticleUpdater.cs: 64d938919628a112a7e9c9345f1ccb18 -> 
  custom:scripting/monoscript/fileName/NewTestScript.cs: 2eb4416447678e2004e156bd89cd8cbd -> 
  custom:scripting/monoscript/fileName/ParticleSystemExtensions.cs: a9d6841fd486ede512f2bde88014253e -> 
  custom:video-encoder-webm-vp8: eb34c28f22e8b96e1ab97ce403110664 -> 
  custom:audio-decoder-ogg-vorbis: bf7c407c2cedff20999df2af8eb42d56 -> 
  custom:scripting/monoscript/fileName/Misc.cs: 246d9d5aaf21070630ef885fe1125ea2 -> 7ed2e50827551a4e78c69f183dffa2c9
  custom:audio-encoder-webm-vorbis: bf7c407c2cedff20999df2af8eb42d56 -> 
  custom:scripting/monoscript/fileName/MaterialRepository.cs: 128c5f079d59296a900349dfa10fb5ae -> 
  custom:scripting/precompiled-assembly-types:Assembly-CSharp: 07e7dd28600559d92128d86ae33ef984 -> 72abcff13cd1eb93c15151ed6ddf2d35
========================================================================
Received Prepare
Caller must complete domain reload
Begin MonoManager ReloadAssembly
- Loaded All Assemblies, in  0.445 seconds
Native extension for WindowsStandalone target not found
Mono: successfully reloaded assembly
- Finished resetting the current domain, in  0.999 seconds
Domain Reload Profiling: 1442ms
	BeginReloadAssembly (143ms)
		ExecutionOrderSort (0ms)
		DisableScriptedObjects (6ms)
		BackupInstance (0ms)
		ReleaseScriptingObjects (0ms)
		CreateAndSetChildDomain (27ms)
	RebuildCommonClasses (33ms)
	RebuildNativeTypeToScriptingClass (11ms)
	initialDomainReloadingComplete (30ms)
	LoadAllAssembliesAndSetupDomain (226ms)
		LoadAssemblies (290ms)
		RebuildTransferFunctionScriptingTraits (0ms)
		AnalyzeDomain (13ms)
			TypeCache.Refresh (4ms)
				TypeCache.ScanAssembly (0ms)
			ScanForSourceGeneratedMonoScriptInfo (0ms)
			ResolveRequiredComponents (6ms)
	FinalizeReload (1000ms)
		ReleaseScriptCaches (0ms)
		RebuildScriptCaches (0ms)
		SetupLoadedEditorAssemblies (487ms)
			LogAssemblyErrors (0ms)
			InitializePlatformSupportModulesInManaged (8ms)
			SetLoadedEditorAssemblies (5ms)
			RefreshPlugins (0ms)
			BeforeProcessingInitializeOnLoad (94ms)
			ProcessInitializeOnLoadAttributes (348ms)
			ProcessInitializeOnLoadMethodAttributes (23ms)
			AfterProcessingInitializeOnLoad (8ms)
			EditorAssembliesLoaded (0ms)
		ExecutionOrderSort2 (0ms)
		AwakeInstancesAfterBackupRestoration (7ms)
Refreshing native plugins compatible for Editor in 3.60 ms, found 3 plugins.
Preloading 0 native plugins for Editor in 0.00 ms.
Unloading 3135 Unused Serialized files (Serialized files now loaded: 0)
Unloading 14 unused Assets / (28.5 KB). Loaded Objects now: 3739.
Memory consumption went from 120.4 MB to 120.3 MB.
Total: 2.297800 ms (FindLiveObjects: 0.225900 ms CreateObjectMapping: 0.126600 ms MarkObjects: 1.917100 ms  DeleteObjects: 0.027500 ms)

Prepare: number of updated asset objects reloaded= 0
AssetImportParameters requested are different than current active one (requested -> active):
  custom:scripting/monoscript/fileName/CFX_Demo_With_UIParticle.cs: 226f2c5431a3281109d962f41860d8fa -> 
  custom:scripting/monoscript/fileName/SpriteExtensions.cs: d15fc44627372ae38565323b74d7ae12 -> 
  custom:container-demuxer-ogg: 62fdf1f143b41e24485cea50d1cbac27 -> 
  custom:scripting/monoscript/fileName/UIParticle_PerformanceDemo.cs: 4f06c4b31cfbc934f9c8a4cffb890ea0 -> 
  custom:scripting/monoscript/fileName/UIParticleProjectSettings.cs: e67134131661b9872564981966bfc127 -> 
  custom:scripting/monoscript/fileName/UIParticle.cs: 2325898c5f7e7032e1304a953772e3db -> 
  custom:scripting/monoscript/fileName/Vector3Extensions.cs: d2785b660e92dd53626ae8ab3f74eb90 -> 
  custom:video-codec-MediaFoundation-h265: 746d11721c4dcdbdad8f713fa42b33f4 -> 
  custom:scripting/monoscript/fileName/UIExtraCallbacks.cs: 3d3413dbcd53c71899d73ab53a15ba37 -> 
  custom:video-decoder-ogg-theora: a1e56fd34408186e4bbccfd4996cb3dc -> 
  custom:scripting/monoscript/fileName/AnimatableProperty.cs: f35dc87c3f2df1477c8a408b8fbe37b5 -> 
  custom:scripting/monoscript/fileName/AnimatablePropertyEditor.cs: 1d03953670d8e406357019b192662737 -> 
  custom:scripting/monoscript/fileName/UIParticleMenu.cs: a4859bf31ac3affa2499cb7d11d0a844 -> 
  custom:framework-win-MediaFoundation: 216162199b28c13a410421893ffa2e32 -> 
  custom:scripting/monoscript/fileName/CanvasExtensions.cs: dd125fe003e3c2c37c4a99dbb0078950 -> 
  custom:scripting/monoscript/fileName/ComponentExtensions.cs: fb5af0f40f5d66304cb9361270b05072 -> 
  custom:scripting/monoscript/fileName/Logging.cs: 5f2ed8485a56b4e9e53aa65cdef27b10 -> 
  custom:CustomObjectIndexerAttribute: 9a22284fe3817be447336de3de66b15e -> 
  custom:container-demuxer-webm: 4f35f7cbe854078d1ac9338744f61a02 -> 
  custom:scripting/monoscript/fileName/FastAction.cs: 60eb5b7e04daf339f61dca5fd934100f -> dfbe75b66b645b53472915ad2590af11
  custom:scripting/monoscript/fileName/FrameCache.cs: 3dcf885da94f12c1b606c497e398faf9 -> 
  custom:scripting/monoscript/fileName/UIParticleEditor.cs: b6bdab8e4a72b4216e3f0c8f8ed45e99 -> 
  custom:container-muxer-webm: aa71ff27fc2769a1b78a27578f13a17b -> 
  custom:scripting/monoscript/fileName/ObjectRepository.cs: 0cdf409b5aa8d4c25876d72b5c6a3b60 -> 
  custom:scripting/monoscript/fileName/ObjectPool.cs: 0cdf409b5aa8d4c25876d72b5c6a3b60 -> 
  custom:video-decoder-webm-vp8: 9c59270c3fd7afecdb556c50c9e8de78 -> 
  custom:SearchIndexIgnoredProperties: e643bd26f0fe6173181afceb89e7c659 -> 
  custom:scripting/monoscript/fileName/CardPack.cs: c1b5d49f961e6852a391ca0d8a17b35b -> 
  custom:AudioImporter_EditorPlatform: d09bf68614088b80899f8185d706f6e7 -> 
  custom:scripting/monoscript/fileName/UIParticleAttractor.cs: 56646a28f8018ce8d626b6a0b28e5c77 -> 
  custom:scripting/monoscript/fileName/Color32Extensions.cs: 957a68f3e8b649a9394b51c6910ca65a -> 
  custom:scripting/monoscript/fileName/UIParticleRenderer.cs: e7d82b34b2b52af3ee36bf0e1f32e85d -> 
  custom:scripting/monoscript/fileName/UIParticleUpdater.cs: 64d938919628a112a7e9c9345f1ccb18 -> 
  custom:scripting/monoscript/fileName/NewTestScript.cs: 2eb4416447678e2004e156bd89cd8cbd -> 
  custom:scripting/monoscript/fileName/ParticleSystemExtensions.cs: a9d6841fd486ede512f2bde88014253e -> 
  custom:video-encoder-webm-vp8: eb34c28f22e8b96e1ab97ce403110664 -> 
  custom:audio-decoder-ogg-vorbis: bf7c407c2cedff20999df2af8eb42d56 -> 
  custom:scripting/monoscript/fileName/Misc.cs: 246d9d5aaf21070630ef885fe1125ea2 -> 7ed2e50827551a4e78c69f183dffa2c9
  custom:audio-encoder-webm-vorbis: bf7c407c2cedff20999df2af8eb42d56 -> 
  custom:scripting/monoscript/fileName/MaterialRepository.cs: 128c5f079d59296a900349dfa10fb5ae -> 
  custom:scripting/precompiled-assembly-types:Assembly-CSharp: 07e7dd28600559d92128d86ae33ef984 -> 72abcff13cd1eb93c15151ed6ddf2d35
========================================================================
Received Prepare
Caller must complete domain reload
Begin MonoManager ReloadAssembly
- Loaded All Assemblies, in  0.458 seconds
Native extension for WindowsStandalone target not found
Mono: successfully reloaded assembly
- Finished resetting the current domain, in  1.048 seconds
Domain Reload Profiling: 1504ms
	BeginReloadAssembly (151ms)
		ExecutionOrderSort (0ms)
		DisableScriptedObjects (5ms)
		BackupInstance (0ms)
		ReleaseScriptingObjects (0ms)
		CreateAndSetChildDomain (31ms)
	RebuildCommonClasses (30ms)
	RebuildNativeTypeToScriptingClass (10ms)
	initialDomainReloadingComplete (34ms)
	LoadAllAssembliesAndSetupDomain (229ms)
		LoadAssemblies (300ms)
		RebuildTransferFunctionScriptingTraits (0ms)
		AnalyzeDomain (12ms)
			TypeCache.Refresh (5ms)
				TypeCache.ScanAssembly (0ms)
			ScanForSourceGeneratedMonoScriptInfo (0ms)
			ResolveRequiredComponents (5ms)
	FinalizeReload (1048ms)
		ReleaseScriptCaches (0ms)
		RebuildScriptCaches (0ms)
		SetupLoadedEditorAssemblies (494ms)
			LogAssemblyErrors (0ms)
			InitializePlatformSupportModulesInManaged (8ms)
			SetLoadedEditorAssemblies (6ms)
			RefreshPlugins (0ms)
			BeforeProcessingInitializeOnLoad (101ms)
			ProcessInitializeOnLoadAttributes (349ms)
			ProcessInitializeOnLoadMethodAttributes (22ms)
			AfterProcessingInitializeOnLoad (7ms)
			EditorAssembliesLoaded (0ms)
		ExecutionOrderSort2 (0ms)
		AwakeInstancesAfterBackupRestoration (6ms)
Refreshing native plugins compatible for Editor in 3.77 ms, found 3 plugins.
Preloading 0 native plugins for Editor in 0.00 ms.
Unloading 3135 Unused Serialized files (Serialized files now loaded: 0)
Unloading 14 unused Assets / (28.6 KB). Loaded Objects now: 3742.
Memory consumption went from 120.4 MB to 120.3 MB.
Total: 2.461600 ms (FindLiveObjects: 0.251800 ms CreateObjectMapping: 0.125500 ms MarkObjects: 2.047500 ms  DeleteObjects: 0.035800 ms)

Prepare: number of updated asset objects reloaded= 0
AssetImportParameters requested are different than current active one (requested -> active):
  custom:scripting/monoscript/fileName/CFX_Demo_With_UIParticle.cs: 226f2c5431a3281109d962f41860d8fa -> 
  custom:scripting/monoscript/fileName/SpriteExtensions.cs: d15fc44627372ae38565323b74d7ae12 -> 
  custom:container-demuxer-ogg: 62fdf1f143b41e24485cea50d1cbac27 -> 
  custom:scripting/monoscript/fileName/UIParticle_PerformanceDemo.cs: 4f06c4b31cfbc934f9c8a4cffb890ea0 -> 
  custom:scripting/monoscript/fileName/UIParticleProjectSettings.cs: e67134131661b9872564981966bfc127 -> 
  custom:scripting/monoscript/fileName/UIParticle.cs: 2325898c5f7e7032e1304a953772e3db -> 
  custom:scripting/monoscript/fileName/Vector3Extensions.cs: d2785b660e92dd53626ae8ab3f74eb90 -> 
  custom:video-codec-MediaFoundation-h265: 746d11721c4dcdbdad8f713fa42b33f4 -> 
  custom:scripting/monoscript/fileName/UIExtraCallbacks.cs: 3d3413dbcd53c71899d73ab53a15ba37 -> 
  custom:video-decoder-ogg-theora: a1e56fd34408186e4bbccfd4996cb3dc -> 
  custom:scripting/monoscript/fileName/AnimatableProperty.cs: f35dc87c3f2df1477c8a408b8fbe37b5 -> 
  custom:scripting/monoscript/fileName/AnimatablePropertyEditor.cs: 1d03953670d8e406357019b192662737 -> 
  custom:scripting/monoscript/fileName/UIParticleMenu.cs: a4859bf31ac3affa2499cb7d11d0a844 -> 
  custom:framework-win-MediaFoundation: 216162199b28c13a410421893ffa2e32 -> 
  custom:scripting/monoscript/fileName/CanvasExtensions.cs: dd125fe003e3c2c37c4a99dbb0078950 -> 
  custom:scripting/monoscript/fileName/ComponentExtensions.cs: fb5af0f40f5d66304cb9361270b05072 -> 
  custom:scripting/monoscript/fileName/Logging.cs: 5f2ed8485a56b4e9e53aa65cdef27b10 -> 
  custom:CustomObjectIndexerAttribute: 9a22284fe3817be447336de3de66b15e -> 
  custom:container-demuxer-webm: 4f35f7cbe854078d1ac9338744f61a02 -> 
  custom:scripting/monoscript/fileName/FastAction.cs: 60eb5b7e04daf339f61dca5fd934100f -> dfbe75b66b645b53472915ad2590af11
  custom:scripting/monoscript/fileName/FrameCache.cs: 3dcf885da94f12c1b606c497e398faf9 -> 
  custom:scripting/monoscript/fileName/UIParticleEditor.cs: b6bdab8e4a72b4216e3f0c8f8ed45e99 -> 
  custom:container-muxer-webm: aa71ff27fc2769a1b78a27578f13a17b -> 
  custom:scripting/monoscript/fileName/ObjectRepository.cs: 0cdf409b5aa8d4c25876d72b5c6a3b60 -> 
  custom:scripting/monoscript/fileName/ObjectPool.cs: 0cdf409b5aa8d4c25876d72b5c6a3b60 -> 
  custom:video-decoder-webm-vp8: 9c59270c3fd7afecdb556c50c9e8de78 -> 
  custom:SearchIndexIgnoredProperties: e643bd26f0fe6173181afceb89e7c659 -> 
  custom:scripting/monoscript/fileName/CardPack.cs: c1b5d49f961e6852a391ca0d8a17b35b -> 
  custom:AudioImporter_EditorPlatform: d09bf68614088b80899f8185d706f6e7 -> 
  custom:scripting/monoscript/fileName/UIParticleAttractor.cs: 56646a28f8018ce8d626b6a0b28e5c77 -> 
  custom:scripting/monoscript/fileName/Color32Extensions.cs: 957a68f3e8b649a9394b51c6910ca65a -> 
  custom:scripting/monoscript/fileName/UIParticleRenderer.cs: e7d82b34b2b52af3ee36bf0e1f32e85d -> 
  custom:scripting/monoscript/fileName/UIParticleUpdater.cs: 64d938919628a112a7e9c9345f1ccb18 -> 
  custom:scripting/monoscript/fileName/NewTestScript.cs: 2eb4416447678e2004e156bd89cd8cbd -> 
  custom:scripting/monoscript/fileName/ParticleSystemExtensions.cs: a9d6841fd486ede512f2bde88014253e -> 
  custom:video-encoder-webm-vp8: eb34c28f22e8b96e1ab97ce403110664 -> 
  custom:audio-decoder-ogg-vorbis: bf7c407c2cedff20999df2af8eb42d56 -> 
  custom:scripting/monoscript/fileName/Misc.cs: 246d9d5aaf21070630ef885fe1125ea2 -> 7ed2e50827551a4e78c69f183dffa2c9
  custom:audio-encoder-webm-vorbis: bf7c407c2cedff20999df2af8eb42d56 -> 
  custom:scripting/monoscript/fileName/MaterialRepository.cs: 128c5f079d59296a900349dfa10fb5ae -> 
  custom:scripting/precompiled-assembly-types:Assembly-CSharp: 07e7dd28600559d92128d86ae33ef984 -> 72abcff13cd1eb93c15151ed6ddf2d35
========================================================================
Received Prepare
Caller must complete domain reload
Begin MonoManager ReloadAssembly
- Loaded All Assemblies, in  0.540 seconds
Native extension for WindowsStandalone target not found
Mono: successfully reloaded assembly
- Finished resetting the current domain, in  1.094 seconds
Domain Reload Profiling: 1631ms
	BeginReloadAssembly (143ms)
		ExecutionOrderSort (0ms)
		DisableScriptedObjects (6ms)
		BackupInstance (0ms)
		ReleaseScriptingObjects (0ms)
		CreateAndSetChildDomain (28ms)
	RebuildCommonClasses (35ms)
	RebuildNativeTypeToScriptingClass (12ms)
	initialDomainReloadingComplete (37ms)
	LoadAllAssembliesAndSetupDomain (309ms)
		LoadAssemblies (375ms)
		RebuildTransferFunctionScriptingTraits (0ms)
		AnalyzeDomain (13ms)
			TypeCache.Refresh (5ms)
				TypeCache.ScanAssembly (0ms)
			ScanForSourceGeneratedMonoScriptInfo (0ms)
			ResolveRequiredComponents (5ms)
	FinalizeReload (1095ms)
		ReleaseScriptCaches (0ms)
		RebuildScriptCaches (0ms)
		SetupLoadedEditorAssemblies (535ms)
			LogAssemblyErrors (0ms)
			InitializePlatformSupportModulesInManaged (7ms)
			SetLoadedEditorAssemblies (6ms)
			RefreshPlugins (0ms)
			BeforeProcessingInitializeOnLoad (101ms)
			ProcessInitializeOnLoadAttributes (385ms)
			ProcessInitializeOnLoadMethodAttributes (26ms)
			AfterProcessingInitializeOnLoad (9ms)
			EditorAssembliesLoaded (0ms)
		ExecutionOrderSort2 (0ms)
		AwakeInstancesAfterBackupRestoration (7ms)
Refreshing native plugins compatible for Editor in 3.97 ms, found 3 plugins.
Preloading 0 native plugins for Editor in 0.00 ms.
Unloading 3135 Unused Serialized files (Serialized files now loaded: 0)
Unloading 14 unused Assets / (28.6 KB). Loaded Objects now: 3745.
Memory consumption went from 120.4 MB to 120.3 MB.
Total: 3.362400 ms (FindLiveObjects: 0.213800 ms CreateObjectMapping: 0.095300 ms MarkObjects: 3.017000 ms  DeleteObjects: 0.034900 ms)

Prepare: number of updated asset objects reloaded= 0
AssetImportParameters requested are different than current active one (requested -> active):
  custom:scripting/monoscript/fileName/CFX_Demo_With_UIParticle.cs: 226f2c5431a3281109d962f41860d8fa -> 
  custom:scripting/monoscript/fileName/SpriteExtensions.cs: d15fc44627372ae38565323b74d7ae12 -> 
  custom:container-demuxer-ogg: 62fdf1f143b41e24485cea50d1cbac27 -> 
  custom:scripting/monoscript/fileName/UIParticle_PerformanceDemo.cs: 4f06c4b31cfbc934f9c8a4cffb890ea0 -> 
  custom:scripting/monoscript/fileName/UIParticleProjectSettings.cs: e67134131661b9872564981966bfc127 -> 
  custom:scripting/monoscript/fileName/UIParticle.cs: 2325898c5f7e7032e1304a953772e3db -> 
  custom:scripting/monoscript/fileName/Vector3Extensions.cs: d2785b660e92dd53626ae8ab3f74eb90 -> 
  custom:video-codec-MediaFoundation-h265: 746d11721c4dcdbdad8f713fa42b33f4 -> 
  custom:scripting/monoscript/fileName/UIExtraCallbacks.cs: 3d3413dbcd53c71899d73ab53a15ba37 -> 
  custom:video-decoder-ogg-theora: a1e56fd34408186e4bbccfd4996cb3dc -> 
  custom:scripting/monoscript/fileName/AnimatableProperty.cs: f35dc87c3f2df1477c8a408b8fbe37b5 -> 
  custom:scripting/monoscript/fileName/AnimatablePropertyEditor.cs: 1d03953670d8e406357019b192662737 -> 
  custom:scripting/monoscript/fileName/UIParticleMenu.cs: a4859bf31ac3affa2499cb7d11d0a844 -> 
  custom:framework-win-MediaFoundation: 216162199b28c13a410421893ffa2e32 -> 
  custom:scripting/monoscript/fileName/CanvasExtensions.cs: dd125fe003e3c2c37c4a99dbb0078950 -> 
  custom:scripting/monoscript/fileName/ComponentExtensions.cs: fb5af0f40f5d66304cb9361270b05072 -> 
  custom:scripting/monoscript/fileName/Logging.cs: 5f2ed8485a56b4e9e53aa65cdef27b10 -> 
  custom:CustomObjectIndexerAttribute: 9a22284fe3817be447336de3de66b15e -> 
  custom:container-demuxer-webm: 4f35f7cbe854078d1ac9338744f61a02 -> 
  custom:scripting/monoscript/fileName/FastAction.cs: 60eb5b7e04daf339f61dca5fd934100f -> dfbe75b66b645b53472915ad2590af11
  custom:scripting/monoscript/fileName/FrameCache.cs: 3dcf885da94f12c1b606c497e398faf9 -> 
  custom:scripting/monoscript/fileName/UIParticleEditor.cs: b6bdab8e4a72b4216e3f0c8f8ed45e99 -> 
  custom:container-muxer-webm: aa71ff27fc2769a1b78a27578f13a17b -> 
  custom:scripting/monoscript/fileName/ObjectRepository.cs: 0cdf409b5aa8d4c25876d72b5c6a3b60 -> 
  custom:scripting/monoscript/fileName/ObjectPool.cs: 0cdf409b5aa8d4c25876d72b5c6a3b60 -> 
  custom:video-decoder-webm-vp8: 9c59270c3fd7afecdb556c50c9e8de78 -> 
  custom:SearchIndexIgnoredProperties: e643bd26f0fe6173181afceb89e7c659 -> 
  custom:scripting/monoscript/fileName/CardPack.cs: c1b5d49f961e6852a391ca0d8a17b35b -> 
  custom:AudioImporter_EditorPlatform: d09bf68614088b80899f8185d706f6e7 -> 
  custom:scripting/monoscript/fileName/UIParticleAttractor.cs: 56646a28f8018ce8d626b6a0b28e5c77 -> 
  custom:scripting/monoscript/fileName/Color32Extensions.cs: 957a68f3e8b649a9394b51c6910ca65a -> 
  custom:scripting/monoscript/fileName/UIParticleRenderer.cs: e7d82b34b2b52af3ee36bf0e1f32e85d -> 
  custom:scripting/monoscript/fileName/UIParticleUpdater.cs: 64d938919628a112a7e9c9345f1ccb18 -> 
  custom:scripting/monoscript/fileName/NewTestScript.cs: 2eb4416447678e2004e156bd89cd8cbd -> 
  custom:scripting/monoscript/fileName/ParticleSystemExtensions.cs: a9d6841fd486ede512f2bde88014253e -> 
  custom:video-encoder-webm-vp8: eb34c28f22e8b96e1ab97ce403110664 -> 
  custom:audio-decoder-ogg-vorbis: bf7c407c2cedff20999df2af8eb42d56 -> 
  custom:scripting/monoscript/fileName/Misc.cs: 246d9d5aaf21070630ef885fe1125ea2 -> 7ed2e50827551a4e78c69f183dffa2c9
  custom:audio-encoder-webm-vorbis: bf7c407c2cedff20999df2af8eb42d56 -> 
  custom:scripting/monoscript/fileName/MaterialRepository.cs: 128c5f079d59296a900349dfa10fb5ae -> 
  custom:scripting/precompiled-assembly-types:Assembly-CSharp: 07e7dd28600559d92128d86ae33ef984 -> 72abcff13cd1eb93c15151ed6ddf2d35
========================================================================
Received Prepare
Caller must complete domain reload
Begin MonoManager ReloadAssembly
- Loaded All Assemblies, in  2.102 seconds
Native extension for WindowsStandalone target not found
Mono: successfully reloaded assembly
- Finished resetting the current domain, in 11.695 seconds
Domain Reload Profiling: 13794ms
	BeginReloadAssembly (150ms)
		ExecutionOrderSort (0ms)
		DisableScriptedObjects (5ms)
		BackupInstance (0ms)
		ReleaseScriptingObjects (0ms)
		CreateAndSetChildDomain (32ms)
	RebuildCommonClasses (30ms)
	RebuildNativeTypeToScriptingClass (9ms)
	initialDomainReloadingComplete (30ms)
	LoadAllAssembliesAndSetupDomain (1880ms)
		LoadAssemblies (1934ms)
		RebuildTransferFunctionScriptingTraits (0ms)
		AnalyzeDomain (27ms)
			TypeCache.Refresh (8ms)
				TypeCache.ScanAssembly (1ms)
			ScanForSourceGeneratedMonoScriptInfo (10ms)
			ResolveRequiredComponents (6ms)
	FinalizeReload (11695ms)
		ReleaseScriptCaches (0ms)
		RebuildScriptCaches (0ms)
		SetupLoadedEditorAssemblies (488ms)
			LogAssemblyErrors (0ms)
			InitializePlatformSupportModulesInManaged (6ms)
			SetLoadedEditorAssemblies (5ms)
			RefreshPlugins (0ms)
			BeforeProcessingInitializeOnLoad (95ms)
			ProcessInitializeOnLoadAttributes (349ms)
			ProcessInitializeOnLoadMethodAttributes (24ms)
			AfterProcessingInitializeOnLoad (8ms)
			EditorAssembliesLoaded (0ms)
		ExecutionOrderSort2 (0ms)
		AwakeInstancesAfterBackupRestoration (6ms)
Refreshing native plugins compatible for Editor in 4.13 ms, found 3 plugins.
Preloading 0 native plugins for Editor in 0.00 ms.
Unloading 3135 Unused Serialized files (Serialized files now loaded: 0)
Unloading 14 unused Assets / (28.6 KB). Loaded Objects now: 3748.
Memory consumption went from 120.4 MB to 120.3 MB.
Total: 3.725900 ms (FindLiveObjects: 0.292700 ms CreateObjectMapping: 0.121100 ms MarkObjects: 3.245500 ms  DeleteObjects: 0.065500 ms)

Prepare: number of updated asset objects reloaded= 0
AssetImportParameters requested are different than current active one (requested -> active):
  custom:scripting/monoscript/fileName/CFX_Demo_With_UIParticle.cs: 226f2c5431a3281109d962f41860d8fa -> 
  custom:scripting/monoscript/fileName/SpriteExtensions.cs: d15fc44627372ae38565323b74d7ae12 -> 
  custom:container-demuxer-ogg: 62fdf1f143b41e24485cea50d1cbac27 -> 
  custom:scripting/monoscript/fileName/UIParticle_PerformanceDemo.cs: 4f06c4b31cfbc934f9c8a4cffb890ea0 -> 
  custom:scripting/monoscript/fileName/UIParticleProjectSettings.cs: e67134131661b9872564981966bfc127 -> 
  custom:scripting/monoscript/fileName/UIParticle.cs: 2325898c5f7e7032e1304a953772e3db -> 
  custom:scripting/monoscript/fileName/Vector3Extensions.cs: d2785b660e92dd53626ae8ab3f74eb90 -> 
  custom:video-codec-MediaFoundation-h265: 746d11721c4dcdbdad8f713fa42b33f4 -> 
  custom:scripting/monoscript/fileName/UIExtraCallbacks.cs: 3d3413dbcd53c71899d73ab53a15ba37 -> 
  custom:video-decoder-ogg-theora: a1e56fd34408186e4bbccfd4996cb3dc -> 
  custom:scripting/monoscript/fileName/AnimatableProperty.cs: f35dc87c3f2df1477c8a408b8fbe37b5 -> 
  custom:scripting/monoscript/fileName/AnimatablePropertyEditor.cs: 1d03953670d8e406357019b192662737 -> 
  custom:scripting/monoscript/fileName/UIParticleMenu.cs: a4859bf31ac3affa2499cb7d11d0a844 -> 
  custom:framework-win-MediaFoundation: 216162199b28c13a410421893ffa2e32 -> 
  custom:scripting/monoscript/fileName/CanvasExtensions.cs: dd125fe003e3c2c37c4a99dbb0078950 -> 
  custom:scripting/monoscript/fileName/ComponentExtensions.cs: fb5af0f40f5d66304cb9361270b05072 -> 
  custom:scripting/monoscript/fileName/Logging.cs: 5f2ed8485a56b4e9e53aa65cdef27b10 -> 
  custom:CustomObjectIndexerAttribute: 9a22284fe3817be447336de3de66b15e -> 
  custom:container-demuxer-webm: 4f35f7cbe854078d1ac9338744f61a02 -> 
  custom:scripting/monoscript/fileName/FastAction.cs: 60eb5b7e04daf339f61dca5fd934100f -> dfbe75b66b645b53472915ad2590af11
  custom:scripting/monoscript/fileName/FrameCache.cs: 3dcf885da94f12c1b606c497e398faf9 -> 
  custom:scripting/monoscript/fileName/UIParticleEditor.cs: b6bdab8e4a72b4216e3f0c8f8ed45e99 -> 
  custom:container-muxer-webm: aa71ff27fc2769a1b78a27578f13a17b -> 
  custom:scripting/monoscript/fileName/ObjectRepository.cs: 0cdf409b5aa8d4c25876d72b5c6a3b60 -> 
  custom:scripting/monoscript/fileName/ObjectPool.cs: 0cdf409b5aa8d4c25876d72b5c6a3b60 -> 
  custom:video-decoder-webm-vp8: 9c59270c3fd7afecdb556c50c9e8de78 -> 
  custom:SearchIndexIgnoredProperties: e643bd26f0fe6173181afceb89e7c659 -> 
  custom:scripting/monoscript/fileName/CardPack.cs: c1b5d49f961e6852a391ca0d8a17b35b -> 
  custom:AudioImporter_EditorPlatform: d09bf68614088b80899f8185d706f6e7 -> 
  custom:scripting/monoscript/fileName/UIParticleAttractor.cs: 56646a28f8018ce8d626b6a0b28e5c77 -> 
  custom:scripting/monoscript/fileName/Color32Extensions.cs: 957a68f3e8b649a9394b51c6910ca65a -> 
  custom:scripting/monoscript/fileName/UIParticleRenderer.cs: e7d82b34b2b52af3ee36bf0e1f32e85d -> 
  custom:scripting/monoscript/fileName/UIParticleUpdater.cs: 64d938919628a112a7e9c9345f1ccb18 -> 
  custom:scripting/monoscript/fileName/NewTestScript.cs: 2eb4416447678e2004e156bd89cd8cbd -> 
  custom:scripting/monoscript/fileName/ParticleSystemExtensions.cs: a9d6841fd486ede512f2bde88014253e -> 
  custom:video-encoder-webm-vp8: eb34c28f22e8b96e1ab97ce403110664 -> 
  custom:audio-decoder-ogg-vorbis: bf7c407c2cedff20999df2af8eb42d56 -> 
  custom:scripting/monoscript/fileName/Misc.cs: 246d9d5aaf21070630ef885fe1125ea2 -> 7ed2e50827551a4e78c69f183dffa2c9
  custom:audio-encoder-webm-vorbis: bf7c407c2cedff20999df2af8eb42d56 -> 
  custom:scripting/monoscript/fileName/MaterialRepository.cs: 128c5f079d59296a900349dfa10fb5ae -> 
  custom:scripting/precompiled-assembly-types:Assembly-CSharp: a53d2298c2cf12c3384f81894e0b0ea1 -> 72abcff13cd1eb93c15151ed6ddf2d35
========================================================================
Received Prepare
Caller must complete domain reload
Begin MonoManager ReloadAssembly
- Loaded All Assemblies, in  0.469 seconds
Native extension for WindowsStandalone target not found
Mono: successfully reloaded assembly
- Finished resetting the current domain, in  1.077 seconds
Domain Reload Profiling: 1542ms
	BeginReloadAssembly (148ms)
		ExecutionOrderSort (0ms)
		DisableScriptedObjects (5ms)
		BackupInstance (0ms)
		ReleaseScriptingObjects (0ms)
		CreateAndSetChildDomain (30ms)
	RebuildCommonClasses (32ms)
	RebuildNativeTypeToScriptingClass (11ms)
	initialDomainReloadingComplete (34ms)
	LoadAllAssembliesAndSetupDomain (240ms)
		LoadAssemblies (300ms)
		RebuildTransferFunctionScriptingTraits (0ms)
		AnalyzeDomain (21ms)
			TypeCache.Refresh (8ms)
				TypeCache.ScanAssembly (1ms)
			ScanForSourceGeneratedMonoScriptInfo (6ms)
			ResolveRequiredComponents (5ms)
	FinalizeReload (1077ms)
		ReleaseScriptCaches (0ms)
		RebuildScriptCaches (0ms)
		SetupLoadedEditorAssemblies (575ms)
			LogAssemblyErrors (0ms)
			InitializePlatformSupportModulesInManaged (7ms)
			SetLoadedEditorAssemblies (6ms)
			RefreshPlugins (0ms)
			BeforeProcessingInitializeOnLoad (102ms)
			ProcessInitializeOnLoadAttributes (429ms)
			ProcessInitializeOnLoadMethodAttributes (23ms)
			AfterProcessingInitializeOnLoad (8ms)
			EditorAssembliesLoaded (0ms)
		ExecutionOrderSort2 (0ms)
		AwakeInstancesAfterBackupRestoration (6ms)
Refreshing native plugins compatible for Editor in 3.36 ms, found 3 plugins.
Preloading 0 native plugins for Editor in 0.00 ms.
Unloading 3135 Unused Serialized files (Serialized files now loaded: 0)
Unloading 14 unused Assets / (28.5 KB). Loaded Objects now: 3751.
Memory consumption went from 120.4 MB to 120.3 MB.
Total: 2.284700 ms (FindLiveObjects: 0.191800 ms CreateObjectMapping: 0.106900 ms MarkObjects: 1.948400 ms  DeleteObjects: 0.036700 ms)

Prepare: number of updated asset objects reloaded= 0
AssetImportParameters requested are different than current active one (requested -> active):
  custom:scripting/monoscript/fileName/CFX_Demo_With_UIParticle.cs: 226f2c5431a3281109d962f41860d8fa -> 
  custom:scripting/monoscript/fileName/SpriteExtensions.cs: d15fc44627372ae38565323b74d7ae12 -> 
  custom:container-demuxer-ogg: 62fdf1f143b41e24485cea50d1cbac27 -> 
  custom:scripting/monoscript/fileName/UIParticle_PerformanceDemo.cs: 4f06c4b31cfbc934f9c8a4cffb890ea0 -> 
  custom:scripting/monoscript/fileName/UIParticleProjectSettings.cs: e67134131661b9872564981966bfc127 -> 
  custom:scripting/monoscript/fileName/UIParticle.cs: 2325898c5f7e7032e1304a953772e3db -> 
  custom:scripting/monoscript/fileName/Vector3Extensions.cs: d2785b660e92dd53626ae8ab3f74eb90 -> 
  custom:video-codec-MediaFoundation-h265: 746d11721c4dcdbdad8f713fa42b33f4 -> 
  custom:scripting/monoscript/fileName/UIExtraCallbacks.cs: 3d3413dbcd53c71899d73ab53a15ba37 -> 
  custom:video-decoder-ogg-theora: a1e56fd34408186e4bbccfd4996cb3dc -> 
  custom:scripting/monoscript/fileName/AnimatableProperty.cs: f35dc87c3f2df1477c8a408b8fbe37b5 -> 
  custom:scripting/monoscript/fileName/AnimatablePropertyEditor.cs: 1d03953670d8e406357019b192662737 -> 
  custom:scripting/monoscript/fileName/UIParticleMenu.cs: a4859bf31ac3affa2499cb7d11d0a844 -> 
  custom:framework-win-MediaFoundation: 216162199b28c13a410421893ffa2e32 -> 
  custom:scripting/monoscript/fileName/CanvasExtensions.cs: dd125fe003e3c2c37c4a99dbb0078950 -> 
  custom:scripting/monoscript/fileName/ComponentExtensions.cs: fb5af0f40f5d66304cb9361270b05072 -> 
  custom:scripting/monoscript/fileName/Logging.cs: 5f2ed8485a56b4e9e53aa65cdef27b10 -> 
  custom:CustomObjectIndexerAttribute: 9a22284fe3817be447336de3de66b15e -> 
  custom:container-demuxer-webm: 4f35f7cbe854078d1ac9338744f61a02 -> 
  custom:scripting/monoscript/fileName/FastAction.cs: 60eb5b7e04daf339f61dca5fd934100f -> dfbe75b66b645b53472915ad2590af11
  custom:scripting/monoscript/fileName/FrameCache.cs: 3dcf885da94f12c1b606c497e398faf9 -> 
  custom:scripting/monoscript/fileName/UIParticleEditor.cs: b6bdab8e4a72b4216e3f0c8f8ed45e99 -> 
  custom:container-muxer-webm: aa71ff27fc2769a1b78a27578f13a17b -> 
  custom:scripting/monoscript/fileName/ObjectRepository.cs: 0cdf409b5aa8d4c25876d72b5c6a3b60 -> 
  custom:scripting/monoscript/fileName/ObjectPool.cs: 0cdf409b5aa8d4c25876d72b5c6a3b60 -> 
  custom:video-decoder-webm-vp8: 9c59270c3fd7afecdb556c50c9e8de78 -> 
  custom:SearchIndexIgnoredProperties: e643bd26f0fe6173181afceb89e7c659 -> 
  custom:scripting/monoscript/fileName/CardPack.cs: c1b5d49f961e6852a391ca0d8a17b35b -> 
  custom:AudioImporter_EditorPlatform: d09bf68614088b80899f8185d706f6e7 -> 
  custom:scripting/monoscript/fileName/UIParticleAttractor.cs: 56646a28f8018ce8d626b6a0b28e5c77 -> 
  custom:scripting/monoscript/fileName/Color32Extensions.cs: 957a68f3e8b649a9394b51c6910ca65a -> 
  custom:scripting/monoscript/fileName/UIParticleRenderer.cs: e7d82b34b2b52af3ee36bf0e1f32e85d -> 
  custom:scripting/monoscript/fileName/UIParticleUpdater.cs: 64d938919628a112a7e9c9345f1ccb18 -> 
  custom:scripting/monoscript/fileName/NewTestScript.cs: 2eb4416447678e2004e156bd89cd8cbd -> 
  custom:scripting/monoscript/fileName/ParticleSystemExtensions.cs: a9d6841fd486ede512f2bde88014253e -> 
  custom:video-encoder-webm-vp8: eb34c28f22e8b96e1ab97ce403110664 -> 
  custom:audio-decoder-ogg-vorbis: bf7c407c2cedff20999df2af8eb42d56 -> 
  custom:scripting/monoscript/fileName/Misc.cs: 246d9d5aaf21070630ef885fe1125ea2 -> 7ed2e50827551a4e78c69f183dffa2c9
  custom:audio-encoder-webm-vorbis: bf7c407c2cedff20999df2af8eb42d56 -> 
  custom:scripting/monoscript/fileName/MaterialRepository.cs: 128c5f079d59296a900349dfa10fb5ae -> 
  custom:scripting/precompiled-assembly-types:Assembly-CSharp: 5539a435bc8c47a9ef169f3122ff605b -> 72abcff13cd1eb93c15151ed6ddf2d35
========================================================================
Received Prepare
Caller must complete domain reload
Begin MonoManager ReloadAssembly
- Loaded All Assemblies, in  0.463 seconds
Native extension for WindowsStandalone target not found
Mono: successfully reloaded assembly
- Finished resetting the current domain, in  1.004 seconds
Domain Reload Profiling: 1465ms
	BeginReloadAssembly (150ms)
		ExecutionOrderSort (0ms)
		DisableScriptedObjects (6ms)
		BackupInstance (0ms)
		ReleaseScriptingObjects (0ms)
		CreateAndSetChildDomain (31ms)
	RebuildCommonClasses (33ms)
	RebuildNativeTypeToScriptingClass (11ms)
	initialDomainReloadingComplete (31ms)
	LoadAllAssembliesAndSetupDomain (236ms)
		LoadAssemblies (292ms)
		RebuildTransferFunctionScriptingTraits (0ms)
		AnalyzeDomain (25ms)
			TypeCache.Refresh (9ms)
				TypeCache.ScanAssembly (1ms)
			ScanForSourceGeneratedMonoScriptInfo (7ms)
			ResolveRequiredComponents (7ms)
	FinalizeReload (1005ms)
		ReleaseScriptCaches (0ms)
		RebuildScriptCaches (0ms)
		SetupLoadedEditorAssemblies (487ms)
			LogAssemblyErrors (0ms)
			InitializePlatformSupportModulesInManaged (7ms)
			SetLoadedEditorAssemblies (6ms)
			RefreshPlugins (0ms)
			BeforeProcessingInitializeOnLoad (100ms)
			ProcessInitializeOnLoadAttributes (342ms)
			ProcessInitializeOnLoadMethodAttributes (23ms)
			AfterProcessingInitializeOnLoad (9ms)
			EditorAssembliesLoaded (0ms)
		ExecutionOrderSort2 (0ms)
		AwakeInstancesAfterBackupRestoration (7ms)
Refreshing native plugins compatible for Editor in 3.66 ms, found 3 plugins.
Preloading 0 native plugins for Editor in 0.00 ms.
Unloading 3135 Unused Serialized files (Serialized files now loaded: 0)
Unloading 14 unused Assets / (28.5 KB). Loaded Objects now: 3754.
Memory consumption went from 120.4 MB to 120.3 MB.
Total: 2.115000 ms (FindLiveObjects: 0.180500 ms CreateObjectMapping: 0.097200 ms MarkObjects: 1.806200 ms  DeleteObjects: 0.030000 ms)

Prepare: number of updated asset objects reloaded= 0
AssetImportParameters requested are different than current active one (requested -> active):
  custom:scripting/monoscript/fileName/CFX_Demo_With_UIParticle.cs: 226f2c5431a3281109d962f41860d8fa -> 
  custom:scripting/monoscript/fileName/SpriteExtensions.cs: d15fc44627372ae38565323b74d7ae12 -> 
  custom:container-demuxer-ogg: 62fdf1f143b41e24485cea50d1cbac27 -> 
  custom:scripting/monoscript/fileName/UIParticle_PerformanceDemo.cs: 4f06c4b31cfbc934f9c8a4cffb890ea0 -> 
  custom:scripting/monoscript/fileName/UIParticleProjectSettings.cs: e67134131661b9872564981966bfc127 -> 
  custom:scripting/monoscript/fileName/UIParticle.cs: 2325898c5f7e7032e1304a953772e3db -> 
  custom:scripting/monoscript/fileName/Vector3Extensions.cs: d2785b660e92dd53626ae8ab3f74eb90 -> 
  custom:video-codec-MediaFoundation-h265: 746d11721c4dcdbdad8f713fa42b33f4 -> 
  custom:scripting/monoscript/fileName/UIExtraCallbacks.cs: 3d3413dbcd53c71899d73ab53a15ba37 -> 
  custom:video-decoder-ogg-theora: a1e56fd34408186e4bbccfd4996cb3dc -> 
  custom:scripting/monoscript/fileName/AnimatableProperty.cs: f35dc87c3f2df1477c8a408b8fbe37b5 -> 
  custom:scripting/monoscript/fileName/AnimatablePropertyEditor.cs: 1d03953670d8e406357019b192662737 -> 
  custom:scripting/monoscript/fileName/UIParticleMenu.cs: a4859bf31ac3affa2499cb7d11d0a844 -> 
  custom:framework-win-MediaFoundation: 216162199b28c13a410421893ffa2e32 -> 
  custom:scripting/monoscript/fileName/CanvasExtensions.cs: dd125fe003e3c2c37c4a99dbb0078950 -> 
  custom:scripting/monoscript/fileName/ComponentExtensions.cs: fb5af0f40f5d66304cb9361270b05072 -> 
  custom:scripting/monoscript/fileName/Logging.cs: 5f2ed8485a56b4e9e53aa65cdef27b10 -> 
  custom:CustomObjectIndexerAttribute: 9a22284fe3817be447336de3de66b15e -> 
  custom:container-demuxer-webm: 4f35f7cbe854078d1ac9338744f61a02 -> 
  custom:scripting/monoscript/fileName/FastAction.cs: 60eb5b7e04daf339f61dca5fd934100f -> dfbe75b66b645b53472915ad2590af11
  custom:scripting/monoscript/fileName/FrameCache.cs: 3dcf885da94f12c1b606c497e398faf9 -> 
  custom:scripting/monoscript/fileName/UIParticleEditor.cs: b6bdab8e4a72b4216e3f0c8f8ed45e99 -> 
  custom:container-muxer-webm: aa71ff27fc2769a1b78a27578f13a17b -> 
  custom:scripting/monoscript/fileName/ObjectRepository.cs: 0cdf409b5aa8d4c25876d72b5c6a3b60 -> 
  custom:scripting/monoscript/fileName/ObjectPool.cs: 0cdf409b5aa8d4c25876d72b5c6a3b60 -> 
  custom:video-decoder-webm-vp8: 9c59270c3fd7afecdb556c50c9e8de78 -> 
  custom:SearchIndexIgnoredProperties: e643bd26f0fe6173181afceb89e7c659 -> 
  custom:scripting/monoscript/fileName/CardPack.cs: c1b5d49f961e6852a391ca0d8a17b35b -> 
  custom:AudioImporter_EditorPlatform: d09bf68614088b80899f8185d706f6e7 -> 
  custom:scripting/monoscript/fileName/UIParticleAttractor.cs: 56646a28f8018ce8d626b6a0b28e5c77 -> 
  custom:scripting/monoscript/fileName/Color32Extensions.cs: 957a68f3e8b649a9394b51c6910ca65a -> 
  custom:scripting/monoscript/fileName/UIParticleRenderer.cs: e7d82b34b2b52af3ee36bf0e1f32e85d -> 
  custom:scripting/monoscript/fileName/UIParticleUpdater.cs: 64d938919628a112a7e9c9345f1ccb18 -> 
  custom:scripting/monoscript/fileName/NewTestScript.cs: 2eb4416447678e2004e156bd89cd8cbd -> 
  custom:scripting/monoscript/fileName/ParticleSystemExtensions.cs: a9d6841fd486ede512f2bde88014253e -> 
  custom:video-encoder-webm-vp8: eb34c28f22e8b96e1ab97ce403110664 -> 
  custom:audio-decoder-ogg-vorbis: bf7c407c2cedff20999df2af8eb42d56 -> 
  custom:scripting/monoscript/fileName/Misc.cs: 246d9d5aaf21070630ef885fe1125ea2 -> 7ed2e50827551a4e78c69f183dffa2c9
  custom:audio-encoder-webm-vorbis: bf7c407c2cedff20999df2af8eb42d56 -> 
  custom:scripting/monoscript/fileName/MaterialRepository.cs: 128c5f079d59296a900349dfa10fb5ae -> 
  custom:scripting/precompiled-assembly-types:Assembly-CSharp: 5539a435bc8c47a9ef169f3122ff605b -> 72abcff13cd1eb93c15151ed6ddf2d35
========================================================================
Received Prepare
Caller must complete domain reload
Begin MonoManager ReloadAssembly
- Loaded All Assemblies, in  0.455 seconds
Native extension for WindowsStandalone target not found
Mono: successfully reloaded assembly
- Finished resetting the current domain, in  0.920 seconds
Domain Reload Profiling: 1372ms
	BeginReloadAssembly (147ms)
		ExecutionOrderSort (0ms)
		DisableScriptedObjects (5ms)
		BackupInstance (0ms)
		ReleaseScriptingObjects (0ms)
		CreateAndSetChildDomain (27ms)
	RebuildCommonClasses (34ms)
	RebuildNativeTypeToScriptingClass (11ms)
	initialDomainReloadingComplete (29ms)
	LoadAllAssembliesAndSetupDomain (231ms)
		LoadAssemblies (295ms)
		RebuildTransferFunctionScriptingTraits (0ms)
		AnalyzeDomain (21ms)
			TypeCache.Refresh (8ms)
				TypeCache.ScanAssembly (1ms)
			ScanForSourceGeneratedMonoScriptInfo (6ms)
			ResolveRequiredComponents (5ms)
	FinalizeReload (920ms)
		ReleaseScriptCaches (0ms)
		RebuildScriptCaches (0ms)
		SetupLoadedEditorAssemblies (471ms)
			LogAssemblyErrors (0ms)
			InitializePlatformSupportModulesInManaged (8ms)
			SetLoadedEditorAssemblies (7ms)
			RefreshPlugins (0ms)
			BeforeProcessingInitializeOnLoad (99ms)
			ProcessInitializeOnLoadAttributes (329ms)
			ProcessInitializeOnLoadMethodAttributes (21ms)
			AfterProcessingInitializeOnLoad (6ms)
			EditorAssembliesLoaded (0ms)
		ExecutionOrderSort2 (0ms)
		AwakeInstancesAfterBackupRestoration (6ms)
Refreshing native plugins compatible for Editor in 3.36 ms, found 3 plugins.
Preloading 0 native plugins for Editor in 0.00 ms.
Unloading 3135 Unused Serialized files (Serialized files now loaded: 0)
Unloading 14 unused Assets / (28.6 KB). Loaded Objects now: 3757.
Memory consumption went from 120.4 MB to 120.3 MB.
Total: 2.259100 ms (FindLiveObjects: 0.224200 ms CreateObjectMapping: 0.181400 ms MarkObjects: 1.802300 ms  DeleteObjects: 0.049800 ms)

Prepare: number of updated asset objects reloaded= 0
AssetImportParameters requested are different than current active one (requested -> active):
  custom:scripting/monoscript/fileName/CFX_Demo_With_UIParticle.cs: 226f2c5431a3281109d962f41860d8fa -> 
  custom:scripting/monoscript/fileName/SpriteExtensions.cs: d15fc44627372ae38565323b74d7ae12 -> 
  custom:container-demuxer-ogg: 62fdf1f143b41e24485cea50d1cbac27 -> 
  custom:scripting/monoscript/fileName/UIParticle_PerformanceDemo.cs: 4f06c4b31cfbc934f9c8a4cffb890ea0 -> 
  custom:scripting/monoscript/fileName/UIParticleProjectSettings.cs: e67134131661b9872564981966bfc127 -> 
  custom:scripting/monoscript/fileName/UIParticle.cs: 2325898c5f7e7032e1304a953772e3db -> 
  custom:scripting/monoscript/fileName/Vector3Extensions.cs: d2785b660e92dd53626ae8ab3f74eb90 -> 
  custom:video-codec-MediaFoundation-h265: 746d11721c4dcdbdad8f713fa42b33f4 -> 
  custom:scripting/monoscript/fileName/UIExtraCallbacks.cs: 3d3413dbcd53c71899d73ab53a15ba37 -> 
  custom:video-decoder-ogg-theora: a1e56fd34408186e4bbccfd4996cb3dc -> 
  custom:scripting/monoscript/fileName/AnimatableProperty.cs: f35dc87c3f2df1477c8a408b8fbe37b5 -> 
  custom:scripting/monoscript/fileName/AnimatablePropertyEditor.cs: 1d03953670d8e406357019b192662737 -> 
  custom:scripting/monoscript/fileName/UIParticleMenu.cs: a4859bf31ac3affa2499cb7d11d0a844 -> 
  custom:framework-win-MediaFoundation: 216162199b28c13a410421893ffa2e32 -> 
  custom:scripting/monoscript/fileName/CanvasExtensions.cs: dd125fe003e3c2c37c4a99dbb0078950 -> 
  custom:scripting/monoscript/fileName/ComponentExtensions.cs: fb5af0f40f5d66304cb9361270b05072 -> 
  custom:scripting/monoscript/fileName/Logging.cs: 5f2ed8485a56b4e9e53aa65cdef27b10 -> 
  custom:CustomObjectIndexerAttribute: 9a22284fe3817be447336de3de66b15e -> 
  custom:container-demuxer-webm: 4f35f7cbe854078d1ac9338744f61a02 -> 
  custom:scripting/monoscript/fileName/FastAction.cs: 60eb5b7e04daf339f61dca5fd934100f -> dfbe75b66b645b53472915ad2590af11
  custom:scripting/monoscript/fileName/FrameCache.cs: 3dcf885da94f12c1b606c497e398faf9 -> 
  custom:scripting/monoscript/fileName/UIParticleEditor.cs: b6bdab8e4a72b4216e3f0c8f8ed45e99 -> 
  custom:container-muxer-webm: aa71ff27fc2769a1b78a27578f13a17b -> 
  custom:scripting/monoscript/fileName/ObjectRepository.cs: 0cdf409b5aa8d4c25876d72b5c6a3b60 -> 
  custom:scripting/monoscript/fileName/ObjectPool.cs: 0cdf409b5aa8d4c25876d72b5c6a3b60 -> 
  custom:video-decoder-webm-vp8: 9c59270c3fd7afecdb556c50c9e8de78 -> 
  custom:SearchIndexIgnoredProperties: e643bd26f0fe6173181afceb89e7c659 -> 
  custom:scripting/monoscript/fileName/CardPack.cs: c1b5d49f961e6852a391ca0d8a17b35b -> 
  custom:AudioImporter_EditorPlatform: d09bf68614088b80899f8185d706f6e7 -> 
  custom:scripting/monoscript/fileName/UIParticleAttractor.cs: 56646a28f8018ce8d626b6a0b28e5c77 -> 
  custom:scripting/monoscript/fileName/Color32Extensions.cs: 957a68f3e8b649a9394b51c6910ca65a -> 
  custom:scripting/monoscript/fileName/UIParticleRenderer.cs: e7d82b34b2b52af3ee36bf0e1f32e85d -> 
  custom:scripting/monoscript/fileName/UIParticleUpdater.cs: 64d938919628a112a7e9c9345f1ccb18 -> 
  custom:scripting/monoscript/fileName/NewTestScript.cs: 2eb4416447678e2004e156bd89cd8cbd -> 
  custom:scripting/monoscript/fileName/ParticleSystemExtensions.cs: a9d6841fd486ede512f2bde88014253e -> 
  custom:video-encoder-webm-vp8: eb34c28f22e8b96e1ab97ce403110664 -> 
  custom:audio-decoder-ogg-vorbis: bf7c407c2cedff20999df2af8eb42d56 -> 
  custom:scripting/monoscript/fileName/Misc.cs: 246d9d5aaf21070630ef885fe1125ea2 -> 7ed2e50827551a4e78c69f183dffa2c9
  custom:audio-encoder-webm-vorbis: bf7c407c2cedff20999df2af8eb42d56 -> 
  custom:scripting/monoscript/fileName/MaterialRepository.cs: 128c5f079d59296a900349dfa10fb5ae -> 
  custom:scripting/precompiled-assembly-types:Assembly-CSharp: 5539a435bc8c47a9ef169f3122ff605b -> 72abcff13cd1eb93c15151ed6ddf2d35
========================================================================
Received Prepare
Caller must complete domain reload
Begin MonoManager ReloadAssembly
- Loaded All Assemblies, in  0.468 seconds
Native extension for WindowsStandalone target not found
Mono: successfully reloaded assembly
- Finished resetting the current domain, in  1.014 seconds
Domain Reload Profiling: 1479ms
	BeginReloadAssembly (160ms)
		ExecutionOrderSort (0ms)
		DisableScriptedObjects (6ms)
		BackupInstance (0ms)
		ReleaseScriptingObjects (0ms)
		CreateAndSetChildDomain (39ms)
	RebuildCommonClasses (33ms)
	RebuildNativeTypeToScriptingClass (9ms)
	initialDomainReloadingComplete (31ms)
	LoadAllAssembliesAndSetupDomain (232ms)
		LoadAssemblies (301ms)
		RebuildTransferFunctionScriptingTraits (0ms)
		AnalyzeDomain (13ms)
			TypeCache.Refresh (5ms)
				TypeCache.ScanAssembly (0ms)
			ScanForSourceGeneratedMonoScriptInfo (0ms)
			ResolveRequiredComponents (5ms)
	FinalizeReload (1014ms)
		ReleaseScriptCaches (0ms)
		RebuildScriptCaches (0ms)
		SetupLoadedEditorAssemblies (495ms)
			LogAssemblyErrors (0ms)
			InitializePlatformSupportModulesInManaged (7ms)
			SetLoadedEditorAssemblies (6ms)
			RefreshPlugins (0ms)
			BeforeProcessingInitializeOnLoad (95ms)
			ProcessInitializeOnLoadAttributes (358ms)
			ProcessInitializeOnLoadMethodAttributes (21ms)
			AfterProcessingInitializeOnLoad (7ms)
			EditorAssembliesLoaded (0ms)
		ExecutionOrderSort2 (0ms)
		AwakeInstancesAfterBackupRestoration (7ms)
Refreshing native plugins compatible for Editor in 3.63 ms, found 3 plugins.
Preloading 0 native plugins for Editor in 0.00 ms.
Unloading 3135 Unused Serialized files (Serialized files now loaded: 0)
Unloading 14 unused Assets / (28.5 KB). Loaded Objects now: 3760.
Memory consumption went from 120.4 MB to 120.3 MB.
Total: 2.357600 ms (FindLiveObjects: 0.191600 ms CreateObjectMapping: 0.095900 ms MarkObjects: 2.025800 ms  DeleteObjects: 0.043600 ms)

Prepare: number of updated asset objects reloaded= 0
AssetImportParameters requested are different than current active one (requested -> active):
  custom:scripting/monoscript/fileName/CFX_Demo_With_UIParticle.cs: 226f2c5431a3281109d962f41860d8fa -> 
  custom:scripting/monoscript/fileName/SpriteExtensions.cs: d15fc44627372ae38565323b74d7ae12 -> 
  custom:container-demuxer-ogg: 62fdf1f143b41e24485cea50d1cbac27 -> 
  custom:scripting/monoscript/fileName/UIParticle_PerformanceDemo.cs: 4f06c4b31cfbc934f9c8a4cffb890ea0 -> 
  custom:scripting/monoscript/fileName/UIParticleProjectSettings.cs: e67134131661b9872564981966bfc127 -> 
  custom:scripting/monoscript/fileName/UIParticle.cs: 2325898c5f7e7032e1304a953772e3db -> 
  custom:scripting/monoscript/fileName/Vector3Extensions.cs: d2785b660e92dd53626ae8ab3f74eb90 -> 
  custom:video-codec-MediaFoundation-h265: 746d11721c4dcdbdad8f713fa42b33f4 -> 
  custom:scripting/monoscript/fileName/UIExtraCallbacks.cs: 3d3413dbcd53c71899d73ab53a15ba37 -> 
  custom:video-decoder-ogg-theora: a1e56fd34408186e4bbccfd4996cb3dc -> 
  custom:scripting/monoscript/fileName/AnimatableProperty.cs: f35dc87c3f2df1477c8a408b8fbe37b5 -> 
  custom:scripting/monoscript/fileName/AnimatablePropertyEditor.cs: 1d03953670d8e406357019b192662737 -> 
  custom:scripting/monoscript/fileName/UIParticleMenu.cs: a4859bf31ac3affa2499cb7d11d0a844 -> 
  custom:framework-win-MediaFoundation: 216162199b28c13a410421893ffa2e32 -> 
  custom:scripting/monoscript/fileName/CanvasExtensions.cs: dd125fe003e3c2c37c4a99dbb0078950 -> 
  custom:scripting/monoscript/fileName/ComponentExtensions.cs: fb5af0f40f5d66304cb9361270b05072 -> 
  custom:scripting/monoscript/fileName/Logging.cs: 5f2ed8485a56b4e9e53aa65cdef27b10 -> 
  custom:CustomObjectIndexerAttribute: 9a22284fe3817be447336de3de66b15e -> 
  custom:container-demuxer-webm: 4f35f7cbe854078d1ac9338744f61a02 -> 
  custom:scripting/monoscript/fileName/FastAction.cs: 60eb5b7e04daf339f61dca5fd934100f -> dfbe75b66b645b53472915ad2590af11
  custom:scripting/monoscript/fileName/FrameCache.cs: 3dcf885da94f12c1b606c497e398faf9 -> 
  custom:scripting/monoscript/fileName/UIParticleEditor.cs: b6bdab8e4a72b4216e3f0c8f8ed45e99 -> 
  custom:container-muxer-webm: aa71ff27fc2769a1b78a27578f13a17b -> 
  custom:scripting/monoscript/fileName/ObjectRepository.cs: 0cdf409b5aa8d4c25876d72b5c6a3b60 -> 
  custom:scripting/monoscript/fileName/ObjectPool.cs: 0cdf409b5aa8d4c25876d72b5c6a3b60 -> 
  custom:video-decoder-webm-vp8: 9c59270c3fd7afecdb556c50c9e8de78 -> 
  custom:SearchIndexIgnoredProperties: e643bd26f0fe6173181afceb89e7c659 -> 
  custom:scripting/monoscript/fileName/CardPack.cs: c1b5d49f961e6852a391ca0d8a17b35b -> 
  custom:AudioImporter_EditorPlatform: d09bf68614088b80899f8185d706f6e7 -> 
  custom:scripting/monoscript/fileName/UIParticleAttractor.cs: 56646a28f8018ce8d626b6a0b28e5c77 -> 
  custom:scripting/monoscript/fileName/Color32Extensions.cs: 957a68f3e8b649a9394b51c6910ca65a -> 
  custom:scripting/monoscript/fileName/UIParticleRenderer.cs: e7d82b34b2b52af3ee36bf0e1f32e85d -> 
  custom:scripting/monoscript/fileName/UIParticleUpdater.cs: 64d938919628a112a7e9c9345f1ccb18 -> 
  custom:scripting/monoscript/fileName/NewTestScript.cs: 2eb4416447678e2004e156bd89cd8cbd -> 
  custom:scripting/monoscript/fileName/ParticleSystemExtensions.cs: a9d6841fd486ede512f2bde88014253e -> 
  custom:video-encoder-webm-vp8: eb34c28f22e8b96e1ab97ce403110664 -> 
  custom:audio-decoder-ogg-vorbis: bf7c407c2cedff20999df2af8eb42d56 -> 
  custom:scripting/monoscript/fileName/Misc.cs: 246d9d5aaf21070630ef885fe1125ea2 -> 7ed2e50827551a4e78c69f183dffa2c9
  custom:audio-encoder-webm-vorbis: bf7c407c2cedff20999df2af8eb42d56 -> 
  custom:scripting/monoscript/fileName/MaterialRepository.cs: 128c5f079d59296a900349dfa10fb5ae -> 
  custom:scripting/precompiled-assembly-types:Assembly-CSharp: 5539a435bc8c47a9ef169f3122ff605b -> 72abcff13cd1eb93c15151ed6ddf2d35
========================================================================
Received Prepare
Caller must complete domain reload
Begin MonoManager ReloadAssembly
- Loaded All Assemblies, in  0.472 seconds
Native extension for WindowsStandalone target not found
Mono: successfully reloaded assembly
- Finished resetting the current domain, in  0.986 seconds
Domain Reload Profiling: 1454ms
	BeginReloadAssembly (148ms)
		ExecutionOrderSort (0ms)
		DisableScriptedObjects (6ms)
		BackupInstance (0ms)
		ReleaseScriptingObjects (0ms)
		CreateAndSetChildDomain (28ms)
	RebuildCommonClasses (37ms)
	RebuildNativeTypeToScriptingClass (12ms)
	initialDomainReloadingComplete (29ms)
	LoadAllAssembliesAndSetupDomain (241ms)
		LoadAssemblies (297ms)
		RebuildTransferFunctionScriptingTraits (0ms)
		AnalyzeDomain (23ms)
			TypeCache.Refresh (9ms)
				TypeCache.ScanAssembly (1ms)
			ScanForSourceGeneratedMonoScriptInfo (6ms)
			ResolveRequiredComponents (6ms)
	FinalizeReload (987ms)
		ReleaseScriptCaches (0ms)
		RebuildScriptCaches (0ms)
		SetupLoadedEditorAssemblies (490ms)
			LogAssemblyErrors (0ms)
			InitializePlatformSupportModulesInManaged (7ms)
			SetLoadedEditorAssemblies (5ms)
			RefreshPlugins (0ms)
			BeforeProcessingInitializeOnLoad (96ms)
			ProcessInitializeOnLoadAttributes (352ms)
			ProcessInitializeOnLoadMethodAttributes (21ms)
			AfterProcessingInitializeOnLoad (8ms)
			EditorAssembliesLoaded (0ms)
		ExecutionOrderSort2 (0ms)
		AwakeInstancesAfterBackupRestoration (8ms)
Refreshing native plugins compatible for Editor in 4.38 ms, found 3 plugins.
Preloading 0 native plugins for Editor in 0.00 ms.
Unloading 3135 Unused Serialized files (Serialized files now loaded: 0)
Unloading 14 unused Assets / (28.6 KB). Loaded Objects now: 3763.
Memory consumption went from 120.4 MB to 120.3 MB.
Total: 2.576600 ms (FindLiveObjects: 0.232100 ms CreateObjectMapping: 0.115500 ms MarkObjects: 2.183200 ms  DeleteObjects: 0.045000 ms)

Prepare: number of updated asset objects reloaded= 0
AssetImportParameters requested are different than current active one (requested -> active):
  custom:scripting/monoscript/fileName/CFX_Demo_With_UIParticle.cs: 226f2c5431a3281109d962f41860d8fa -> 
  custom:scripting/monoscript/fileName/SpriteExtensions.cs: d15fc44627372ae38565323b74d7ae12 -> 
  custom:container-demuxer-ogg: 62fdf1f143b41e24485cea50d1cbac27 -> 
  custom:scripting/monoscript/fileName/UIParticle_PerformanceDemo.cs: 4f06c4b31cfbc934f9c8a4cffb890ea0 -> 
  custom:scripting/monoscript/fileName/UIParticleProjectSettings.cs: e67134131661b9872564981966bfc127 -> 
  custom:scripting/monoscript/fileName/UIParticle.cs: 2325898c5f7e7032e1304a953772e3db -> 
  custom:scripting/monoscript/fileName/Vector3Extensions.cs: d2785b660e92dd53626ae8ab3f74eb90 -> 
  custom:video-codec-MediaFoundation-h265: 746d11721c4dcdbdad8f713fa42b33f4 -> 
  custom:scripting/monoscript/fileName/UIExtraCallbacks.cs: 3d3413dbcd53c71899d73ab53a15ba37 -> 
  custom:video-decoder-ogg-theora: a1e56fd34408186e4bbccfd4996cb3dc -> 
  custom:scripting/monoscript/fileName/AnimatableProperty.cs: f35dc87c3f2df1477c8a408b8fbe37b5 -> 
  custom:scripting/monoscript/fileName/AnimatablePropertyEditor.cs: 1d03953670d8e406357019b192662737 -> 
  custom:scripting/monoscript/fileName/UIParticleMenu.cs: a4859bf31ac3affa2499cb7d11d0a844 -> 
  custom:framework-win-MediaFoundation: 216162199b28c13a410421893ffa2e32 -> 
  custom:scripting/monoscript/fileName/CanvasExtensions.cs: dd125fe003e3c2c37c4a99dbb0078950 -> 
  custom:scripting/monoscript/fileName/ComponentExtensions.cs: fb5af0f40f5d66304cb9361270b05072 -> 
  custom:scripting/monoscript/fileName/Logging.cs: 5f2ed8485a56b4e9e53aa65cdef27b10 -> 
  custom:CustomObjectIndexerAttribute: 9a22284fe3817be447336de3de66b15e -> 
  custom:container-demuxer-webm: 4f35f7cbe854078d1ac9338744f61a02 -> 
  custom:scripting/monoscript/fileName/FastAction.cs: 60eb5b7e04daf339f61dca5fd934100f -> dfbe75b66b645b53472915ad2590af11
  custom:scripting/monoscript/fileName/FrameCache.cs: 3dcf885da94f12c1b606c497e398faf9 -> 
  custom:scripting/monoscript/fileName/UIParticleEditor.cs: b6bdab8e4a72b4216e3f0c8f8ed45e99 -> 
  custom:container-muxer-webm: aa71ff27fc2769a1b78a27578f13a17b -> 
  custom:scripting/monoscript/fileName/ObjectRepository.cs: 0cdf409b5aa8d4c25876d72b5c6a3b60 -> 
  custom:scripting/monoscript/fileName/ObjectPool.cs: 0cdf409b5aa8d4c25876d72b5c6a3b60 -> 
  custom:video-decoder-webm-vp8: 9c59270c3fd7afecdb556c50c9e8de78 -> 
  custom:SearchIndexIgnoredProperties: e643bd26f0fe6173181afceb89e7c659 -> 
  custom:scripting/monoscript/fileName/CardPack.cs: c1b5d49f961e6852a391ca0d8a17b35b -> 
  custom:AudioImporter_EditorPlatform: d09bf68614088b80899f8185d706f6e7 -> 
  custom:scripting/monoscript/fileName/UIParticleAttractor.cs: 56646a28f8018ce8d626b6a0b28e5c77 -> 
  custom:scripting/monoscript/fileName/Color32Extensions.cs: 957a68f3e8b649a9394b51c6910ca65a -> 
  custom:scripting/monoscript/fileName/UIParticleRenderer.cs: e7d82b34b2b52af3ee36bf0e1f32e85d -> 
  custom:scripting/monoscript/fileName/UIParticleUpdater.cs: 64d938919628a112a7e9c9345f1ccb18 -> 
  custom:scripting/monoscript/fileName/NewTestScript.cs: 2eb4416447678e2004e156bd89cd8cbd -> 
  custom:scripting/monoscript/fileName/ParticleSystemExtensions.cs: a9d6841fd486ede512f2bde88014253e -> 
  custom:video-encoder-webm-vp8: eb34c28f22e8b96e1ab97ce403110664 -> 
  custom:audio-decoder-ogg-vorbis: bf7c407c2cedff20999df2af8eb42d56 -> 
  custom:scripting/monoscript/fileName/Misc.cs: 246d9d5aaf21070630ef885fe1125ea2 -> 7ed2e50827551a4e78c69f183dffa2c9
  custom:audio-encoder-webm-vorbis: bf7c407c2cedff20999df2af8eb42d56 -> 
  custom:scripting/monoscript/fileName/MaterialRepository.cs: 128c5f079d59296a900349dfa10fb5ae -> 
  custom:scripting/precompiled-assembly-types:Assembly-CSharp: 5539a435bc8c47a9ef169f3122ff605b -> 72abcff13cd1eb93c15151ed6ddf2d35
========================================================================
Received Prepare
Caller must complete domain reload
Begin MonoManager ReloadAssembly
- Loaded All Assemblies, in  0.450 seconds
Native extension for WindowsStandalone target not found
Mono: successfully reloaded assembly
- Finished resetting the current domain, in  0.984 seconds
Domain Reload Profiling: 1432ms
	BeginReloadAssembly (153ms)
		ExecutionOrderSort (0ms)
		DisableScriptedObjects (5ms)
		BackupInstance (0ms)
		ReleaseScriptingObjects (0ms)
		CreateAndSetChildDomain (31ms)
	RebuildCommonClasses (35ms)
	RebuildNativeTypeToScriptingClass (12ms)
	initialDomainReloadingComplete (29ms)
	LoadAllAssembliesAndSetupDomain (218ms)
		LoadAssemblies (291ms)
		RebuildTransferFunctionScriptingTraits (0ms)
		AnalyzeDomain (13ms)
			TypeCache.Refresh (5ms)
				TypeCache.ScanAssembly (0ms)
			ScanForSourceGeneratedMonoScriptInfo (0ms)
			ResolveRequiredComponents (5ms)
	FinalizeReload (985ms)
		ReleaseScriptCaches (0ms)
		RebuildScriptCaches (0ms)
		SetupLoadedEditorAssemblies (494ms)
			LogAssemblyErrors (0ms)
			InitializePlatformSupportModulesInManaged (7ms)
			SetLoadedEditorAssemblies (6ms)
			RefreshPlugins (0ms)
			BeforeProcessingInitializeOnLoad (96ms)
			ProcessInitializeOnLoadAttributes (356ms)
			ProcessInitializeOnLoadMethodAttributes (21ms)
			AfterProcessingInitializeOnLoad (8ms)
			EditorAssembliesLoaded (0ms)
		ExecutionOrderSort2 (0ms)
		AwakeInstancesAfterBackupRestoration (7ms)
Refreshing native plugins compatible for Editor in 4.05 ms, found 3 plugins.
Preloading 0 native plugins for Editor in 0.00 ms.
Unloading 3135 Unused Serialized files (Serialized files now loaded: 0)
Unloading 14 unused Assets / (28.6 KB). Loaded Objects now: 3766.
Memory consumption went from 120.4 MB to 120.4 MB.
Total: 3.014400 ms (FindLiveObjects: 0.221800 ms CreateObjectMapping: 0.116300 ms MarkObjects: 2.642500 ms  DeleteObjects: 0.033000 ms)

Prepare: number of updated asset objects reloaded= 0
AssetImportParameters requested are different than current active one (requested -> active):
  custom:scripting/monoscript/fileName/CFX_Demo_With_UIParticle.cs: 226f2c5431a3281109d962f41860d8fa -> 
  custom:scripting/monoscript/fileName/SpriteExtensions.cs: d15fc44627372ae38565323b74d7ae12 -> 
  custom:container-demuxer-ogg: 62fdf1f143b41e24485cea50d1cbac27 -> 
  custom:scripting/monoscript/fileName/UIParticle_PerformanceDemo.cs: 4f06c4b31cfbc934f9c8a4cffb890ea0 -> 
  custom:scripting/monoscript/fileName/UIParticleProjectSettings.cs: e67134131661b9872564981966bfc127 -> 
  custom:scripting/monoscript/fileName/UIParticle.cs: 2325898c5f7e7032e1304a953772e3db -> 
  custom:scripting/monoscript/fileName/Vector3Extensions.cs: d2785b660e92dd53626ae8ab3f74eb90 -> 
  custom:video-codec-MediaFoundation-h265: 746d11721c4dcdbdad8f713fa42b33f4 -> 
  custom:scripting/monoscript/fileName/UIExtraCallbacks.cs: 3d3413dbcd53c71899d73ab53a15ba37 -> 
  custom:video-decoder-ogg-theora: a1e56fd34408186e4bbccfd4996cb3dc -> 
  custom:scripting/monoscript/fileName/AnimatableProperty.cs: f35dc87c3f2df1477c8a408b8fbe37b5 -> 
  custom:scripting/monoscript/fileName/AnimatablePropertyEditor.cs: 1d03953670d8e406357019b192662737 -> 
  custom:scripting/monoscript/fileName/UIParticleMenu.cs: a4859bf31ac3affa2499cb7d11d0a844 -> 
  custom:framework-win-MediaFoundation: 216162199b28c13a410421893ffa2e32 -> 
  custom:scripting/monoscript/fileName/CanvasExtensions.cs: dd125fe003e3c2c37c4a99dbb0078950 -> 
  custom:scripting/monoscript/fileName/ComponentExtensions.cs: fb5af0f40f5d66304cb9361270b05072 -> 
  custom:scripting/monoscript/fileName/Logging.cs: 5f2ed8485a56b4e9e53aa65cdef27b10 -> 
  custom:CustomObjectIndexerAttribute: 9a22284fe3817be447336de3de66b15e -> 
  custom:container-demuxer-webm: 4f35f7cbe854078d1ac9338744f61a02 -> 
  custom:scripting/monoscript/fileName/FastAction.cs: 60eb5b7e04daf339f61dca5fd934100f -> dfbe75b66b645b53472915ad2590af11
  custom:scripting/monoscript/fileName/FrameCache.cs: 3dcf885da94f12c1b606c497e398faf9 -> 
  custom:scripting/monoscript/fileName/UIParticleEditor.cs: b6bdab8e4a72b4216e3f0c8f8ed45e99 -> 
  custom:container-muxer-webm: aa71ff27fc2769a1b78a27578f13a17b -> 
  custom:scripting/monoscript/fileName/ObjectRepository.cs: 0cdf409b5aa8d4c25876d72b5c6a3b60 -> 
  custom:scripting/monoscript/fileName/ObjectPool.cs: 0cdf409b5aa8d4c25876d72b5c6a3b60 -> 
  custom:video-decoder-webm-vp8: 9c59270c3fd7afecdb556c50c9e8de78 -> 
  custom:SearchIndexIgnoredProperties: e643bd26f0fe6173181afceb89e7c659 -> 
  custom:scripting/monoscript/fileName/CardPack.cs: c1b5d49f961e6852a391ca0d8a17b35b -> 
  custom:AudioImporter_EditorPlatform: d09bf68614088b80899f8185d706f6e7 -> 
  custom:scripting/monoscript/fileName/UIParticleAttractor.cs: 56646a28f8018ce8d626b6a0b28e5c77 -> 
  custom:scripting/monoscript/fileName/Color32Extensions.cs: 957a68f3e8b649a9394b51c6910ca65a -> 
  custom:scripting/monoscript/fileName/UIParticleRenderer.cs: e7d82b34b2b52af3ee36bf0e1f32e85d -> 
  custom:scripting/monoscript/fileName/UIParticleUpdater.cs: 64d938919628a112a7e9c9345f1ccb18 -> 
  custom:scripting/monoscript/fileName/NewTestScript.cs: 2eb4416447678e2004e156bd89cd8cbd -> 
  custom:scripting/monoscript/fileName/ParticleSystemExtensions.cs: a9d6841fd486ede512f2bde88014253e -> 
  custom:video-encoder-webm-vp8: eb34c28f22e8b96e1ab97ce403110664 -> 
  custom:audio-decoder-ogg-vorbis: bf7c407c2cedff20999df2af8eb42d56 -> 
  custom:scripting/monoscript/fileName/Misc.cs: 246d9d5aaf21070630ef885fe1125ea2 -> 7ed2e50827551a4e78c69f183dffa2c9
  custom:audio-encoder-webm-vorbis: bf7c407c2cedff20999df2af8eb42d56 -> 
  custom:scripting/monoscript/fileName/MaterialRepository.cs: 128c5f079d59296a900349dfa10fb5ae -> 
  custom:scripting/precompiled-assembly-types:Assembly-CSharp: 5539a435bc8c47a9ef169f3122ff605b -> 72abcff13cd1eb93c15151ed6ddf2d35
========================================================================
Received Prepare
Caller must complete domain reload
Begin MonoManager ReloadAssembly
- Loaded All Assemblies, in  0.463 seconds
Native extension for WindowsStandalone target not found
Mono: successfully reloaded assembly
- Finished resetting the current domain, in  0.982 seconds
Domain Reload Profiling: 1442ms
	BeginReloadAssembly (148ms)
		ExecutionOrderSort (0ms)
		DisableScriptedObjects (5ms)
		BackupInstance (0ms)
		ReleaseScriptingObjects (0ms)
		CreateAndSetChildDomain (29ms)
	RebuildCommonClasses (33ms)
	RebuildNativeTypeToScriptingClass (11ms)
	initialDomainReloadingComplete (30ms)
	LoadAllAssembliesAndSetupDomain (238ms)
		LoadAssemblies (295ms)
		RebuildTransferFunctionScriptingTraits (0ms)
		AnalyzeDomain (24ms)
			TypeCache.Refresh (8ms)
				TypeCache.ScanAssembly (1ms)
			ScanForSourceGeneratedMonoScriptInfo (6ms)
			ResolveRequiredComponents (7ms)
	FinalizeReload (982ms)
		ReleaseScriptCaches (0ms)
		RebuildScriptCaches (0ms)
		SetupLoadedEditorAssemblies (501ms)
			LogAssemblyErrors (0ms)
			InitializePlatformSupportModulesInManaged (9ms)
			SetLoadedEditorAssemblies (5ms)
			RefreshPlugins (0ms)
			BeforeProcessingInitializeOnLoad (91ms)
			ProcessInitializeOnLoadAttributes (367ms)
			ProcessInitializeOnLoadMethodAttributes (21ms)
			AfterProcessingInitializeOnLoad (6ms)
			EditorAssembliesLoaded (0ms)
		ExecutionOrderSort2 (0ms)
		AwakeInstancesAfterBackupRestoration (7ms)
Refreshing native plugins compatible for Editor in 3.59 ms, found 3 plugins.
Preloading 0 native plugins for Editor in 0.00 ms.
Unloading 3135 Unused Serialized files (Serialized files now loaded: 0)
Unloading 14 unused Assets / (28.6 KB). Loaded Objects now: 3769.
Memory consumption went from 120.4 MB to 120.4 MB.
Total: 2.416400 ms (FindLiveObjects: 0.199000 ms CreateObjectMapping: 0.086200 ms MarkObjects: 2.097500 ms  DeleteObjects: 0.032900 ms)

Prepare: number of updated asset objects reloaded= 0
AssetImportParameters requested are different than current active one (requested -> active):
  custom:scripting/monoscript/fileName/CFX_Demo_With_UIParticle.cs: 226f2c5431a3281109d962f41860d8fa -> 
  custom:scripting/monoscript/fileName/SpriteExtensions.cs: d15fc44627372ae38565323b74d7ae12 -> 
  custom:container-demuxer-ogg: 62fdf1f143b41e24485cea50d1cbac27 -> 
  custom:scripting/monoscript/fileName/UIParticle_PerformanceDemo.cs: 4f06c4b31cfbc934f9c8a4cffb890ea0 -> 
  custom:scripting/monoscript/fileName/UIParticleProjectSettings.cs: e67134131661b9872564981966bfc127 -> 
  custom:scripting/monoscript/fileName/UIParticle.cs: 2325898c5f7e7032e1304a953772e3db -> 
  custom:scripting/monoscript/fileName/Vector3Extensions.cs: d2785b660e92dd53626ae8ab3f74eb90 -> 
  custom:video-codec-MediaFoundation-h265: 746d11721c4dcdbdad8f713fa42b33f4 -> 
  custom:scripting/monoscript/fileName/UIExtraCallbacks.cs: 3d3413dbcd53c71899d73ab53a15ba37 -> 
  custom:video-decoder-ogg-theora: a1e56fd34408186e4bbccfd4996cb3dc -> 
  custom:scripting/monoscript/fileName/AnimatableProperty.cs: f35dc87c3f2df1477c8a408b8fbe37b5 -> 
  custom:scripting/monoscript/fileName/AnimatablePropertyEditor.cs: 1d03953670d8e406357019b192662737 -> 
  custom:scripting/monoscript/fileName/UIParticleMenu.cs: a4859bf31ac3affa2499cb7d11d0a844 -> 
  custom:framework-win-MediaFoundation: 216162199b28c13a410421893ffa2e32 -> 
  custom:scripting/monoscript/fileName/CanvasExtensions.cs: dd125fe003e3c2c37c4a99dbb0078950 -> 
  custom:scripting/monoscript/fileName/ComponentExtensions.cs: fb5af0f40f5d66304cb9361270b05072 -> 
  custom:scripting/monoscript/fileName/Logging.cs: 5f2ed8485a56b4e9e53aa65cdef27b10 -> 
  custom:CustomObjectIndexerAttribute: 9a22284fe3817be447336de3de66b15e -> 
  custom:container-demuxer-webm: 4f35f7cbe854078d1ac9338744f61a02 -> 
  custom:scripting/monoscript/fileName/FastAction.cs: 60eb5b7e04daf339f61dca5fd934100f -> dfbe75b66b645b53472915ad2590af11
  custom:scripting/monoscript/fileName/FrameCache.cs: 3dcf885da94f12c1b606c497e398faf9 -> 
  custom:scripting/monoscript/fileName/UIParticleEditor.cs: b6bdab8e4a72b4216e3f0c8f8ed45e99 -> 
  custom:container-muxer-webm: aa71ff27fc2769a1b78a27578f13a17b -> 
  custom:scripting/monoscript/fileName/ObjectRepository.cs: 0cdf409b5aa8d4c25876d72b5c6a3b60 -> 
  custom:scripting/monoscript/fileName/ObjectPool.cs: 0cdf409b5aa8d4c25876d72b5c6a3b60 -> 
  custom:video-decoder-webm-vp8: 9c59270c3fd7afecdb556c50c9e8de78 -> 
  custom:SearchIndexIgnoredProperties: e643bd26f0fe6173181afceb89e7c659 -> 
  custom:scripting/monoscript/fileName/CardPack.cs: c1b5d49f961e6852a391ca0d8a17b35b -> 
  custom:AudioImporter_EditorPlatform: d09bf68614088b80899f8185d706f6e7 -> 
  custom:scripting/monoscript/fileName/UIParticleAttractor.cs: 56646a28f8018ce8d626b6a0b28e5c77 -> 
  custom:scripting/monoscript/fileName/Color32Extensions.cs: 957a68f3e8b649a9394b51c6910ca65a -> 
  custom:scripting/monoscript/fileName/UIParticleRenderer.cs: e7d82b34b2b52af3ee36bf0e1f32e85d -> 
  custom:scripting/monoscript/fileName/UIParticleUpdater.cs: 64d938919628a112a7e9c9345f1ccb18 -> 
  custom:scripting/monoscript/fileName/NewTestScript.cs: 2eb4416447678e2004e156bd89cd8cbd -> 
  custom:scripting/monoscript/fileName/ParticleSystemExtensions.cs: a9d6841fd486ede512f2bde88014253e -> 
  custom:video-encoder-webm-vp8: eb34c28f22e8b96e1ab97ce403110664 -> 
  custom:audio-decoder-ogg-vorbis: bf7c407c2cedff20999df2af8eb42d56 -> 
  custom:scripting/monoscript/fileName/Misc.cs: 246d9d5aaf21070630ef885fe1125ea2 -> 7ed2e50827551a4e78c69f183dffa2c9
  custom:audio-encoder-webm-vorbis: bf7c407c2cedff20999df2af8eb42d56 -> 
  custom:scripting/monoscript/fileName/MaterialRepository.cs: 128c5f079d59296a900349dfa10fb5ae -> 
  custom:scripting/precompiled-assembly-types:Assembly-CSharp: 5539a435bc8c47a9ef169f3122ff605b -> 72abcff13cd1eb93c15151ed6ddf2d35
========================================================================
Received Prepare
Caller must complete domain reload
Begin MonoManager ReloadAssembly
- Loaded All Assemblies, in  0.474 seconds
Native extension for WindowsStandalone target not found
Mono: successfully reloaded assembly
- Finished resetting the current domain, in  0.980 seconds
Domain Reload Profiling: 1452ms
	BeginReloadAssembly (146ms)
		ExecutionOrderSort (0ms)
		DisableScriptedObjects (5ms)
		BackupInstance (0ms)
		ReleaseScriptingObjects (0ms)
		CreateAndSetChildDomain (28ms)
	RebuildCommonClasses (33ms)
	RebuildNativeTypeToScriptingClass (11ms)
	initialDomainReloadingComplete (31ms)
	LoadAllAssembliesAndSetupDomain (250ms)
		LoadAssemblies (305ms)
		RebuildTransferFunctionScriptingTraits (0ms)
		AnalyzeDomain (25ms)
			TypeCache.Refresh (8ms)
				TypeCache.ScanAssembly (1ms)
			ScanForSourceGeneratedMonoScriptInfo (8ms)
			ResolveRequiredComponents (6ms)
	FinalizeReload (981ms)
		ReleaseScriptCaches (0ms)
		RebuildScriptCaches (0ms)
		SetupLoadedEditorAssemblies (485ms)
			LogAssemblyErrors (0ms)
			InitializePlatformSupportModulesInManaged (6ms)
			SetLoadedEditorAssemblies (5ms)
			RefreshPlugins (0ms)
			BeforeProcessingInitializeOnLoad (96ms)
			ProcessInitializeOnLoadAttributes (349ms)
			ProcessInitializeOnLoadMethodAttributes (21ms)
			AfterProcessingInitializeOnLoad (7ms)
			EditorAssembliesLoaded (0ms)
		ExecutionOrderSort2 (0ms)
		AwakeInstancesAfterBackupRestoration (7ms)
Refreshing native plugins compatible for Editor in 4.31 ms, found 3 plugins.
Preloading 0 native plugins for Editor in 0.00 ms.
Unloading 3135 Unused Serialized files (Serialized files now loaded: 0)
Unloading 14 unused Assets / (28.5 KB). Loaded Objects now: 3772.
Memory consumption went from 120.4 MB to 120.4 MB.
Total: 2.393500 ms (FindLiveObjects: 0.185600 ms CreateObjectMapping: 0.097600 ms MarkObjects: 2.060100 ms  DeleteObjects: 0.048900 ms)

Prepare: number of updated asset objects reloaded= 0
AssetImportParameters requested are different than current active one (requested -> active):
  custom:scripting/monoscript/fileName/CFX_Demo_With_UIParticle.cs: 226f2c5431a3281109d962f41860d8fa -> 
  custom:scripting/monoscript/fileName/SpriteExtensions.cs: d15fc44627372ae38565323b74d7ae12 -> 
  custom:container-demuxer-ogg: 62fdf1f143b41e24485cea50d1cbac27 -> 
  custom:scripting/monoscript/fileName/UIParticle_PerformanceDemo.cs: 4f06c4b31cfbc934f9c8a4cffb890ea0 -> 
  custom:scripting/monoscript/fileName/UIParticleProjectSettings.cs: e67134131661b9872564981966bfc127 -> 
  custom:scripting/monoscript/fileName/UIParticle.cs: 2325898c5f7e7032e1304a953772e3db -> 
  custom:scripting/monoscript/fileName/Vector3Extensions.cs: d2785b660e92dd53626ae8ab3f74eb90 -> 
  custom:video-codec-MediaFoundation-h265: 746d11721c4dcdbdad8f713fa42b33f4 -> 
  custom:scripting/monoscript/fileName/UIExtraCallbacks.cs: 3d3413dbcd53c71899d73ab53a15ba37 -> 
  custom:video-decoder-ogg-theora: a1e56fd34408186e4bbccfd4996cb3dc -> 
  custom:scripting/monoscript/fileName/AnimatableProperty.cs: f35dc87c3f2df1477c8a408b8fbe37b5 -> 
  custom:scripting/monoscript/fileName/AnimatablePropertyEditor.cs: 1d03953670d8e406357019b192662737 -> 
  custom:scripting/monoscript/fileName/UIParticleMenu.cs: a4859bf31ac3affa2499cb7d11d0a844 -> 
  custom:framework-win-MediaFoundation: 216162199b28c13a410421893ffa2e32 -> 
  custom:scripting/monoscript/fileName/CanvasExtensions.cs: dd125fe003e3c2c37c4a99dbb0078950 -> 
  custom:scripting/monoscript/fileName/ComponentExtensions.cs: fb5af0f40f5d66304cb9361270b05072 -> 
  custom:scripting/monoscript/fileName/Logging.cs: 5f2ed8485a56b4e9e53aa65cdef27b10 -> 
  custom:CustomObjectIndexerAttribute: 9a22284fe3817be447336de3de66b15e -> 
  custom:container-demuxer-webm: 4f35f7cbe854078d1ac9338744f61a02 -> 
  custom:scripting/monoscript/fileName/FastAction.cs: 60eb5b7e04daf339f61dca5fd934100f -> dfbe75b66b645b53472915ad2590af11
  custom:scripting/monoscript/fileName/FrameCache.cs: 3dcf885da94f12c1b606c497e398faf9 -> 
  custom:scripting/monoscript/fileName/UIParticleEditor.cs: b6bdab8e4a72b4216e3f0c8f8ed45e99 -> 
  custom:container-muxer-webm: aa71ff27fc2769a1b78a27578f13a17b -> 
  custom:scripting/monoscript/fileName/ObjectRepository.cs: 0cdf409b5aa8d4c25876d72b5c6a3b60 -> 
  custom:scripting/monoscript/fileName/ObjectPool.cs: 0cdf409b5aa8d4c25876d72b5c6a3b60 -> 
  custom:video-decoder-webm-vp8: 9c59270c3fd7afecdb556c50c9e8de78 -> 
  custom:SearchIndexIgnoredProperties: e643bd26f0fe6173181afceb89e7c659 -> 
  custom:scripting/monoscript/fileName/CardPack.cs: c1b5d49f961e6852a391ca0d8a17b35b -> 
  custom:AudioImporter_EditorPlatform: d09bf68614088b80899f8185d706f6e7 -> 
  custom:scripting/monoscript/fileName/UIParticleAttractor.cs: 56646a28f8018ce8d626b6a0b28e5c77 -> 
  custom:scripting/monoscript/fileName/Color32Extensions.cs: 957a68f3e8b649a9394b51c6910ca65a -> 
  custom:scripting/monoscript/fileName/UIParticleRenderer.cs: e7d82b34b2b52af3ee36bf0e1f32e85d -> 
  custom:scripting/monoscript/fileName/UIParticleUpdater.cs: 64d938919628a112a7e9c9345f1ccb18 -> 
  custom:scripting/monoscript/fileName/NewTestScript.cs: 2eb4416447678e2004e156bd89cd8cbd -> 
  custom:scripting/monoscript/fileName/ParticleSystemExtensions.cs: a9d6841fd486ede512f2bde88014253e -> 
  custom:video-encoder-webm-vp8: eb34c28f22e8b96e1ab97ce403110664 -> 
  custom:audio-decoder-ogg-vorbis: bf7c407c2cedff20999df2af8eb42d56 -> 
  custom:scripting/monoscript/fileName/Misc.cs: 246d9d5aaf21070630ef885fe1125ea2 -> 7ed2e50827551a4e78c69f183dffa2c9
  custom:audio-encoder-webm-vorbis: bf7c407c2cedff20999df2af8eb42d56 -> 
  custom:scripting/monoscript/fileName/MaterialRepository.cs: 128c5f079d59296a900349dfa10fb5ae -> 
  custom:scripting/precompiled-assembly-types:Assembly-CSharp: 5539a435bc8c47a9ef169f3122ff605b -> 72abcff13cd1eb93c15151ed6ddf2d35
========================================================================
Received Prepare
Caller must complete domain reload
Begin MonoManager ReloadAssembly
- Loaded All Assemblies, in  0.459 seconds
Native extension for WindowsStandalone target not found
Mono: successfully reloaded assembly
- Finished resetting the current domain, in  1.017 seconds
Domain Reload Profiling: 1471ms
	BeginReloadAssembly (150ms)
		ExecutionOrderSort (0ms)
		DisableScriptedObjects (5ms)
		BackupInstance (0ms)
		ReleaseScriptingObjects (0ms)
		CreateAndSetChildDomain (28ms)
	RebuildCommonClasses (33ms)
	RebuildNativeTypeToScriptingClass (10ms)
	initialDomainReloadingComplete (31ms)
	LoadAllAssembliesAndSetupDomain (229ms)
		LoadAssemblies (300ms)
		RebuildTransferFunctionScriptingTraits (0ms)
		AnalyzeDomain (13ms)
			TypeCache.Refresh (5ms)
				TypeCache.ScanAssembly (0ms)
			ScanForSourceGeneratedMonoScriptInfo (0ms)
			ResolveRequiredComponents (5ms)
	FinalizeReload (1017ms)
		ReleaseScriptCaches (0ms)
		RebuildScriptCaches (0ms)
		SetupLoadedEditorAssemblies (504ms)
			LogAssemblyErrors (0ms)
			InitializePlatformSupportModulesInManaged (7ms)
			SetLoadedEditorAssemblies (5ms)
			RefreshPlugins (0ms)
			BeforeProcessingInitializeOnLoad (102ms)
			ProcessInitializeOnLoadAttributes (358ms)
			ProcessInitializeOnLoadMethodAttributes (23ms)
			AfterProcessingInitializeOnLoad (9ms)
			EditorAssembliesLoaded (0ms)
		ExecutionOrderSort2 (0ms)
		AwakeInstancesAfterBackupRestoration (7ms)
Refreshing native plugins compatible for Editor in 4.10 ms, found 3 plugins.
Preloading 0 native plugins for Editor in 0.00 ms.
Unloading 3135 Unused Serialized files (Serialized files now loaded: 0)
Unloading 14 unused Assets / (28.5 KB). Loaded Objects now: 3775.
Memory consumption went from 120.4 MB to 120.4 MB.
Total: 2.329000 ms (FindLiveObjects: 0.201500 ms CreateObjectMapping: 0.089200 ms MarkObjects: 2.002100 ms  DeleteObjects: 0.035200 ms)

Prepare: number of updated asset objects reloaded= 0
AssetImportParameters requested are different than current active one (requested -> active):
  custom:scripting/monoscript/fileName/CFX_Demo_With_UIParticle.cs: 226f2c5431a3281109d962f41860d8fa -> 
  custom:scripting/monoscript/fileName/SpriteExtensions.cs: d15fc44627372ae38565323b74d7ae12 -> 
  custom:container-demuxer-ogg: 62fdf1f143b41e24485cea50d1cbac27 -> 
  custom:scripting/monoscript/fileName/UIParticle_PerformanceDemo.cs: 4f06c4b31cfbc934f9c8a4cffb890ea0 -> 
  custom:scripting/monoscript/fileName/UIParticleProjectSettings.cs: e67134131661b9872564981966bfc127 -> 
  custom:scripting/monoscript/fileName/UIParticle.cs: 2325898c5f7e7032e1304a953772e3db -> 
  custom:scripting/monoscript/fileName/Vector3Extensions.cs: d2785b660e92dd53626ae8ab3f74eb90 -> 
  custom:video-codec-MediaFoundation-h265: 746d11721c4dcdbdad8f713fa42b33f4 -> 
  custom:scripting/monoscript/fileName/UIExtraCallbacks.cs: 3d3413dbcd53c71899d73ab53a15ba37 -> 
  custom:video-decoder-ogg-theora: a1e56fd34408186e4bbccfd4996cb3dc -> 
  custom:scripting/monoscript/fileName/AnimatableProperty.cs: f35dc87c3f2df1477c8a408b8fbe37b5 -> 
  custom:scripting/monoscript/fileName/AnimatablePropertyEditor.cs: 1d03953670d8e406357019b192662737 -> 
  custom:scripting/monoscript/fileName/UIParticleMenu.cs: a4859bf31ac3affa2499cb7d11d0a844 -> 
  custom:framework-win-MediaFoundation: 216162199b28c13a410421893ffa2e32 -> 
  custom:scripting/monoscript/fileName/CanvasExtensions.cs: dd125fe003e3c2c37c4a99dbb0078950 -> 
  custom:scripting/monoscript/fileName/ComponentExtensions.cs: fb5af0f40f5d66304cb9361270b05072 -> 
  custom:scripting/monoscript/fileName/Logging.cs: 5f2ed8485a56b4e9e53aa65cdef27b10 -> 
  custom:CustomObjectIndexerAttribute: 9a22284fe3817be447336de3de66b15e -> 
  custom:container-demuxer-webm: 4f35f7cbe854078d1ac9338744f61a02 -> 
  custom:scripting/monoscript/fileName/FastAction.cs: 60eb5b7e04daf339f61dca5fd934100f -> dfbe75b66b645b53472915ad2590af11
  custom:scripting/monoscript/fileName/FrameCache.cs: 3dcf885da94f12c1b606c497e398faf9 -> 
  custom:scripting/monoscript/fileName/UIParticleEditor.cs: b6bdab8e4a72b4216e3f0c8f8ed45e99 -> 
  custom:container-muxer-webm: aa71ff27fc2769a1b78a27578f13a17b -> 
  custom:scripting/monoscript/fileName/ObjectRepository.cs: 0cdf409b5aa8d4c25876d72b5c6a3b60 -> 
  custom:scripting/monoscript/fileName/ObjectPool.cs: 0cdf409b5aa8d4c25876d72b5c6a3b60 -> 
  custom:video-decoder-webm-vp8: 9c59270c3fd7afecdb556c50c9e8de78 -> 
  custom:SearchIndexIgnoredProperties: e643bd26f0fe6173181afceb89e7c659 -> 
  custom:scripting/monoscript/fileName/CardPack.cs: c1b5d49f961e6852a391ca0d8a17b35b -> 
  custom:AudioImporter_EditorPlatform: d09bf68614088b80899f8185d706f6e7 -> 
  custom:scripting/monoscript/fileName/UIParticleAttractor.cs: 56646a28f8018ce8d626b6a0b28e5c77 -> 
  custom:scripting/monoscript/fileName/Color32Extensions.cs: 957a68f3e8b649a9394b51c6910ca65a -> 
  custom:scripting/monoscript/fileName/UIParticleRenderer.cs: e7d82b34b2b52af3ee36bf0e1f32e85d -> 
  custom:scripting/monoscript/fileName/UIParticleUpdater.cs: 64d938919628a112a7e9c9345f1ccb18 -> 
  custom:scripting/monoscript/fileName/NewTestScript.cs: 2eb4416447678e2004e156bd89cd8cbd -> 
  custom:scripting/monoscript/fileName/ParticleSystemExtensions.cs: a9d6841fd486ede512f2bde88014253e -> 
  custom:video-encoder-webm-vp8: eb34c28f22e8b96e1ab97ce403110664 -> 
  custom:audio-decoder-ogg-vorbis: bf7c407c2cedff20999df2af8eb42d56 -> 
  custom:scripting/monoscript/fileName/Misc.cs: 246d9d5aaf21070630ef885fe1125ea2 -> 7ed2e50827551a4e78c69f183dffa2c9
  custom:audio-encoder-webm-vorbis: bf7c407c2cedff20999df2af8eb42d56 -> 
  custom:scripting/monoscript/fileName/MaterialRepository.cs: 128c5f079d59296a900349dfa10fb5ae -> 
  custom:scripting/precompiled-assembly-types:Assembly-CSharp: 5539a435bc8c47a9ef169f3122ff605b -> 72abcff13cd1eb93c15151ed6ddf2d35
========================================================================
Received Prepare
Caller must complete domain reload
Begin MonoManager ReloadAssembly
- Loaded All Assemblies, in  0.456 seconds
Native extension for WindowsStandalone target not found
Mono: successfully reloaded assembly
- Finished resetting the current domain, in  0.975 seconds
Domain Reload Profiling: 1429ms
	BeginReloadAssembly (146ms)
		ExecutionOrderSort (0ms)
		DisableScriptedObjects (6ms)
		BackupInstance (0ms)
		ReleaseScriptingObjects (0ms)
		CreateAndSetChildDomain (28ms)
	RebuildCommonClasses (39ms)
	RebuildNativeTypeToScriptingClass (14ms)
	initialDomainReloadingComplete (31ms)
	LoadAllAssembliesAndSetupDomain (223ms)
		LoadAssemblies (291ms)
		RebuildTransferFunctionScriptingTraits (0ms)
		AnalyzeDomain (12ms)
			TypeCache.Refresh (5ms)
				TypeCache.ScanAssembly (0ms)
			ScanForSourceGeneratedMonoScriptInfo (0ms)
			ResolveRequiredComponents (5ms)
	FinalizeReload (975ms)
		ReleaseScriptCaches (0ms)
		RebuildScriptCaches (0ms)
		SetupLoadedEditorAssemblies (489ms)
			LogAssemblyErrors (0ms)
			InitializePlatformSupportModulesInManaged (7ms)
			SetLoadedEditorAssemblies (5ms)
			RefreshPlugins (0ms)
			BeforeProcessingInitializeOnLoad (100ms)
			ProcessInitializeOnLoadAttributes (345ms)
			ProcessInitializeOnLoadMethodAttributes (24ms)
			AfterProcessingInitializeOnLoad (8ms)
			EditorAssembliesLoaded (0ms)
		ExecutionOrderSort2 (0ms)
		AwakeInstancesAfterBackupRestoration (7ms)
Refreshing native plugins compatible for Editor in 4.14 ms, found 3 plugins.
Preloading 0 native plugins for Editor in 0.00 ms.
Unloading 3135 Unused Serialized files (Serialized files now loaded: 0)
Unloading 14 unused Assets / (28.5 KB). Loaded Objects now: 3778.
Memory consumption went from 120.4 MB to 120.4 MB.
Total: 2.382300 ms (FindLiveObjects: 0.246300 ms CreateObjectMapping: 0.111400 ms MarkObjects: 1.989900 ms  DeleteObjects: 0.033800 ms)

Prepare: number of updated asset objects reloaded= 0
AssetImportParameters requested are different than current active one (requested -> active):
  custom:scripting/monoscript/fileName/CFX_Demo_With_UIParticle.cs: 226f2c5431a3281109d962f41860d8fa -> 
  custom:scripting/monoscript/fileName/SpriteExtensions.cs: d15fc44627372ae38565323b74d7ae12 -> 
  custom:container-demuxer-ogg: 62fdf1f143b41e24485cea50d1cbac27 -> 
  custom:scripting/monoscript/fileName/UIParticle_PerformanceDemo.cs: 4f06c4b31cfbc934f9c8a4cffb890ea0 -> 
  custom:scripting/monoscript/fileName/UIParticleProjectSettings.cs: e67134131661b9872564981966bfc127 -> 
  custom:scripting/monoscript/fileName/UIParticle.cs: 2325898c5f7e7032e1304a953772e3db -> 
  custom:scripting/monoscript/fileName/Vector3Extensions.cs: d2785b660e92dd53626ae8ab3f74eb90 -> 
  custom:video-codec-MediaFoundation-h265: 746d11721c4dcdbdad8f713fa42b33f4 -> 
  custom:scripting/monoscript/fileName/UIExtraCallbacks.cs: 3d3413dbcd53c71899d73ab53a15ba37 -> 
  custom:video-decoder-ogg-theora: a1e56fd34408186e4bbccfd4996cb3dc -> 
  custom:scripting/monoscript/fileName/AnimatableProperty.cs: f35dc87c3f2df1477c8a408b8fbe37b5 -> 
  custom:scripting/monoscript/fileName/AnimatablePropertyEditor.cs: 1d03953670d8e406357019b192662737 -> 
  custom:scripting/monoscript/fileName/UIParticleMenu.cs: a4859bf31ac3affa2499cb7d11d0a844 -> 
  custom:framework-win-MediaFoundation: 216162199b28c13a410421893ffa2e32 -> 
  custom:scripting/monoscript/fileName/CanvasExtensions.cs: dd125fe003e3c2c37c4a99dbb0078950 -> 
  custom:scripting/monoscript/fileName/ComponentExtensions.cs: fb5af0f40f5d66304cb9361270b05072 -> 
  custom:scripting/monoscript/fileName/Logging.cs: 5f2ed8485a56b4e9e53aa65cdef27b10 -> 
  custom:CustomObjectIndexerAttribute: 9a22284fe3817be447336de3de66b15e -> 
  custom:container-demuxer-webm: 4f35f7cbe854078d1ac9338744f61a02 -> 
  custom:scripting/monoscript/fileName/FastAction.cs: 60eb5b7e04daf339f61dca5fd934100f -> dfbe75b66b645b53472915ad2590af11
  custom:scripting/monoscript/fileName/FrameCache.cs: 3dcf885da94f12c1b606c497e398faf9 -> 
  custom:scripting/monoscript/fileName/UIParticleEditor.cs: b6bdab8e4a72b4216e3f0c8f8ed45e99 -> 
  custom:container-muxer-webm: aa71ff27fc2769a1b78a27578f13a17b -> 
  custom:scripting/monoscript/fileName/ObjectRepository.cs: 0cdf409b5aa8d4c25876d72b5c6a3b60 -> 
  custom:scripting/monoscript/fileName/ObjectPool.cs: 0cdf409b5aa8d4c25876d72b5c6a3b60 -> 
  custom:video-decoder-webm-vp8: 9c59270c3fd7afecdb556c50c9e8de78 -> 
  custom:SearchIndexIgnoredProperties: e643bd26f0fe6173181afceb89e7c659 -> 
  custom:scripting/monoscript/fileName/CardPack.cs: c1b5d49f961e6852a391ca0d8a17b35b -> 
  custom:AudioImporter_EditorPlatform: d09bf68614088b80899f8185d706f6e7 -> 
  custom:scripting/monoscript/fileName/UIParticleAttractor.cs: 56646a28f8018ce8d626b6a0b28e5c77 -> 
  custom:scripting/monoscript/fileName/Color32Extensions.cs: 957a68f3e8b649a9394b51c6910ca65a -> 
  custom:scripting/monoscript/fileName/UIParticleRenderer.cs: e7d82b34b2b52af3ee36bf0e1f32e85d -> 
  custom:scripting/monoscript/fileName/UIParticleUpdater.cs: 64d938919628a112a7e9c9345f1ccb18 -> 
  custom:scripting/monoscript/fileName/NewTestScript.cs: 2eb4416447678e2004e156bd89cd8cbd -> 
  custom:scripting/monoscript/fileName/ParticleSystemExtensions.cs: a9d6841fd486ede512f2bde88014253e -> 
  custom:video-encoder-webm-vp8: eb34c28f22e8b96e1ab97ce403110664 -> 
  custom:audio-decoder-ogg-vorbis: bf7c407c2cedff20999df2af8eb42d56 -> 
  custom:scripting/monoscript/fileName/Misc.cs: 246d9d5aaf21070630ef885fe1125ea2 -> 7ed2e50827551a4e78c69f183dffa2c9
  custom:audio-encoder-webm-vorbis: bf7c407c2cedff20999df2af8eb42d56 -> 
  custom:scripting/monoscript/fileName/MaterialRepository.cs: 128c5f079d59296a900349dfa10fb5ae -> 
  custom:scripting/precompiled-assembly-types:Assembly-CSharp: 5539a435bc8c47a9ef169f3122ff605b -> 72abcff13cd1eb93c15151ed6ddf2d35
========================================================================
Received Prepare
Caller must complete domain reload
Begin MonoManager ReloadAssembly
- Loaded All Assemblies, in  0.483 seconds
Native extension for WindowsStandalone target not found
Mono: successfully reloaded assembly
- Finished resetting the current domain, in  0.953 seconds
Domain Reload Profiling: 1433ms
	BeginReloadAssembly (153ms)
		ExecutionOrderSort (0ms)
		DisableScriptedObjects (6ms)
		BackupInstance (0ms)
		ReleaseScriptingObjects (0ms)
		CreateAndSetChildDomain (32ms)
	RebuildCommonClasses (38ms)
	RebuildNativeTypeToScriptingClass (13ms)
	initialDomainReloadingComplete (32ms)
	LoadAllAssembliesAndSetupDomain (244ms)
		LoadAssemblies (305ms)
		RebuildTransferFunctionScriptingTraits (0ms)
		AnalyzeDomain (23ms)
			TypeCache.Refresh (7ms)
				TypeCache.ScanAssembly (1ms)
			ScanForSourceGeneratedMonoScriptInfo (7ms)
			ResolveRequiredComponents (6ms)
	FinalizeReload (954ms)
		ReleaseScriptCaches (0ms)
		RebuildScriptCaches (0ms)
		SetupLoadedEditorAssemblies (481ms)
			LogAssemblyErrors (0ms)
			InitializePlatformSupportModulesInManaged (7ms)
			SetLoadedEditorAssemblies (8ms)
			RefreshPlugins (0ms)
			BeforeProcessingInitializeOnLoad (99ms)
			ProcessInitializeOnLoadAttributes (337ms)
			ProcessInitializeOnLoadMethodAttributes (24ms)
			AfterProcessingInitializeOnLoad (6ms)
			EditorAssembliesLoaded (0ms)
		ExecutionOrderSort2 (0ms)
		AwakeInstancesAfterBackupRestoration (6ms)
Refreshing native plugins compatible for Editor in 3.19 ms, found 3 plugins.
Preloading 0 native plugins for Editor in 0.00 ms.
Unloading 3135 Unused Serialized files (Serialized files now loaded: 0)
Unloading 14 unused Assets / (28.5 KB). Loaded Objects now: 3781.
Memory consumption went from 120.4 MB to 120.4 MB.
Total: 3.166400 ms (FindLiveObjects: 0.189900 ms CreateObjectMapping: 0.089500 ms MarkObjects: 2.844300 ms  DeleteObjects: 0.041900 ms)

Prepare: number of updated asset objects reloaded= 0
AssetImportParameters requested are different than current active one (requested -> active):
  custom:scripting/monoscript/fileName/CFX_Demo_With_UIParticle.cs: 226f2c5431a3281109d962f41860d8fa -> 
  custom:scripting/monoscript/fileName/SpriteExtensions.cs: d15fc44627372ae38565323b74d7ae12 -> 
  custom:container-demuxer-ogg: 62fdf1f143b41e24485cea50d1cbac27 -> 
  custom:scripting/monoscript/fileName/UIParticle_PerformanceDemo.cs: 4f06c4b31cfbc934f9c8a4cffb890ea0 -> 
  custom:scripting/monoscript/fileName/UIParticleProjectSettings.cs: e67134131661b9872564981966bfc127 -> 
  custom:scripting/monoscript/fileName/UIParticle.cs: 2325898c5f7e7032e1304a953772e3db -> 
  custom:scripting/monoscript/fileName/Vector3Extensions.cs: d2785b660e92dd53626ae8ab3f74eb90 -> 
  custom:video-codec-MediaFoundation-h265: 746d11721c4dcdbdad8f713fa42b33f4 -> 
  custom:scripting/monoscript/fileName/UIExtraCallbacks.cs: 3d3413dbcd53c71899d73ab53a15ba37 -> 
  custom:video-decoder-ogg-theora: a1e56fd34408186e4bbccfd4996cb3dc -> 
  custom:scripting/monoscript/fileName/AnimatableProperty.cs: f35dc87c3f2df1477c8a408b8fbe37b5 -> 
  custom:scripting/monoscript/fileName/AnimatablePropertyEditor.cs: 1d03953670d8e406357019b192662737 -> 
  custom:scripting/monoscript/fileName/UIParticleMenu.cs: a4859bf31ac3affa2499cb7d11d0a844 -> 
  custom:framework-win-MediaFoundation: 216162199b28c13a410421893ffa2e32 -> 
  custom:scripting/monoscript/fileName/CanvasExtensions.cs: dd125fe003e3c2c37c4a99dbb0078950 -> 
  custom:scripting/monoscript/fileName/ComponentExtensions.cs: fb5af0f40f5d66304cb9361270b05072 -> 
  custom:scripting/monoscript/fileName/Logging.cs: 5f2ed8485a56b4e9e53aa65cdef27b10 -> 
  custom:CustomObjectIndexerAttribute: 9a22284fe3817be447336de3de66b15e -> 
  custom:container-demuxer-webm: 4f35f7cbe854078d1ac9338744f61a02 -> 
  custom:scripting/monoscript/fileName/FastAction.cs: 60eb5b7e04daf339f61dca5fd934100f -> dfbe75b66b645b53472915ad2590af11
  custom:scripting/monoscript/fileName/FrameCache.cs: 3dcf885da94f12c1b606c497e398faf9 -> 
  custom:scripting/monoscript/fileName/UIParticleEditor.cs: b6bdab8e4a72b4216e3f0c8f8ed45e99 -> 
  custom:container-muxer-webm: aa71ff27fc2769a1b78a27578f13a17b -> 
  custom:scripting/monoscript/fileName/ObjectRepository.cs: 0cdf409b5aa8d4c25876d72b5c6a3b60 -> 
  custom:scripting/monoscript/fileName/ObjectPool.cs: 0cdf409b5aa8d4c25876d72b5c6a3b60 -> 
  custom:video-decoder-webm-vp8: 9c59270c3fd7afecdb556c50c9e8de78 -> 
  custom:SearchIndexIgnoredProperties: e643bd26f0fe6173181afceb89e7c659 -> 
  custom:scripting/monoscript/fileName/CardPack.cs: c1b5d49f961e6852a391ca0d8a17b35b -> 
  custom:AudioImporter_EditorPlatform: d09bf68614088b80899f8185d706f6e7 -> 
  custom:scripting/monoscript/fileName/UIParticleAttractor.cs: 56646a28f8018ce8d626b6a0b28e5c77 -> 
  custom:scripting/monoscript/fileName/Color32Extensions.cs: 957a68f3e8b649a9394b51c6910ca65a -> 
  custom:scripting/monoscript/fileName/UIParticleRenderer.cs: e7d82b34b2b52af3ee36bf0e1f32e85d -> 
  custom:scripting/monoscript/fileName/UIParticleUpdater.cs: 64d938919628a112a7e9c9345f1ccb18 -> 
  custom:scripting/monoscript/fileName/NewTestScript.cs: 2eb4416447678e2004e156bd89cd8cbd -> 
  custom:scripting/monoscript/fileName/ParticleSystemExtensions.cs: a9d6841fd486ede512f2bde88014253e -> 
  custom:video-encoder-webm-vp8: eb34c28f22e8b96e1ab97ce403110664 -> 
  custom:audio-decoder-ogg-vorbis: bf7c407c2cedff20999df2af8eb42d56 -> 
  custom:scripting/monoscript/fileName/Misc.cs: 246d9d5aaf21070630ef885fe1125ea2 -> 7ed2e50827551a4e78c69f183dffa2c9
  custom:audio-encoder-webm-vorbis: bf7c407c2cedff20999df2af8eb42d56 -> 
  custom:scripting/monoscript/fileName/MaterialRepository.cs: 128c5f079d59296a900349dfa10fb5ae -> 
  custom:scripting/precompiled-assembly-types:Assembly-CSharp: 5539a435bc8c47a9ef169f3122ff605b -> 72abcff13cd1eb93c15151ed6ddf2d35
========================================================================
Received Prepare
Caller must complete domain reload
Begin MonoManager ReloadAssembly
- Loaded All Assemblies, in  0.467 seconds
Native extension for WindowsStandalone target not found
Mono: successfully reloaded assembly
- Finished resetting the current domain, in  0.949 seconds
Domain Reload Profiling: 1413ms
	BeginReloadAssembly (149ms)
		ExecutionOrderSort (0ms)
		DisableScriptedObjects (6ms)
		BackupInstance (0ms)
		ReleaseScriptingObjects (0ms)
		CreateAndSetChildDomain (29ms)
	RebuildCommonClasses (33ms)
	RebuildNativeTypeToScriptingClass (11ms)
	initialDomainReloadingComplete (30ms)
	LoadAllAssembliesAndSetupDomain (240ms)
		LoadAssemblies (301ms)
		RebuildTransferFunctionScriptingTraits (0ms)
		AnalyzeDomain (23ms)
			TypeCache.Refresh (7ms)
				TypeCache.ScanAssembly (1ms)
			ScanForSourceGeneratedMonoScriptInfo (7ms)
			ResolveRequiredComponents (6ms)
	FinalizeReload (949ms)
		ReleaseScriptCaches (0ms)
		RebuildScriptCaches (0ms)
		SetupLoadedEditorAssemblies (467ms)
			LogAssemblyErrors (0ms)
			InitializePlatformSupportModulesInManaged (7ms)
			SetLoadedEditorAssemblies (5ms)
			RefreshPlugins (0ms)
			BeforeProcessingInitializeOnLoad (93ms)
			ProcessInitializeOnLoadAttributes (336ms)
			ProcessInitializeOnLoadMethodAttributes (19ms)
			AfterProcessingInitializeOnLoad (7ms)
			EditorAssembliesLoaded (0ms)
		ExecutionOrderSort2 (0ms)
		AwakeInstancesAfterBackupRestoration (6ms)
Refreshing native plugins compatible for Editor in 3.60 ms, found 3 plugins.
Preloading 0 native plugins for Editor in 0.00 ms.
Unloading 3135 Unused Serialized files (Serialized files now loaded: 0)
Unloading 14 unused Assets / (28.5 KB). Loaded Objects now: 3784.
Memory consumption went from 120.4 MB to 120.4 MB.
Total: 2.118300 ms (FindLiveObjects: 0.181700 ms CreateObjectMapping: 0.090500 ms MarkObjects: 1.816200 ms  DeleteObjects: 0.029100 ms)

Prepare: number of updated asset objects reloaded= 0
AssetImportParameters requested are different than current active one (requested -> active):
  custom:scripting/monoscript/fileName/CFX_Demo_With_UIParticle.cs: 226f2c5431a3281109d962f41860d8fa -> 
  custom:scripting/monoscript/fileName/SpriteExtensions.cs: d15fc44627372ae38565323b74d7ae12 -> 
  custom:container-demuxer-ogg: 62fdf1f143b41e24485cea50d1cbac27 -> 
  custom:scripting/monoscript/fileName/UIParticle_PerformanceDemo.cs: 4f06c4b31cfbc934f9c8a4cffb890ea0 -> 
  custom:scripting/monoscript/fileName/UIParticleProjectSettings.cs: e67134131661b9872564981966bfc127 -> 
  custom:scripting/monoscript/fileName/UIParticle.cs: 2325898c5f7e7032e1304a953772e3db -> 
  custom:scripting/monoscript/fileName/Vector3Extensions.cs: d2785b660e92dd53626ae8ab3f74eb90 -> 
  custom:video-codec-MediaFoundation-h265: 746d11721c4dcdbdad8f713fa42b33f4 -> 
  custom:scripting/monoscript/fileName/UIExtraCallbacks.cs: 3d3413dbcd53c71899d73ab53a15ba37 -> 
  custom:video-decoder-ogg-theora: a1e56fd34408186e4bbccfd4996cb3dc -> 
  custom:scripting/monoscript/fileName/AnimatableProperty.cs: f35dc87c3f2df1477c8a408b8fbe37b5 -> 
  custom:scripting/monoscript/fileName/AnimatablePropertyEditor.cs: 1d03953670d8e406357019b192662737 -> 
  custom:scripting/monoscript/fileName/UIParticleMenu.cs: a4859bf31ac3affa2499cb7d11d0a844 -> 
  custom:framework-win-MediaFoundation: 216162199b28c13a410421893ffa2e32 -> 
  custom:scripting/monoscript/fileName/CanvasExtensions.cs: dd125fe003e3c2c37c4a99dbb0078950 -> 
  custom:scripting/monoscript/fileName/ComponentExtensions.cs: fb5af0f40f5d66304cb9361270b05072 -> 
  custom:scripting/monoscript/fileName/Logging.cs: 5f2ed8485a56b4e9e53aa65cdef27b10 -> 
  custom:CustomObjectIndexerAttribute: 9a22284fe3817be447336de3de66b15e -> 
  custom:container-demuxer-webm: 4f35f7cbe854078d1ac9338744f61a02 -> 
  custom:scripting/monoscript/fileName/FastAction.cs: 60eb5b7e04daf339f61dca5fd934100f -> dfbe75b66b645b53472915ad2590af11
  custom:scripting/monoscript/fileName/FrameCache.cs: 3dcf885da94f12c1b606c497e398faf9 -> 
  custom:scripting/monoscript/fileName/UIParticleEditor.cs: b6bdab8e4a72b4216e3f0c8f8ed45e99 -> 
  custom:container-muxer-webm: aa71ff27fc2769a1b78a27578f13a17b -> 
  custom:scripting/monoscript/fileName/ObjectRepository.cs: 0cdf409b5aa8d4c25876d72b5c6a3b60 -> 
  custom:scripting/monoscript/fileName/ObjectPool.cs: 0cdf409b5aa8d4c25876d72b5c6a3b60 -> 
  custom:video-decoder-webm-vp8: 9c59270c3fd7afecdb556c50c9e8de78 -> 
  custom:SearchIndexIgnoredProperties: e643bd26f0fe6173181afceb89e7c659 -> 
  custom:scripting/monoscript/fileName/CardPack.cs: c1b5d49f961e6852a391ca0d8a17b35b -> 
  custom:AudioImporter_EditorPlatform: d09bf68614088b80899f8185d706f6e7 -> 
  custom:scripting/monoscript/fileName/UIParticleAttractor.cs: 56646a28f8018ce8d626b6a0b28e5c77 -> 
  custom:scripting/monoscript/fileName/Color32Extensions.cs: 957a68f3e8b649a9394b51c6910ca65a -> 
  custom:scripting/monoscript/fileName/UIParticleRenderer.cs: e7d82b34b2b52af3ee36bf0e1f32e85d -> 
  custom:scripting/monoscript/fileName/UIParticleUpdater.cs: 64d938919628a112a7e9c9345f1ccb18 -> 
  custom:scripting/monoscript/fileName/NewTestScript.cs: 2eb4416447678e2004e156bd89cd8cbd -> 
  custom:scripting/monoscript/fileName/ParticleSystemExtensions.cs: a9d6841fd486ede512f2bde88014253e -> 
  custom:video-encoder-webm-vp8: eb34c28f22e8b96e1ab97ce403110664 -> 
  custom:audio-decoder-ogg-vorbis: bf7c407c2cedff20999df2af8eb42d56 -> 
  custom:scripting/monoscript/fileName/Misc.cs: 246d9d5aaf21070630ef885fe1125ea2 -> 7ed2e50827551a4e78c69f183dffa2c9
  custom:audio-encoder-webm-vorbis: bf7c407c2cedff20999df2af8eb42d56 -> 
  custom:scripting/monoscript/fileName/MaterialRepository.cs: 128c5f079d59296a900349dfa10fb5ae -> 
  custom:scripting/precompiled-assembly-types:Assembly-CSharp: 5539a435bc8c47a9ef169f3122ff605b -> 72abcff13cd1eb93c15151ed6ddf2d35
========================================================================
Received Prepare
Caller must complete domain reload
Begin MonoManager ReloadAssembly
- Loaded All Assemblies, in  0.464 seconds
Native extension for WindowsStandalone target not found
Mono: successfully reloaded assembly
- Finished resetting the current domain, in  0.980 seconds
Domain Reload Profiling: 1441ms
	BeginReloadAssembly (148ms)
		ExecutionOrderSort (0ms)
		DisableScriptedObjects (6ms)
		BackupInstance (0ms)
		ReleaseScriptingObjects (0ms)
		CreateAndSetChildDomain (30ms)
	RebuildCommonClasses (32ms)
	RebuildNativeTypeToScriptingClass (11ms)
	initialDomainReloadingComplete (34ms)
	LoadAllAssembliesAndSetupDomain (235ms)
		LoadAssemblies (303ms)
		RebuildTransferFunctionScriptingTraits (0ms)
		AnalyzeDomain (14ms)
			TypeCache.Refresh (5ms)
				TypeCache.ScanAssembly (0ms)
			ScanForSourceGeneratedMonoScriptInfo (0ms)
			ResolveRequiredComponents (6ms)
	FinalizeReload (980ms)
		ReleaseScriptCaches (0ms)
		RebuildScriptCaches (0ms)
		SetupLoadedEditorAssemblies (489ms)
			LogAssemblyErrors (0ms)
			InitializePlatformSupportModulesInManaged (7ms)
			SetLoadedEditorAssemblies (6ms)
			RefreshPlugins (0ms)
			BeforeProcessingInitializeOnLoad (94ms)
			ProcessInitializeOnLoadAttributes (349ms)
			ProcessInitializeOnLoadMethodAttributes (22ms)
			AfterProcessingInitializeOnLoad (12ms)
			EditorAssembliesLoaded (0ms)
		ExecutionOrderSort2 (0ms)
		AwakeInstancesAfterBackupRestoration (7ms)
Refreshing native plugins compatible for Editor in 4.38 ms, found 3 plugins.
Preloading 0 native plugins for Editor in 0.00 ms.
Unloading 3135 Unused Serialized files (Serialized files now loaded: 0)
Unloading 14 unused Assets / (28.5 KB). Loaded Objects now: 3787.
Memory consumption went from 120.4 MB to 120.4 MB.
Total: 2.280600 ms (FindLiveObjects: 0.249500 ms CreateObjectMapping: 0.102100 ms MarkObjects: 1.893600 ms  DeleteObjects: 0.033900 ms)

Prepare: number of updated asset objects reloaded= 0
AssetImportParameters requested are different than current active one (requested -> active):
  custom:scripting/monoscript/fileName/CFX_Demo_With_UIParticle.cs: 226f2c5431a3281109d962f41860d8fa -> 
  custom:scripting/monoscript/fileName/SpriteExtensions.cs: d15fc44627372ae38565323b74d7ae12 -> 
  custom:container-demuxer-ogg: 62fdf1f143b41e24485cea50d1cbac27 -> 
  custom:scripting/monoscript/fileName/UIParticle_PerformanceDemo.cs: 4f06c4b31cfbc934f9c8a4cffb890ea0 -> 
  custom:scripting/monoscript/fileName/UIParticleProjectSettings.cs: e67134131661b9872564981966bfc127 -> 
  custom:scripting/monoscript/fileName/UIParticle.cs: 2325898c5f7e7032e1304a953772e3db -> 
  custom:scripting/monoscript/fileName/Vector3Extensions.cs: d2785b660e92dd53626ae8ab3f74eb90 -> 
  custom:video-codec-MediaFoundation-h265: 746d11721c4dcdbdad8f713fa42b33f4 -> 
  custom:scripting/monoscript/fileName/UIExtraCallbacks.cs: 3d3413dbcd53c71899d73ab53a15ba37 -> 
  custom:video-decoder-ogg-theora: a1e56fd34408186e4bbccfd4996cb3dc -> 
  custom:scripting/monoscript/fileName/AnimatableProperty.cs: f35dc87c3f2df1477c8a408b8fbe37b5 -> 
  custom:scripting/monoscript/fileName/AnimatablePropertyEditor.cs: 1d03953670d8e406357019b192662737 -> 
  custom:scripting/monoscript/fileName/UIParticleMenu.cs: a4859bf31ac3affa2499cb7d11d0a844 -> 
  custom:framework-win-MediaFoundation: 216162199b28c13a410421893ffa2e32 -> 
  custom:scripting/monoscript/fileName/CanvasExtensions.cs: dd125fe003e3c2c37c4a99dbb0078950 -> 
  custom:scripting/monoscript/fileName/ComponentExtensions.cs: fb5af0f40f5d66304cb9361270b05072 -> 
  custom:scripting/monoscript/fileName/Logging.cs: 5f2ed8485a56b4e9e53aa65cdef27b10 -> 
  custom:CustomObjectIndexerAttribute: 9a22284fe3817be447336de3de66b15e -> 
  custom:container-demuxer-webm: 4f35f7cbe854078d1ac9338744f61a02 -> 
  custom:scripting/monoscript/fileName/FastAction.cs: 60eb5b7e04daf339f61dca5fd934100f -> dfbe75b66b645b53472915ad2590af11
  custom:scripting/monoscript/fileName/FrameCache.cs: 3dcf885da94f12c1b606c497e398faf9 -> 
  custom:scripting/monoscript/fileName/UIParticleEditor.cs: b6bdab8e4a72b4216e3f0c8f8ed45e99 -> 
  custom:container-muxer-webm: aa71ff27fc2769a1b78a27578f13a17b -> 
  custom:scripting/monoscript/fileName/ObjectRepository.cs: 0cdf409b5aa8d4c25876d72b5c6a3b60 -> 
  custom:scripting/monoscript/fileName/ObjectPool.cs: 0cdf409b5aa8d4c25876d72b5c6a3b60 -> 
  custom:video-decoder-webm-vp8: 9c59270c3fd7afecdb556c50c9e8de78 -> 
  custom:SearchIndexIgnoredProperties: e643bd26f0fe6173181afceb89e7c659 -> 
  custom:scripting/monoscript/fileName/CardPack.cs: c1b5d49f961e6852a391ca0d8a17b35b -> 
  custom:AudioImporter_EditorPlatform: d09bf68614088b80899f8185d706f6e7 -> 
  custom:scripting/monoscript/fileName/UIParticleAttractor.cs: 56646a28f8018ce8d626b6a0b28e5c77 -> 
  custom:scripting/monoscript/fileName/Color32Extensions.cs: 957a68f3e8b649a9394b51c6910ca65a -> 
  custom:scripting/monoscript/fileName/UIParticleRenderer.cs: e7d82b34b2b52af3ee36bf0e1f32e85d -> 
  custom:scripting/monoscript/fileName/UIParticleUpdater.cs: 64d938919628a112a7e9c9345f1ccb18 -> 
  custom:scripting/monoscript/fileName/NewTestScript.cs: 2eb4416447678e2004e156bd89cd8cbd -> 
  custom:scripting/monoscript/fileName/ParticleSystemExtensions.cs: a9d6841fd486ede512f2bde88014253e -> 
  custom:video-encoder-webm-vp8: eb34c28f22e8b96e1ab97ce403110664 -> 
  custom:audio-decoder-ogg-vorbis: bf7c407c2cedff20999df2af8eb42d56 -> 
  custom:scripting/monoscript/fileName/Misc.cs: 246d9d5aaf21070630ef885fe1125ea2 -> 7ed2e50827551a4e78c69f183dffa2c9
  custom:audio-encoder-webm-vorbis: bf7c407c2cedff20999df2af8eb42d56 -> 
  custom:scripting/monoscript/fileName/MaterialRepository.cs: 128c5f079d59296a900349dfa10fb5ae -> 
  custom:scripting/precompiled-assembly-types:Assembly-CSharp: 5539a435bc8c47a9ef169f3122ff605b -> 72abcff13cd1eb93c15151ed6ddf2d35
========================================================================
Received Prepare
Caller must complete domain reload
Begin MonoManager ReloadAssembly
- Loaded All Assemblies, in  0.479 seconds
Native extension for WindowsStandalone target not found
Mono: successfully reloaded assembly
- Finished resetting the current domain, in  0.980 seconds
Domain Reload Profiling: 1455ms
	BeginReloadAssembly (152ms)
		ExecutionOrderSort (0ms)
		DisableScriptedObjects (5ms)
		BackupInstance (0ms)
		ReleaseScriptingObjects (0ms)
		CreateAndSetChildDomain (28ms)
	RebuildCommonClasses (37ms)
	RebuildNativeTypeToScriptingClass (13ms)
	initialDomainReloadingComplete (33ms)
	LoadAllAssembliesAndSetupDomain (239ms)
		LoadAssemblies (300ms)
		RebuildTransferFunctionScriptingTraits (0ms)
		AnalyzeDomain (25ms)
			TypeCache.Refresh (9ms)
				TypeCache.ScanAssembly (1ms)
			ScanForSourceGeneratedMonoScriptInfo (7ms)
			ResolveRequiredComponents (7ms)
	FinalizeReload (981ms)
		ReleaseScriptCaches (0ms)
		RebuildScriptCaches (0ms)
		SetupLoadedEditorAssemblies (490ms)
			LogAssemblyErrors (0ms)
			InitializePlatformSupportModulesInManaged (7ms)
			SetLoadedEditorAssemblies (5ms)
			RefreshPlugins (0ms)
			BeforeProcessingInitializeOnLoad (94ms)
			ProcessInitializeOnLoadAttributes (352ms)
			ProcessInitializeOnLoadMethodAttributes (21ms)
			AfterProcessingInitializeOnLoad (10ms)
			EditorAssembliesLoaded (0ms)
		ExecutionOrderSort2 (0ms)
		AwakeInstancesAfterBackupRestoration (7ms)
Refreshing native plugins compatible for Editor in 4.30 ms, found 3 plugins.
Preloading 0 native plugins for Editor in 0.00 ms.
Unloading 3135 Unused Serialized files (Serialized files now loaded: 0)
Unloading 14 unused Assets / (28.6 KB). Loaded Objects now: 3790.
Memory consumption went from 120.4 MB to 120.4 MB.
Total: 2.984600 ms (FindLiveObjects: 0.316300 ms CreateObjectMapping: 0.135200 ms MarkObjects: 2.494600 ms  DeleteObjects: 0.037500 ms)

Prepare: number of updated asset objects reloaded= 0
AssetImportParameters requested are different than current active one (requested -> active):
  custom:scripting/monoscript/fileName/CFX_Demo_With_UIParticle.cs: 226f2c5431a3281109d962f41860d8fa -> 
  custom:scripting/monoscript/fileName/SpriteExtensions.cs: d15fc44627372ae38565323b74d7ae12 -> 
  custom:container-demuxer-ogg: 62fdf1f143b41e24485cea50d1cbac27 -> 
  custom:scripting/monoscript/fileName/UIParticle_PerformanceDemo.cs: 4f06c4b31cfbc934f9c8a4cffb890ea0 -> 
  custom:scripting/monoscript/fileName/UIParticleProjectSettings.cs: e67134131661b9872564981966bfc127 -> 
  custom:scripting/monoscript/fileName/UIParticle.cs: 2325898c5f7e7032e1304a953772e3db -> 
  custom:scripting/monoscript/fileName/Vector3Extensions.cs: d2785b660e92dd53626ae8ab3f74eb90 -> 
  custom:video-codec-MediaFoundation-h265: 746d11721c4dcdbdad8f713fa42b33f4 -> 
  custom:scripting/monoscript/fileName/UIExtraCallbacks.cs: 3d3413dbcd53c71899d73ab53a15ba37 -> 
  custom:video-decoder-ogg-theora: a1e56fd34408186e4bbccfd4996cb3dc -> 
  custom:scripting/monoscript/fileName/AnimatableProperty.cs: f35dc87c3f2df1477c8a408b8fbe37b5 -> 
  custom:scripting/monoscript/fileName/AnimatablePropertyEditor.cs: 1d03953670d8e406357019b192662737 -> 
  custom:scripting/monoscript/fileName/UIParticleMenu.cs: a4859bf31ac3affa2499cb7d11d0a844 -> 
  custom:framework-win-MediaFoundation: 216162199b28c13a410421893ffa2e32 -> 
  custom:scripting/monoscript/fileName/CanvasExtensions.cs: dd125fe003e3c2c37c4a99dbb0078950 -> 
  custom:scripting/monoscript/fileName/ComponentExtensions.cs: fb5af0f40f5d66304cb9361270b05072 -> 
  custom:scripting/monoscript/fileName/Logging.cs: 5f2ed8485a56b4e9e53aa65cdef27b10 -> 
  custom:CustomObjectIndexerAttribute: 9a22284fe3817be447336de3de66b15e -> 
  custom:container-demuxer-webm: 4f35f7cbe854078d1ac9338744f61a02 -> 
  custom:scripting/monoscript/fileName/FastAction.cs: 60eb5b7e04daf339f61dca5fd934100f -> dfbe75b66b645b53472915ad2590af11
  custom:scripting/monoscript/fileName/FrameCache.cs: 3dcf885da94f12c1b606c497e398faf9 -> 
  custom:scripting/monoscript/fileName/UIParticleEditor.cs: b6bdab8e4a72b4216e3f0c8f8ed45e99 -> 
  custom:container-muxer-webm: aa71ff27fc2769a1b78a27578f13a17b -> 
  custom:scripting/monoscript/fileName/ObjectRepository.cs: 0cdf409b5aa8d4c25876d72b5c6a3b60 -> 
  custom:scripting/monoscript/fileName/ObjectPool.cs: 0cdf409b5aa8d4c25876d72b5c6a3b60 -> 
  custom:video-decoder-webm-vp8: 9c59270c3fd7afecdb556c50c9e8de78 -> 
  custom:SearchIndexIgnoredProperties: e643bd26f0fe6173181afceb89e7c659 -> 
  custom:scripting/monoscript/fileName/CardPack.cs: c1b5d49f961e6852a391ca0d8a17b35b -> 
  custom:AudioImporter_EditorPlatform: d09bf68614088b80899f8185d706f6e7 -> 
  custom:scripting/monoscript/fileName/UIParticleAttractor.cs: 56646a28f8018ce8d626b6a0b28e5c77 -> 
  custom:scripting/monoscript/fileName/Color32Extensions.cs: 957a68f3e8b649a9394b51c6910ca65a -> 
  custom:scripting/monoscript/fileName/UIParticleRenderer.cs: e7d82b34b2b52af3ee36bf0e1f32e85d -> 
  custom:scripting/monoscript/fileName/UIParticleUpdater.cs: 64d938919628a112a7e9c9345f1ccb18 -> 
  custom:scripting/monoscript/fileName/NewTestScript.cs: 2eb4416447678e2004e156bd89cd8cbd -> 
  custom:scripting/monoscript/fileName/ParticleSystemExtensions.cs: a9d6841fd486ede512f2bde88014253e -> 
  custom:video-encoder-webm-vp8: eb34c28f22e8b96e1ab97ce403110664 -> 
  custom:audio-decoder-ogg-vorbis: bf7c407c2cedff20999df2af8eb42d56 -> 
  custom:scripting/monoscript/fileName/Misc.cs: 246d9d5aaf21070630ef885fe1125ea2 -> 7ed2e50827551a4e78c69f183dffa2c9
  custom:audio-encoder-webm-vorbis: bf7c407c2cedff20999df2af8eb42d56 -> 
  custom:scripting/monoscript/fileName/MaterialRepository.cs: 128c5f079d59296a900349dfa10fb5ae -> 
  custom:scripting/precompiled-assembly-types:Assembly-CSharp: 5539a435bc8c47a9ef169f3122ff605b -> 72abcff13cd1eb93c15151ed6ddf2d35
========================================================================
Received Prepare
Caller must complete domain reload
Begin MonoManager ReloadAssembly
- Loaded All Assemblies, in  0.459 seconds
Native extension for WindowsStandalone target not found
Mono: successfully reloaded assembly
- Finished resetting the current domain, in  1.015 seconds
Domain Reload Profiling: 1470ms
	BeginReloadAssembly (145ms)
		ExecutionOrderSort (0ms)
		DisableScriptedObjects (5ms)
		BackupInstance (0ms)
		ReleaseScriptingObjects (0ms)
		CreateAndSetChildDomain (28ms)
	RebuildCommonClasses (36ms)
	RebuildNativeTypeToScriptingClass (12ms)
	initialDomainReloadingComplete (30ms)
	LoadAllAssembliesAndSetupDomain (232ms)
		LoadAssemblies (300ms)
		RebuildTransferFunctionScriptingTraits (0ms)
		AnalyzeDomain (12ms)
			TypeCache.Refresh (5ms)
				TypeCache.ScanAssembly (0ms)
			ScanForSourceGeneratedMonoScriptInfo (0ms)
			ResolveRequiredComponents (5ms)
	FinalizeReload (1016ms)
		ReleaseScriptCaches (0ms)
		RebuildScriptCaches (0ms)
		SetupLoadedEditorAssemblies (511ms)
			LogAssemblyErrors (0ms)
			InitializePlatformSupportModulesInManaged (9ms)
			SetLoadedEditorAssemblies (6ms)
			RefreshPlugins (0ms)
			BeforeProcessingInitializeOnLoad (103ms)
			ProcessInitializeOnLoadAttributes (366ms)
			ProcessInitializeOnLoadMethodAttributes (22ms)
			AfterProcessingInitializeOnLoad (7ms)
			EditorAssembliesLoaded (0ms)
		ExecutionOrderSort2 (0ms)
		AwakeInstancesAfterBackupRestoration (7ms)
Refreshing native plugins compatible for Editor in 4.44 ms, found 3 plugins.
Preloading 0 native plugins for Editor in 0.00 ms.
Unloading 3135 Unused Serialized files (Serialized files now loaded: 0)
Unloading 14 unused Assets / (28.5 KB). Loaded Objects now: 3793.
Memory consumption went from 120.4 MB to 120.4 MB.
Total: 2.306700 ms (FindLiveObjects: 0.236500 ms CreateObjectMapping: 0.091700 ms MarkObjects: 1.946700 ms  DeleteObjects: 0.030900 ms)

Prepare: number of updated asset objects reloaded= 0
AssetImportParameters requested are different than current active one (requested -> active):
  custom:scripting/monoscript/fileName/CFX_Demo_With_UIParticle.cs: 226f2c5431a3281109d962f41860d8fa -> 
  custom:scripting/monoscript/fileName/SpriteExtensions.cs: d15fc44627372ae38565323b74d7ae12 -> 
  custom:container-demuxer-ogg: 62fdf1f143b41e24485cea50d1cbac27 -> 
  custom:scripting/monoscript/fileName/UIParticle_PerformanceDemo.cs: 4f06c4b31cfbc934f9c8a4cffb890ea0 -> 
  custom:scripting/monoscript/fileName/UIParticleProjectSettings.cs: e67134131661b9872564981966bfc127 -> 
  custom:scripting/monoscript/fileName/UIParticle.cs: 2325898c5f7e7032e1304a953772e3db -> 
  custom:scripting/monoscript/fileName/Vector3Extensions.cs: d2785b660e92dd53626ae8ab3f74eb90 -> 
  custom:video-codec-MediaFoundation-h265: 746d11721c4dcdbdad8f713fa42b33f4 -> 
  custom:scripting/monoscript/fileName/UIExtraCallbacks.cs: 3d3413dbcd53c71899d73ab53a15ba37 -> 
  custom:video-decoder-ogg-theora: a1e56fd34408186e4bbccfd4996cb3dc -> 
  custom:scripting/monoscript/fileName/AnimatableProperty.cs: f35dc87c3f2df1477c8a408b8fbe37b5 -> 
  custom:scripting/monoscript/fileName/AnimatablePropertyEditor.cs: 1d03953670d8e406357019b192662737 -> 
  custom:scripting/monoscript/fileName/UIParticleMenu.cs: a4859bf31ac3affa2499cb7d11d0a844 -> 
  custom:framework-win-MediaFoundation: 216162199b28c13a410421893ffa2e32 -> 
  custom:scripting/monoscript/fileName/CanvasExtensions.cs: dd125fe003e3c2c37c4a99dbb0078950 -> 
  custom:scripting/monoscript/fileName/ComponentExtensions.cs: fb5af0f40f5d66304cb9361270b05072 -> 
  custom:scripting/monoscript/fileName/Logging.cs: 5f2ed8485a56b4e9e53aa65cdef27b10 -> 
  custom:CustomObjectIndexerAttribute: 9a22284fe3817be447336de3de66b15e -> 
  custom:container-demuxer-webm: 4f35f7cbe854078d1ac9338744f61a02 -> 
  custom:scripting/monoscript/fileName/FastAction.cs: 60eb5b7e04daf339f61dca5fd934100f -> dfbe75b66b645b53472915ad2590af11
  custom:scripting/monoscript/fileName/FrameCache.cs: 3dcf885da94f12c1b606c497e398faf9 -> 
  custom:scripting/monoscript/fileName/UIParticleEditor.cs: b6bdab8e4a72b4216e3f0c8f8ed45e99 -> 
  custom:container-muxer-webm: aa71ff27fc2769a1b78a27578f13a17b -> 
  custom:scripting/monoscript/fileName/ObjectRepository.cs: 0cdf409b5aa8d4c25876d72b5c6a3b60 -> 
  custom:scripting/monoscript/fileName/ObjectPool.cs: 0cdf409b5aa8d4c25876d72b5c6a3b60 -> 
  custom:video-decoder-webm-vp8: 9c59270c3fd7afecdb556c50c9e8de78 -> 
  custom:SearchIndexIgnoredProperties: e643bd26f0fe6173181afceb89e7c659 -> 
  custom:scripting/monoscript/fileName/CardPack.cs: c1b5d49f961e6852a391ca0d8a17b35b -> 
  custom:AudioImporter_EditorPlatform: d09bf68614088b80899f8185d706f6e7 -> 
  custom:scripting/monoscript/fileName/UIParticleAttractor.cs: 56646a28f8018ce8d626b6a0b28e5c77 -> 
  custom:scripting/monoscript/fileName/Color32Extensions.cs: 957a68f3e8b649a9394b51c6910ca65a -> 
  custom:scripting/monoscript/fileName/UIParticleRenderer.cs: e7d82b34b2b52af3ee36bf0e1f32e85d -> 
  custom:scripting/monoscript/fileName/UIParticleUpdater.cs: 64d938919628a112a7e9c9345f1ccb18 -> 
  custom:scripting/monoscript/fileName/NewTestScript.cs: 2eb4416447678e2004e156bd89cd8cbd -> 
  custom:scripting/monoscript/fileName/ParticleSystemExtensions.cs: a9d6841fd486ede512f2bde88014253e -> 
  custom:video-encoder-webm-vp8: eb34c28f22e8b96e1ab97ce403110664 -> 
  custom:audio-decoder-ogg-vorbis: bf7c407c2cedff20999df2af8eb42d56 -> 
  custom:scripting/monoscript/fileName/Misc.cs: 246d9d5aaf21070630ef885fe1125ea2 -> 7ed2e50827551a4e78c69f183dffa2c9
  custom:audio-encoder-webm-vorbis: bf7c407c2cedff20999df2af8eb42d56 -> 
  custom:scripting/monoscript/fileName/MaterialRepository.cs: 128c5f079d59296a900349dfa10fb5ae -> 
  custom:scripting/precompiled-assembly-types:Assembly-CSharp: 5539a435bc8c47a9ef169f3122ff605b -> 72abcff13cd1eb93c15151ed6ddf2d35
